ISO-10303-21;
HEADER;
FILE_DESCRIPTION (( 'STEP AP214' ),
    '1' );
FILE_NAME ('NDL15.STEP',
    '2024-01-22T07:48:06',
    ( '' ),
    ( '' ),
    'SwSTEP 2.0',
    'SolidWorks 2021',
    '' );
FILE_SCHEMA (( 'AUTOMOTIVE_DESIGN' ));
ENDSEC;

DATA;
#1 = CARTESIAN_POINT ( 'NONE',  ( -4.725000000000001421, -3.420504516109076132, 1.834999999999999520 ) ) ;
#2 = VECTOR ( 'NONE', #7119, 1000.000000000000000 ) ;
#3 = ORIENTED_EDGE ( 'NONE', *, *, #1427, .F. ) ;
#4 = VERTEX_POINT ( 'NONE', #218 ) ;
#5 = CARTESIAN_POINT ( 'NONE',  ( 6.705000000000000959, -3.260504516109076434, 6.915000000000001812 ) ) ;
#6 = ORIENTED_EDGE ( 'NONE', *, *, #2697, .F. ) ;
#7 = CARTESIAN_POINT ( 'NONE',  ( -0.9149999999999991473, 0.000000000000000000, 6.915000000000000924 ) ) ;
#8 = VECTOR ( 'NONE', #1311, 1000.000000000000000 ) ;
#9 = VECTOR ( 'NONE', #6578, 1000.000000000000000 ) ;
#10 = ORIENTED_EDGE ( 'NONE', *, *, #3590, .F. ) ;
#11 = LINE ( 'NONE', #1904, #3547 ) ;
#12 = DIRECTION ( 'NONE',  ( -1.000000000000000000, -0.000000000000000000, -0.000000000000000000 ) ) ;
#13 = LINE ( 'NONE', #3637, #89 ) ;
#14 = EDGE_CURVE ( 'NONE', #4004, #1674, #3922, .T. ) ;
#15 = ORIENTED_EDGE ( 'NONE', *, *, #3542, .T. ) ;
#16 = DIRECTION ( 'NONE',  ( 0.000000000000000000, 0.000000000000000000, 1.000000000000000000 ) ) ;
#17 =( GEOMETRIC_REPRESENTATION_CONTEXT ( 3 ) GLOBAL_UNCERTAINTY_ASSIGNED_CONTEXT ( ( #5313 ) ) GLOBAL_UNIT_ASSIGNED_CONTEXT ( ( #5784, #4475, #3326 ) ) REPRESENTATION_CONTEXT ( 'NONE', 'WORKASPACE' ) );
#18 = EDGE_CURVE ( 'NONE', #1292, #751, #5837, .T. ) ;
#19 = VERTEX_POINT ( 'NONE', #7833 ) ;
#20 = VERTEX_POINT ( 'NONE', #7746 ) ;
#21 = LINE ( 'NONE', #4965, #7476 ) ;
#22 = EDGE_CURVE ( 'NONE', #7365, #2625, #5458, .T. ) ;
#23 = PRODUCT_DEFINITION_FORMATION_WITH_SPECIFIED_SOURCE ( 'ANY', '', #7296, .NOT_KNOWN. ) ;
#24 = PLANE ( 'NONE',  #3256 ) ;
#25 = DIRECTION ( 'NONE',  ( 0.000000000000000000, 0.000000000000000000, 1.000000000000000000 ) ) ;
#26 = VERTEX_POINT ( 'NONE', #5803 ) ;
#27 = SURFACE_STYLE_FILL_AREA ( #5582 ) ;
#28 = ORIENTED_EDGE ( 'NONE', *, *, #2728, .F. ) ;
#29 = ADVANCED_FACE ( 'NONE', ( #2652 ), #5196, .F. ) ;
#30 = AXIS2_PLACEMENT_3D ( 'NONE', #1064, #2224, #1647 ) ;
#31 = DIRECTION ( 'NONE',  ( 0.000000000000000000, 0.000000000000000000, 1.000000000000000000 ) ) ;
#32 = DIRECTION ( 'NONE',  ( -1.000000000000000000, -0.000000000000000000, -0.000000000000000000 ) ) ;
#33 = ORIENTED_EDGE ( 'NONE', *, *, #732, .T. ) ;
#34 = CARTESIAN_POINT ( 'NONE',  ( -2.185000000000001386, 1.935118803897821982, 0.4049999999999998046 ) ) ;
#35 = VERTEX_POINT ( 'NONE', #5156 ) ;
#36 = VECTOR ( 'NONE', #3857, 1000.000000000000000 ) ;
#37 = VERTEX_POINT ( 'NONE', #5238 ) ;
#38 = AXIS2_PLACEMENT_3D ( 'NONE', #3173, #587, #7443 ) ;
#39 = DIRECTION ( 'NONE',  ( 0.3420201433256687684, -0.9396926207859083169, 0.000000000000000000 ) ) ;
#40 = FILL_AREA_STYLE_COLOUR ( '', #534 ) ;
#41 = CARTESIAN_POINT ( 'NONE',  ( 9.245000000000000995, 0.000000000000000000, 6.715000000000002522 ) ) ;
#42 = FACE_OUTER_BOUND ( 'NONE', #66, .T. ) ;
#43 = CARTESIAN_POINT ( 'NONE',  ( 5.995000000000000107, 1.334386074560374613, 0.2990746116231767227 ) ) ;
#44 = ORIENTED_EDGE ( 'NONE', *, *, #487, .F. ) ;
#45 = AXIS2_PLACEMENT_3D ( 'NONE', #5137, #7100, #859 ) ;
#46 = FACE_OUTER_BOUND ( 'NONE', #7852, .T. ) ;
#47 = EDGE_LOOP ( 'NONE', ( #6252, #3025, #1613, #7092 ) ) ;
#48 = DIRECTION ( 'NONE',  ( -1.000000000000000000, -0.000000000000000000, -0.000000000000000000 ) ) ;
#49 = ORIENTED_EDGE ( 'NONE', *, *, #7309, .F. ) ;
#50 = VECTOR ( 'NONE', #6785, 1000.000000000000000 ) ;
#51 = CARTESIAN_POINT ( 'NONE',  ( -7.974999999999999645, 1.935118803897821982, 0.4049999999999995826 ) ) ;
#52 = EDGE_CURVE ( 'NONE', #7249, #182, #4009, .T. ) ;
#53 = CARTESIAN_POINT ( 'NONE',  ( -7.974999999999999645, -3.420504516109077908, 2.244999999999999218 ) ) ;
#54 = LINE ( 'NONE', #3967, #5082 ) ;
#55 = ORIENTED_EDGE ( 'NONE', *, *, #4198, .F. ) ;
#56 = CARTESIAN_POINT ( 'NONE',  ( 0.3549999999999994271, 1.935118803897821982, 0.4049999999999999711 ) ) ;
#57 = VECTOR ( 'NONE', #1316, 1000.000000000000000 ) ;
#58 = ORIENTED_EDGE ( 'NONE', *, *, #5014, .T. ) ;
#59 = ORIENTED_EDGE ( 'NONE', *, *, #4053, .F. ) ;
#60 = CARTESIAN_POINT ( 'NONE',  ( 6.705000000000000959, -3.809999999999997389, 7.325000000000001066 ) ) ;
#61 = CARTESIAN_POINT ( 'NONE',  ( 2.894999999999999130, 3.200000000000001954, -0.2049999999999995437 ) ) ;
#62 = PLANE ( 'NONE',  #3518 ) ;
#63 = LINE ( 'NONE', #1340, #7702 ) ;
#64 = EDGE_CURVE ( 'NONE', #482, #2165, #6504, .T. ) ;
#65 = ORIENTED_EDGE ( 'NONE', *, *, #3820, .T. ) ;
#66 = EDGE_LOOP ( 'NONE', ( #2215, #1169, #2592, #1498 ) ) ;
#67 = FACE_OUTER_BOUND ( 'NONE', #4180, .T. ) ;
#68 = ORIENTED_EDGE ( 'NONE', *, *, #4000, .T. ) ;
#69 = ADVANCED_FACE ( 'NONE', ( #5881 ), #2772, .F. ) ;
#70 = VECTOR ( 'NONE', #5705, 1000.000000000000114 ) ;
#71 = DIRECTION ( 'NONE',  ( 0.000000000000000000, 0.000000000000000000, 1.000000000000000000 ) ) ;
#72 = VECTOR ( 'NONE', #5723, 1000.000000000000000 ) ;
#73 = DIRECTION ( 'NONE',  ( -1.000000000000000000, -0.000000000000000000, 0.000000000000000000 ) ) ;
#74 = LINE ( 'NONE', #7558, #2066 ) ;
#75 = EDGE_CURVE ( 'NONE', #5588, #4981, #5332, .T. ) ;
#76 = DIRECTION ( 'NONE',  ( -1.000000000000000000, -0.000000000000000000, -0.000000000000000000 ) ) ;
#77 = DIRECTION ( 'NONE',  ( 0.000000000000000000, 0.000000000000000000, 1.000000000000000000 ) ) ;
#78 = EDGE_CURVE ( 'NONE', #4832, #5674, #913, .T. ) ;
#79 = CIRCLE ( 'NONE', #2971, 0.6099999999999989875 ) ;
#80 = EDGE_CURVE ( 'NONE', #1820, #854, #302, .T. ) ;
#81 = ORIENTED_EDGE ( 'NONE', *, *, #6511, .T. ) ;
#82 = CARTESIAN_POINT ( 'NONE',  ( -7.265000000000000568, 1.935118803897821982, 0.4049999999999995826 ) ) ;
#83 = CYLINDRICAL_SURFACE ( 'NONE', #5787, 0.6099999999999989875 ) ;
#84 = AXIS2_PLACEMENT_3D ( 'NONE', #5048, #1177, #611 ) ;
#85 = CARTESIAN_POINT ( 'NONE',  ( 2.894999999999999130, 1.935118803897821982, 0.4050000000000000822 ) ) ;
#86 = CARTESIAN_POINT ( 'NONE',  ( 1.114999999999999769, -3.809999999999997389, 7.325000000000001066 ) ) ;
#87 = CARTESIAN_POINT ( 'NONE',  ( -7.265000000000000568, 0.000000000000000000, 1.835000000000000187 ) ) ;
#88 = ORIENTED_EDGE ( 'NONE', *, *, #4283, .F. ) ;
#89 = VECTOR ( 'NONE', #7374, 1000.000000000000000 ) ;
#90 = DIRECTION ( 'NONE',  ( 0.000000000000000000, 0.000000000000000000, 1.000000000000000000 ) ) ;
#91 = ORIENTED_EDGE ( 'NONE', *, *, #4655, .T. ) ;
#92 = FACE_OUTER_BOUND ( 'NONE', #7199, .T. ) ;
#93 = ORIENTED_EDGE ( 'NONE', *, *, #7050, .T. ) ;
#94 = VECTOR ( 'NONE', #6038, 1000.000000000000000 ) ;
#95 = DIRECTION ( 'NONE',  ( 0.000000000000000000, -0.9848077530122092416, -0.1736481776669237254 ) ) ;
#96 = CYLINDRICAL_SURFACE ( 'NONE', #3044, 0.2000000000000003164 ) ;
#97 = CARTESIAN_POINT ( 'NONE',  ( -4.725000000000001421, 3.200000000000001954, 0.2049999999999997380 ) ) ;
#98 = ORIENTED_EDGE ( 'NONE', *, *, #3392, .T. ) ;
#99 = ORIENTED_EDGE ( 'NONE', *, *, #4107, .T. ) ;
#100 = DIRECTION ( 'NONE',  ( -0.000000000000000000, -0.000000000000000000, 1.000000000000000000 ) ) ;
#101 = AXIS2_PLACEMENT_3D ( 'NONE', #7266, #4116, #941 ) ;
#102 = EDGE_CURVE ( 'NONE', #5052, #1245, #753, .T. ) ;
#103 = ORIENTED_EDGE ( 'NONE', *, *, #4047, .T. ) ;
#104 = VERTEX_POINT ( 'NONE', #7949 ) ;
#105 = PLANE ( 'NONE',  #6827 ) ;
#106 = LINE ( 'NONE', #724, #3916 ) ;
#107 = LINE ( 'NONE', #2748, #3109 ) ;
#108 = ORIENTED_EDGE ( 'NONE', *, *, #7255, .T. ) ;
#109 = EDGE_CURVE ( 'NONE', #5611, #7058, #2892, .T. ) ;
#110 = EDGE_LOOP ( 'NONE', ( #10, #5331, #3876, #870, #7336, #3059, #8084, #4650, #3227, #6858, #4766, #4480 ) ) ;
#111 = FACE_OUTER_BOUND ( 'NONE', #3401, .T. ) ;
#112 = DIRECTION ( 'NONE',  ( 0.000000000000000000, 0.000000000000000000, 1.000000000000000000 ) ) ;
#113 = CARTESIAN_POINT ( 'NONE',  ( 0.3549999999999994271, 3.200000000000001954, 0.2049999999999999600 ) ) ;
#114 = PLANE ( 'NONE',  #8069 ) ;
#115 = EDGE_CURVE ( 'NONE', #7715, #5481, #5359, .T. ) ;
#116 =( NAMED_UNIT ( * ) PLANE_ANGLE_UNIT ( ) SI_UNIT ( $, .RADIAN. ) );
#117 = ORIENTED_EDGE ( 'NONE', *, *, #6865, .T. ) ;
#118 = VERTEX_POINT ( 'NONE', #1656 ) ;
#119 = ORIENTED_EDGE ( 'NONE', *, *, #2861, .T. ) ;
#120 = EDGE_CURVE ( 'NONE', #5113, #5494, #6122, .T. ) ;
#121 = CARTESIAN_POINT ( 'NONE',  ( 6.705000000000000959, 0.000000000000000000, 6.715000000000002522 ) ) ;
#122 = SURFACE_STYLE_USAGE ( .BOTH. , #5749 ) ;
#123 = EDGE_CURVE ( 'NONE', #4957, #2719, #3470, .T. ) ;
#124 = EDGE_CURVE ( 'NONE', #4213, #7433, #1728, .T. ) ;
#125 = DIRECTION ( 'NONE',  ( -1.000000000000000000, -0.000000000000000000, -0.000000000000000000 ) ) ;
#126 = DIRECTION ( 'NONE',  ( 0.000000000000000000, -1.000000000000000000, -1.285735975631406781E-16 ) ) ;
#127 = CIRCLE ( 'NONE', #1173, 0.6099999999999985434 ) ;
#128 = ORIENTED_EDGE ( 'NONE', *, *, #1665, .F. ) ;
#129 = DIRECTION ( 'NONE',  ( -1.000000000000000000, -0.000000000000000000, -0.000000000000000000 ) ) ;
#130 = EDGE_LOOP ( 'NONE', ( #3985, #1509, #5416, #6007, #6376, #5694, #2526, #1314, #4532, #1590, #2337, #3359 ) ) ;
#131 = ORIENTED_EDGE ( 'NONE', *, *, #813, .F. ) ;
#132 = AXIS2_PLACEMENT_3D ( 'NONE', #5987, #2374, #5455 ) ;
#133 = CARTESIAN_POINT ( 'NONE',  ( 4.165000000000000924, 0.000000000000000000, 6.915000000000001812 ) ) ;
#134 = DIRECTION ( 'NONE',  ( 0.000000000000000000, -1.000000000000000000, -1.285735975631406781E-16 ) ) ;
#135 = CARTESIAN_POINT ( 'NONE',  ( 0.3549999999999994271, -3.420504516109076132, 2.244999999999999662 ) ) ;
#136 = STYLED_ITEM ( 'NONE', ( #3747 ), #2331 ) ;
#137 = EDGE_CURVE ( 'NONE', #2793, #4840, #3883, .T. ) ;
#138 = FACE_OUTER_BOUND ( 'NONE', #3754, .T. ) ;
#139 = DIRECTION ( 'NONE',  ( -0.000000000000000000, -0.000000000000000000, 1.000000000000000000 ) ) ;
#140 = VERTEX_POINT ( 'NONE', #6590 ) ;
#141 = LINE ( 'NONE', #1499, #4808 ) ;
#142 = MECHANICAL_DESIGN_GEOMETRIC_PRESENTATION_REPRESENTATION (  '', ( #1324 ), #6967 ) ;
#143 = VECTOR ( 'NONE', #6086, 1000.000000000000000 ) ;
#144 = ORIENTED_EDGE ( 'NONE', *, *, #4229, .T. ) ;
#145 = ORIENTED_EDGE ( 'NONE', *, *, #2231, .F. ) ;
#146 = DIRECTION ( 'NONE',  ( 0.000000000000000000, -1.000000000000000000, -2.571471951262813563E-16 ) ) ;
#147 = DIRECTION ( 'NONE',  ( 0.000000000000000000, 0.000000000000000000, 1.000000000000000000 ) ) ;
#148 = CARTESIAN_POINT ( 'NONE',  ( 8.734999999999999432, -3.809999999999997389, 7.325000000000001066 ) ) ;
#149 = VERTEX_POINT ( 'NONE', #7875 ) ;
#150 = ORIENTED_EDGE ( 'NONE', *, *, #3372, .T. ) ;
#151 = ORIENTED_EDGE ( 'NONE', *, *, #2274, .T. ) ;
#152 = LINE ( 'NONE', #5219, #5019 ) ;
#153 = CIRCLE ( 'NONE', #294, 0.1999999999999996503 ) ;
#154 = AXIS2_PLACEMENT_3D ( 'NONE', #1700, #1127, #2984 ) ;
#155 = ORIENTED_EDGE ( 'NONE', *, *, #5610, .F. ) ;
#156 = CARTESIAN_POINT ( 'NONE',  ( -8.534999999999998366, 1.738157253295379956, 0.3702703644666149319 ) ) ;
#157 = CARTESIAN_POINT ( 'NONE',  ( 8.535000000000000142, 1.935118803897821982, 0.4050000000000005262 ) ) ;
#158 = EDGE_CURVE ( 'NONE', #6094, #5632, #2931, .T. ) ;
#159 = CARTESIAN_POINT ( 'NONE',  ( -2.185000000000001386, 1.447135020849696474, 0.03897837839542846183 ) ) ;
#160 = CARTESIAN_POINT ( 'NONE',  ( -2.185000000000001386, 1.447135020849696696, 0.03897837839542835081 ) ) ;
#161 = ORIENTED_EDGE ( 'NONE', *, *, #5457, .T. ) ;
#162 = ORIENTED_EDGE ( 'NONE', *, *, #2901, .F. ) ;
#163 = LINE ( 'NONE', #2635, #686 ) ;
#164 = ADVANCED_FACE ( 'NONE', ( #4742 ), #3622, .F. ) ;
#165 = SURFACE_STYLE_FILL_AREA ( #6371 ) ;
#166 = DIRECTION ( 'NONE',  ( -0.000000000000000000, -0.000000000000000000, 1.000000000000000000 ) ) ;
#167 = LINE ( 'NONE', #5875, #4510 ) ;
#168 = ADVANCED_FACE ( 'NONE', ( #463 ), #4898, .F. ) ;
#169 = VECTOR ( 'NONE', #5072, 1000.000000000000000 ) ;
#170 = LINE ( 'NONE', #5069, #6172 ) ;
#171 = VERTEX_POINT ( 'NONE', #4131 ) ;
#172 = EDGE_CURVE ( 'NONE', #5941, #6823, #7915, .T. ) ;
#173 = ORIENTED_EDGE ( 'NONE', *, *, #8045, .T. ) ;
#174 = DIRECTION ( 'NONE',  ( -1.000000000000000000, -0.000000000000000000, -0.000000000000000000 ) ) ;
#175 = ORIENTED_EDGE ( 'NONE', *, *, #4292, .F. ) ;
#176 = EDGE_CURVE ( 'NONE', #5588, #7197, #5474, .T. ) ;
#177 = DIRECTION ( 'NONE',  ( -0.000000000000000000, 0.6000354452533958050, -0.7999734148329924466 ) ) ;
#178 = CARTESIAN_POINT ( 'NONE',  ( -2.185000000000001386, 1.935118803897821982, 0.4049999999999998046 ) ) ;
#179 = UNCERTAINTY_MEASURE_WITH_UNIT (LENGTH_MEASURE( 1.000000000000000082E-05 ), #6813, 'distance_accuracy_value', 'NONE');
#180 = VECTOR ( 'NONE', #4695, 1000.000000000000000 ) ;
#181 = CARTESIAN_POINT ( 'NONE',  ( -7.974999999999999645, 3.200000000000001954, 0.2049999999999996270 ) ) ;
#182 = VERTEX_POINT ( 'NONE', #5435 ) ;
#183 = CARTESIAN_POINT ( 'NONE',  ( 5.434999999999998721, 1.447135020849696474, 0.03897837839542881572 ) ) ;
#184 = EDGE_CURVE ( 'NONE', #6726, #3605, #7287, .T. ) ;
#185 = VECTOR ( 'NONE', #5585, 1000.000000000000000 ) ;
#186 = ORIENTED_EDGE ( 'NONE', *, *, #7198, .F. ) ;
#187 = VERTEX_POINT ( 'NONE', #1765 ) ;
#188 = FACE_OUTER_BOUND ( 'NONE', #7178, .T. ) ;
#189 = LINE ( 'NONE', #7628, #1992 ) ;
#190 = FACE_OUTER_BOUND ( 'NONE', #2411, .T. ) ;
#191 = AXIS2_PLACEMENT_3D ( 'NONE', #6111, #8051, #8012 ) ;
#192 = CARTESIAN_POINT ( 'NONE',  ( -2.695000000000002061, -3.969999999999997087, 2.244999999999999662 ) ) ;
#193 = VERTEX_POINT ( 'NONE', #4823 ) ;
#194 = ORIENTED_EDGE ( 'NONE', *, *, #525, .F. ) ;
#195 = ORIENTED_EDGE ( 'NONE', *, *, #4597, .T. ) ;
#196 = CARTESIAN_POINT ( 'NONE',  ( -3.454999999999999627, -3.260504516109076434, 7.325000000000000178 ) ) ;
#197 = VERTEX_POINT ( 'NONE', #5966 ) ;
#198 = PLANE ( 'NONE',  #6164 ) ;
#199 = DIRECTION ( 'NONE',  ( 0.000000000000000000, 1.000000000000000000, 2.571471951262813563E-16 ) ) ;
#200 = DIRECTION ( 'NONE',  ( -1.000000000000000000, -0.000000000000000000, -0.000000000000000000 ) ) ;
#201 = DIRECTION ( 'NONE',  ( -1.000000000000000000, -0.000000000000000000, -0.000000000000000000 ) ) ;
#202 = ADVANCED_FACE ( 'NONE', ( #4858 ), #7244, .T. ) ;
#203 = DIRECTION ( 'NONE',  ( -0.000000000000000000, 1.000000000000000000, 1.285735975631406781E-16 ) ) ;
#204 = VECTOR ( 'NONE', #4206, 1000.000000000000000 ) ;
#205 = VERTEX_POINT ( 'NONE', #2234 ) ;
#206 = ADVANCED_FACE ( 'NONE', ( #346 ), #2393, .T. ) ;
#207 = VECTOR ( 'NONE', #4988, 1000.000000000000114 ) ;
#208 = CYLINDRICAL_SURFACE ( 'NONE', #3177, 0.6099999999999997646 ) ;
#209 = LINE ( 'NONE', #2723, #3165 ) ;
#210 = PLANE ( 'NONE',  #4952 ) ;
#211 = CARTESIAN_POINT ( 'NONE',  ( -4.725000000000001421, -3.420504516109076132, 2.244999999999999662 ) ) ;
#212 = VECTOR ( 'NONE', #3791, 1000.000000000000000 ) ;
#213 = DIRECTION ( 'NONE',  ( -0.3420201433256698231, 0.9396926207859079838, 2.053031296573661856E-16 ) ) ;
#214 = ORIENTED_EDGE ( 'NONE', *, *, #6558, .F. ) ;
#215 = ORIENTED_EDGE ( 'NONE', *, *, #6733, .T. ) ;
#216 = VECTOR ( 'NONE', #767, 1000.000000000000000 ) ;
#217 = CARTESIAN_POINT ( 'NONE',  ( -7.265000000000000568, 0.000000000000000000, 2.244999999999999662 ) ) ;
#218 = CARTESIAN_POINT ( 'NONE',  ( 4.165000000000000924, -3.260504516109076434, 6.915000000000001812 ) ) ;
#219 = CARTESIAN_POINT ( 'NONE',  ( 1.625000000000001332, 0.000000000000000000, 7.325000000000001066 ) ) ;
#220 = CARTESIAN_POINT ( 'NONE',  ( 4.724999999999999645, 1.935118803897821982, 0.2049999999999998768 ) ) ;
#221 = CIRCLE ( 'NONE', #4820, 0.1999999999999996503 ) ;
#222 = DIRECTION ( 'NONE',  ( 0.000000000000000000, 0.000000000000000000, 1.000000000000000000 ) ) ;
#223 = ORIENTED_EDGE ( 'NONE', *, *, #3948, .F. ) ;
#224 = ORIENTED_EDGE ( 'NONE', *, *, #3332, .F. ) ;
#225 = CARTESIAN_POINT ( 'NONE',  ( 0.9150000000000009237, 3.200000000000001954, 0.2049999999999999600 ) ) ;
#226 = ADVANCED_FACE ( 'NONE', ( #2859 ), #7281, .F. ) ;
#227 = EDGE_LOOP ( 'NONE', ( #5100, #1406, #8092, #103 ) ) ;
#228 = EDGE_CURVE ( 'NONE', #398, #19, #3210, .T. ) ;
#229 = ORIENTED_EDGE ( 'NONE', *, *, #7981, .T. ) ;
#230 = CARTESIAN_POINT ( 'NONE',  ( 5.995000000000000107, 3.200000000000001954, 0.2050000000000002098 ) ) ;
#231 = SURFACE_STYLE_FILL_AREA ( #7586 ) ;
#232 = EDGE_CURVE ( 'NONE', #8047, #7490, #582, .T. ) ;
#233 = CARTESIAN_POINT ( 'NONE',  ( 3.455000000000000515, 1.935118803897821982, 0.4050000000000003042 ) ) ;
#234 = EDGE_LOOP ( 'NONE', ( #5661, #3483, #5624, #3735 ) ) ;
#235 = AXIS2_PLACEMENT_3D ( 'NONE', #7303, #7381, #4882 ) ;
#236 = LINE ( 'NONE', #7090, #7426 ) ;
#237 = ORIENTED_EDGE ( 'NONE', *, *, #2497, .F. ) ;
#238 = ORIENTED_EDGE ( 'NONE', *, *, #6005, .F. ) ;
#239 = ORIENTED_EDGE ( 'NONE', *, *, #7717, .F. ) ;
#240 =( LENGTH_UNIT ( ) NAMED_UNIT ( * ) SI_UNIT ( .MILLI., .METRE. ) );
#241 = EDGE_LOOP ( 'NONE', ( #6878, #2275, #2039, #2508, #2866, #5978, #4986, #2687, #3113, #6866, #214, #7768 ) ) ;
#242 = PLANE ( 'NONE',  #2633 ) ;
#243 = DIRECTION ( 'NONE',  ( -0.000000000000000000, -0.000000000000000000, 1.000000000000000000 ) ) ;
#244 = DIRECTION ( 'NONE',  ( 0.000000000000000000, 0.000000000000000000, 1.000000000000000000 ) ) ;
#245 = DIRECTION ( 'NONE',  ( 0.000000000000000000, 0.000000000000000000, 1.000000000000000000 ) ) ;
#246 = DIRECTION ( 'NONE',  ( 0.000000000000000000, 0.000000000000000000, 1.000000000000000000 ) ) ;
#247 = FILL_AREA_STYLE ('',( #7862 ) ) ;
#248 = ORIENTED_EDGE ( 'NONE', *, *, #3899, .T. ) ;
#249 = DIRECTION ( 'NONE',  ( 0.000000000000000000, 0.000000000000000000, 1.000000000000000000 ) ) ;
#250 = CARTESIAN_POINT ( 'NONE',  ( 7.974999999999999645, 1.935118803897821982, 0.4050000000000003042 ) ) ;
#251 = DIRECTION ( 'NONE',  ( -1.000000000000000000, -0.000000000000000000, -0.000000000000000000 ) ) ;
#252 = FACE_OUTER_BOUND ( 'NONE', #7928, .T. ) ;
#253 = EDGE_CURVE ( 'NONE', #7872, #1225, #6284, .T. ) ;
#254 = LINE ( 'NONE', #2229, #937 ) ;
#255 = ORIENTED_EDGE ( 'NONE', *, *, #2038, .T. ) ;
#256 = ORIENTED_EDGE ( 'NONE', *, *, #3698, .F. ) ;
#257 = LINE ( 'NONE', #874, #1220 ) ;
#258 = DIRECTION ( 'NONE',  ( 0.000000000000000000, 0.000000000000000000, 1.000000000000000000 ) ) ;
#259 = CARTESIAN_POINT ( 'NONE',  ( 4.165000000000000924, -3.260504516109076434, 0.4050000000000003042 ) ) ;
#260 = VECTOR ( 'NONE', #4549, 1000.000000000000000 ) ;
#261 = DIRECTION ( 'NONE',  ( -0.000000000000000000, 1.000000000000000000, 0.000000000000000000 ) ) ;
#262 = EDGE_CURVE ( 'NONE', #2868, #2217, #4285, .T. ) ;
#263 = DIRECTION ( 'NONE',  ( -1.000000000000000000, -0.000000000000000000, -0.000000000000000000 ) ) ;
#264 = EDGE_LOOP ( 'NONE', ( #7461, #5356, #367, #2856 ) ) ;
#265 = CARTESIAN_POINT ( 'NONE',  ( -8.534999999999998366, 3.200000000000001954, 0.2049999999999995159 ) ) ;
#266 = AXIS2_PLACEMENT_3D ( 'NONE', #5295, #1558, #7856 ) ;
#267 = ORIENTED_EDGE ( 'NONE', *, *, #6749, .T. ) ;
#268 = ORIENTED_EDGE ( 'NONE', *, *, #7923, .F. ) ;
#269 = DIRECTION ( 'NONE',  ( 0.000000000000000000, 0.000000000000000000, -1.000000000000000000 ) ) ;
#270 = ADVANCED_FACE ( 'NONE', ( #3661 ), #3746, .F. ) ;
#271 = CARTESIAN_POINT ( 'NONE',  ( -2.185000000000001386, 1.935118803897821982, -0.2049999999999999045 ) ) ;
#272 = CARTESIAN_POINT ( 'NONE',  ( 4.724999999999999645, 1.935118803897821982, 0.4050000000000001932 ) ) ;
#273 = VERTEX_POINT ( 'NONE', #1895 ) ;
#274 = CARTESIAN_POINT ( 'NONE',  ( 5.995000000000000107, 1.935118803897821982, 0.4050000000000004152 ) ) ;
#275 = VECTOR ( 'NONE', #7617, 1000.000000000000000 ) ;
#276 = EDGE_CURVE ( 'NONE', #149, #7581, #4400, .T. ) ;
#277 = EDGE_LOOP ( 'NONE', ( #1798, #3521, #4524, #3089, #2250, #7813, #4160, #3612, #1405, #717, #6739, #7723 ) ) ;
#278 = VERTEX_POINT ( 'NONE', #5667 ) ;
#279 = ADVANCED_FACE ( 'NONE', ( #2478 ), #1238, .F. ) ;
#280 = DIRECTION ( 'NONE',  ( -0.000000000000000000, 0.6000354452533958050, -0.7999734148329924466 ) ) ;
#281 = ORIENTED_EDGE ( 'NONE', *, *, #1587, .F. ) ;
#282 = CARTESIAN_POINT ( 'NONE',  ( -0.9149999999999991473, 1.935118803897821982, 0.4050000000000000266 ) ) ;
#283 = VECTOR ( 'NONE', #3617, 1000.000000000000114 ) ;
#284 = COLOUR_RGB ( '',0.7921568627450980005, 0.8196078431372548767, 0.9333333333333333481 ) ;
#285 = LINE ( 'NONE', #6099, #4621 ) ;
#286 = LINE ( 'NONE', #2797, #5483 ) ;
#287 = DIRECTION ( 'NONE',  ( 0.3420201433256698231, -0.9396926207859079838, -1.026515648286830928E-16 ) ) ;
#288 = PLANE ( 'NONE',  #1131 ) ;
#289 = VECTOR ( 'NONE', #6900, 1000.000000000000000 ) ;
#290 = ORIENTED_EDGE ( 'NONE', *, *, #1515, .F. ) ;
#291 = ADVANCED_FACE ( 'NONE', ( #6909 ), #8073, .F. ) ;
#292 = DIRECTION ( 'NONE',  ( -0.000000000000000000, 0.6000354452533958050, -0.7999734148329924466 ) ) ;
#293 = DIRECTION ( 'NONE',  ( -1.000000000000000000, -0.000000000000000000, 0.000000000000000000 ) ) ;
#294 = AXIS2_PLACEMENT_3D ( 'NONE', #3156, #6152, #5619 ) ;
#295 = DIRECTION ( 'NONE',  ( 0.000000000000000000, 0.000000000000000000, -1.000000000000000000 ) ) ;
#296 = CARTESIAN_POINT ( 'NONE',  ( 1.625000000000001332, 3.200000000000001954, -0.2049999999999996547 ) ) ;
#297 = UNCERTAINTY_MEASURE_WITH_UNIT (LENGTH_MEASURE( 1.000000000000000082E-05 ), #2192, 'distance_accuracy_value', 'NONE');
#298 = CARTESIAN_POINT ( 'NONE',  ( 0.000000000000000000, 18.03000000000000114, -2.250000000000001332 ) ) ;
#299 = ORIENTED_EDGE ( 'NONE', *, *, #2330, .T. ) ;
#300 = EDGE_LOOP ( 'NONE', ( #7074, #7279, #6956, #3917, #322, #5530 ) ) ;
#301 = CARTESIAN_POINT ( 'NONE',  ( 0.3549999999999994271, 1.935118803897821982, 0.4049999999999999711 ) ) ;
#302 = LINE ( 'NONE', #4701, #6233 ) ;
#303 = DIRECTION ( 'NONE',  ( 0.000000000000000000, -1.285735975631406781E-16, 1.000000000000000000 ) ) ;
#304 = PLANE ( 'NONE',  #4646 ) ;
#305 = CIRCLE ( 'NONE', #7797, 0.6099999999999998757 ) ;
#306 = DIRECTION ( 'NONE',  ( 0.000000000000000000, 1.092395136005547166E-16, -1.000000000000000000 ) ) ;
#307 = CARTESIAN_POINT ( 'NONE',  ( 10.00558854930149622, 2.902975353681892301, -2.214071617261453628 ) ) ;
#308 = AXIS2_PLACEMENT_3D ( 'NONE', #5699, #1388, #6403 ) ;
#309 = ORIENTED_EDGE ( 'NONE', *, *, #2644, .T. ) ;
#310 = ADVANCED_FACE ( 'NONE', ( #4324 ), #701, .F. ) ;
#311 = DIRECTION ( 'NONE',  ( -0.9396926207859084279, -0.3420201433256688794, 0.000000000000000000 ) ) ;
#312 = VERTEX_POINT ( 'NONE', #662 ) ;
#313 = AXIS2_PLACEMENT_3D ( 'NONE', #7878, #1041, #1116 ) ;
#314 = FACE_OUTER_BOUND ( 'NONE', #791, .T. ) ;
#315 = CARTESIAN_POINT ( 'NONE',  ( 3.455000000000000515, 0.000000000000000000, 6.915000000000001812 ) ) ;
#316 = DIRECTION ( 'NONE',  ( -0.000000000000000000, 0.1736481776669237531, -0.9848077530122092416 ) ) ;
#317 = ORIENTED_EDGE ( 'NONE', *, *, #4390, .T. ) ;
#318 = CARTESIAN_POINT ( 'NONE',  ( 6.705000000000000959, 0.6007327293374460364, 6.820925388376825715 ) ) ;
#319 = VECTOR ( 'NONE', #2310, 1000.000000000000114 ) ;
#320 = ORIENTED_EDGE ( 'NONE', *, *, #7641, .F. ) ;
#321 = ORIENTED_EDGE ( 'NONE', *, *, #1628, .T. ) ;
#322 = ORIENTED_EDGE ( 'NONE', *, *, #3781, .F. ) ;
#323 = PLANE ( 'NONE',  #2014 ) ;
#324 = VECTOR ( 'NONE', #1666, 1000.000000000000000 ) ;
#325 = LINE ( 'NONE', #3567, #2341 ) ;
#326 = DIRECTION ( 'NONE',  ( -1.000000000000000000, -0.000000000000000000, 0.000000000000000000 ) ) ;
#327 = CARTESIAN_POINT ( 'NONE',  ( -0.9149999999999991473, 1.935118803897821982, -0.2049999999999999045 ) ) ;
#328 = EDGE_CURVE ( 'NONE', #7701, #507, #3168, .T. ) ;
#329 = PLANE ( 'NONE',  #7235 ) ;
#330 = ORIENTED_EDGE ( 'NONE', *, *, #6705, .F. ) ;
#331 = EDGE_CURVE ( 'NONE', #4617, #1969, #1279, .T. ) ;
#332 = ORIENTED_EDGE ( 'NONE', *, *, #6855, .F. ) ;
#333 = EDGE_CURVE ( 'NONE', #7756, #7512, #7602, .T. ) ;
#334 = LINE ( 'NONE', #4122, #3980 ) ;
#335 = CARTESIAN_POINT ( 'NONE',  ( -2.895000000000000906, 3.200000000000001954, -0.2049999999999997380 ) ) ;
#336 = CARTESIAN_POINT ( 'NONE',  ( 0.3549999999999994271, -3.969999999999997087, 1.834999999999999520 ) ) ;
#337 = CARTESIAN_POINT ( 'NONE',  ( 4.924999999999998934, -3.969999999999997087, 2.245000000000000107 ) ) ;
#338 = EDGE_CURVE ( 'NONE', #7892, #5220, #4366, .T. ) ;
#340 = EDGE_CURVE ( 'NONE', #2049, #2028, #624, .T. ) ;
#339 = VECTOR ( 'NONE', #7784, 1000.000000000000000 ) ;
#341 = DIRECTION ( 'NONE',  ( 0.000000000000000000, -0.1736481776669237254, 0.9848077530122092416 ) ) ;
#342 = AXIS2_PLACEMENT_3D ( 'NONE', #6596, #2937, #7206 ) ;
#343 = VERTEX_POINT ( 'NONE', #3708 ) ;
#344 = ORIENTED_EDGE ( 'NONE', *, *, #5797, .T. ) ;
#345 = FACE_OUTER_BOUND ( 'NONE', #3524, .T. ) ;
#346 = FACE_OUTER_BOUND ( 'NONE', #1625, .T. ) ;
#347 = VECTOR ( 'NONE', #3008, 1000.000000000000000 ) ;
#348 = FACE_OUTER_BOUND ( 'NONE', #3668, .T. ) ;
#349 = AXIS2_PLACEMENT_3D ( 'NONE', #6949, #2608, #1518 ) ;
#350 = LINE ( 'NONE', #2320, #5950 ) ;
#351 = CARTESIAN_POINT ( 'NONE',  ( -9.457469475936957082, 3.200000000000002398, 2.249999999999999556 ) ) ;
#352 = DIRECTION ( 'NONE',  ( 0.000000000000000000, 0.000000000000000000, 1.000000000000000000 ) ) ;
#353 = AXIS2_PLACEMENT_3D ( 'NONE', #2046, #7174, #2623 ) ;
#354 = ORIENTED_EDGE ( 'NONE', *, *, #331, .F. ) ;
#355 = CARTESIAN_POINT ( 'NONE',  ( 7.974999999999999645, -3.420504516109076132, 2.245000000000000107 ) ) ;
#356 = VERTEX_POINT ( 'NONE', #5063 ) ;
#357 = CIRCLE ( 'NONE', #4298, 0.2000000000000002609 ) ;
#358 = CYLINDRICAL_SURFACE ( 'NONE', #3941, 0.2000000000000003719 ) ;
#359 = VECTOR ( 'NONE', #6926, 1000.000000000000000 ) ;
#360 = DIRECTION ( 'NONE',  ( 0.000000000000000000, 1.000000000000000000, 1.285735975631406781E-16 ) ) ;
#361 = VERTEX_POINT ( 'NONE', #6203 ) ;
#362 = CARTESIAN_POINT ( 'NONE',  ( 7.464999999999998970, -3.969999999999997087, 2.245000000000000107 ) ) ;
#363 = EDGE_CURVE ( 'NONE', #3926, #6458, #1934, .T. ) ;
#364 = VECTOR ( 'NONE', #1271, 1000.000000000000000 ) ;
#365 = ORIENTED_EDGE ( 'NONE', *, *, #2043, .F. ) ;
#366 = ORIENTED_EDGE ( 'NONE', *, *, #5143, .F. ) ;
#367 = ORIENTED_EDGE ( 'NONE', *, *, #2852, .F. ) ;
#368 = CARTESIAN_POINT ( 'NONE',  ( 2.184999999999999609, 1.935118803897821982, -0.2049999999999997102 ) ) ;
#369 = AXIS2_PLACEMENT_3D ( 'NONE', #3608, #370, #6109 ) ;
#370 = DIRECTION ( 'NONE',  ( 0.000000000000000000, -2.184790272011094332E-16, 1.000000000000000000 ) ) ;
#371 = CARTESIAN_POINT ( 'NONE',  ( -0.9149999999999991473, 1.935118803897821982, 0.4050000000000000266 ) ) ;
#372 = CARTESIAN_POINT ( 'NONE',  ( -5.994999999999998330, -3.260504516109076434, 6.915000000000000924 ) ) ;
#373 = AXIS2_PLACEMENT_3D ( 'NONE', #2745, #4632, #2000 ) ;
#374 = ORIENTED_EDGE ( 'NONE', *, *, #2801, .T. ) ;
#375 = DIRECTION ( 'NONE',  ( -1.000000000000000000, -0.000000000000000000, 0.000000000000000000 ) ) ;
#376 = DIRECTION ( 'NONE',  ( 0.3420201433256698231, -0.9396926207859079838, -1.026515648286830928E-16 ) ) ;
#377 = DIRECTION ( 'NONE',  ( -1.000000000000000000, -0.000000000000000000, -0.000000000000000000 ) ) ;
#378 = LINE ( 'NONE', #2227, #180 ) ;
#379 = EDGE_CURVE ( 'NONE', #273, #1689, #606, .T. ) ;
#380 = LINE ( 'NONE', #908, #3684 ) ;
#381 = EDGE_CURVE ( 'NONE', #7386, #5502, #780, .T. ) ;
#382 = ORIENTED_EDGE ( 'NONE', *, *, #3043, .F. ) ;
#383 = VERTEX_POINT ( 'NONE', #4610 ) ;
#384 = EDGE_CURVE ( 'NONE', #1417, #2099, #5912, .T. ) ;
#385 = CARTESIAN_POINT ( 'NONE',  ( 1.625000000000001332, -3.260504516109076434, 0.4050000000000001932 ) ) ;
#386 = CARTESIAN_POINT ( 'NONE',  ( 4.724999999999999645, 0.000000000000000000, 1.635000000000000675 ) ) ;
#387 = PLANE ( 'NONE',  #2246 ) ;
#388 = DIRECTION ( 'NONE',  ( -0.9396926207859079838, -0.3420201433256698786, 0.000000000000000000 ) ) ;
#389 = LINE ( 'NONE', #1003, #489 ) ;
#390 = CARTESIAN_POINT ( 'NONE',  ( -9.244999999999999218, 1.935118803897821982, 0.4049999999999996936 ) ) ;
#391 = VECTOR ( 'NONE', #5872, 1000.000000000000227 ) ;
#392 = ORIENTED_EDGE ( 'NONE', *, *, #4597, .F. ) ;
#393 = DIRECTION ( 'NONE',  ( -1.000000000000000000, -0.000000000000000000, -0.000000000000000000 ) ) ;
#394 = EDGE_CURVE ( 'NONE', #7704, #5597, #6494, .T. ) ;
#395 = ORIENTED_EDGE ( 'NONE', *, *, #535, .F. ) ;
#396 = CARTESIAN_POINT ( 'NONE',  ( 6.705000000000000959, 0.000000000000000000, 7.325000000000001066 ) ) ;
#397 = DIRECTION ( 'NONE',  ( 0.000000000000000000, 0.000000000000000000, -1.000000000000000000 ) ) ;
#398 = VERTEX_POINT ( 'NONE', #5267 ) ;
#399 = CARTESIAN_POINT ( 'NONE',  ( 9.245000000000000995, 1.334386074560374613, 0.2990746116231768337 ) ) ;
#400 = VECTOR ( 'NONE', #6753, 1000.000000000000114 ) ;
#401 = EDGE_LOOP ( 'NONE', ( #4321, #5817, #5152, #2706 ) ) ;
#402 = ORIENTED_EDGE ( 'NONE', *, *, #1274, .T. ) ;
#403 = ORIENTED_EDGE ( 'NONE', *, *, #7009, .T. ) ;
#404 = CARTESIAN_POINT ( 'NONE',  ( -0.9149999999999991473, 1.738157253295379956, 0.3702703644666152649 ) ) ;
#405 =( LENGTH_UNIT ( ) NAMED_UNIT ( * ) SI_UNIT ( .MILLI., .METRE. ) );
#406 = CARTESIAN_POINT ( 'NONE',  ( -5.994999999999998330, 1.738157253295379956, 0.3702703644666150429 ) ) ;
#407 = LINE ( 'NONE', #6769, #2190 ) ;
#408 = ORIENTED_EDGE ( 'NONE', *, *, #6013, .T. ) ;
#409 = ORIENTED_EDGE ( 'NONE', *, *, #2143, .T. ) ;
#410 = CIRCLE ( 'NONE', #4874, 0.2000000000000003164 ) ;
#411 = MECHANICAL_DESIGN_GEOMETRIC_PRESENTATION_REPRESENTATION (  '', ( #3696 ), #1986 ) ;
#412 = ADVANCED_FACE ( 'NONE', ( #905 ), #1437, .T. ) ;
#413 = CARTESIAN_POINT ( 'NONE',  ( -9.244999999999999218, -3.260504516109076434, 6.915000000000000924 ) ) ;
#414 =( NAMED_UNIT ( * ) PLANE_ANGLE_UNIT ( ) SI_UNIT ( $, .RADIAN. ) );
#415 = DIRECTION ( 'NONE',  ( 0.000000000000000000, 0.000000000000000000, 1.000000000000000000 ) ) ;
#416 = DIRECTION ( 'NONE',  ( 0.000000000000000000, -1.000000000000000000, -1.285735975631406781E-16 ) ) ;
#417 = COLOUR_RGB ( '',0.7921568627450980005, 0.8196078431372548767, 0.9333333333333333481 ) ;
#418 = VECTOR ( 'NONE', #3800, 1000.000000000000000 ) ;
#419 = CARTESIAN_POINT ( 'NONE',  ( 1.625000000000001332, 0.000000000000000000, 6.715000000000002522 ) ) ;
#420 = ORIENTED_EDGE ( 'NONE', *, *, #3849, .T. ) ;
#421 = LINE ( 'NONE', #2858, #699 ) ;
#422 = AXIS2_PLACEMENT_3D ( 'NONE', #4273, #2509, #5696 ) ;
#423 = AXIS2_PLACEMENT_3D ( 'NONE', #4667, #878, #5199 ) ;
#424 = DIRECTION ( 'NONE',  ( -1.000000000000000000, -0.000000000000000000, -0.000000000000000000 ) ) ;
#425 = DIRECTION ( 'NONE',  ( -0.000000000000000000, 1.000000000000000000, 1.285735975631406781E-16 ) ) ;
#426 = ADVANCED_FACE ( 'NONE', ( #1481 ), #208, .T. ) ;
#427 = LINE ( 'NONE', #3514, #2810 ) ;
#428 = FACE_OUTER_BOUND ( 'NONE', #300, .T. ) ;
#429 = PLANE ( 'NONE',  #1653 ) ;
#430 = EDGE_CURVE ( 'NONE', #1644, #781, #4040, .T. ) ;
#431 = EDGE_CURVE ( 'NONE', #3938, #6073, #3252, .T. ) ;
#432 = ORIENTED_EDGE ( 'NONE', *, *, #6148, .F. ) ;
#433 = CARTESIAN_POINT ( 'NONE',  ( -2.385000000000000675, -3.969999999999997087, 2.244999999999999662 ) ) ;
#434 = ORIENTED_EDGE ( 'NONE', *, *, #5149, .F. ) ;
#435 = AXIS2_PLACEMENT_3D ( 'NONE', #2027, #4579, #6955 ) ;
#436 = DIRECTION ( 'NONE',  ( 0.000000000000000000, 1.285735975631406781E-16, -1.000000000000000000 ) ) ;
#437 = EDGE_CURVE ( 'NONE', #4690, #20, #163, .T. ) ;
#438 = PLANE ( 'NONE',  #3440 ) ;
#439 = CARTESIAN_POINT ( 'NONE',  ( 1.625000000000001332, 1.935118803897821982, 0.4050000000000001932 ) ) ;
#440 = VECTOR ( 'NONE', #6577, 1000.000000000000000 ) ;
#441 = CARTESIAN_POINT ( 'NONE',  ( -4.165000000000000036, 1.935118803897821982, -0.2050000000000000155 ) ) ;
#442 = EDGE_CURVE ( 'NONE', #8091, #3035, #5748, .T. ) ;
#443 = AXIS2_PLACEMENT_3D ( 'NONE', #5434, #3621, #7354 ) ;
#444 = EDGE_LOOP ( 'NONE', ( #3496, #4330, #6139, #4774 ) ) ;
#445 = VECTOR ( 'NONE', #6744, 1000.000000000000000 ) ;
#446 = ORIENTED_EDGE ( 'NONE', *, *, #6054, .F. ) ;
#447 = ORIENTED_EDGE ( 'NONE', *, *, #7920, .T. ) ;
#448 = CARTESIAN_POINT ( 'NONE',  ( -8.534999999999998366, 3.200000000000001954, 0.2049999999999995159 ) ) ;
#449 = LINE ( 'NONE', #7340, #2471 ) ;
#450 = DIRECTION ( 'NONE',  ( 0.000000000000000000, 0.000000000000000000, 1.000000000000000000 ) ) ;
#451 = VECTOR ( 'NONE', #821, 1000.000000000000114 ) ;
#452 = CARTESIAN_POINT ( 'NONE',  ( 7.264999999999999680, -3.420504516109077908, 2.245000000000000107 ) ) ;
#453 = ORIENTED_EDGE ( 'NONE', *, *, #6001, .F. ) ;
#454 = AXIS2_PLACEMENT_3D ( 'NONE', #610, #6892, #4231 ) ;
#455 = CARTESIAN_POINT ( 'NONE',  ( -7.775000000000001243, -3.969999999999997087, 2.244999999999999218 ) ) ;
#456 = SURFACE_SIDE_STYLE ('',( #2846 ) ) ;
#457 = CARTESIAN_POINT ( 'NONE',  ( -0.1550000000000014977, -3.969999999999997087, 2.244999999999999662 ) ) ;
#458 = CARTESIAN_POINT ( 'NONE',  ( -4.725000000000001421, 1.775124120931223182, 0.2849929109493203883 ) ) ;
#459 = AXIS2_PLACEMENT_3D ( 'NONE', #5107, #5147, #1814 ) ;
#460 = EDGE_CURVE ( 'NONE', #1052, #1596, #5187, .T. ) ;
#461 = ORIENTED_EDGE ( 'NONE', *, *, #4703, .F. ) ;
#462 = DIRECTION ( 'NONE',  ( -1.000000000000000000, -0.000000000000000000, -0.000000000000000000 ) ) ;
#463 = FACE_OUTER_BOUND ( 'NONE', #3136, .T. ) ;
#464 = CARTESIAN_POINT ( 'NONE',  ( 7.264999999999999680, 1.935118803897821982, 0.2049999999999999878 ) ) ;
#465 = PLANE ( 'NONE',  #1640 ) ;
#466 = DIRECTION ( 'NONE',  ( -0.9396926207859078728, 0.3420201433256702117, 0.000000000000000000 ) ) ;
#467 = DIRECTION ( 'NONE',  ( 0.000000000000000000, -0.1736481776669237809, 0.9848077530122092416 ) ) ;
#468 = PLANE ( 'NONE',  #4024 ) ;
#469 = ADVANCED_FACE ( 'NONE', ( #2018 ), #3952, .F. ) ;
#470 = AXIS2_PLACEMENT_3D ( 'NONE', #3383, #5758, #258 ) ;
#471 = ORIENTED_EDGE ( 'NONE', *, *, #80, .T. ) ;
#472 = FACE_OUTER_BOUND ( 'NONE', #6970, .T. ) ;
#473 = ORIENTED_EDGE ( 'NONE', *, *, #6336, .T. ) ;
#474 = DIRECTION ( 'NONE',  ( -0.000000000000000000, 1.000000000000000000, 1.285735975631406781E-16 ) ) ;
#475 = LINE ( 'NONE', #7817, #4759 ) ;
#476 = CARTESIAN_POINT ( 'NONE',  ( -2.895000000000000906, 1.935118803897821982, -0.2049999999999999045 ) ) ;
#477 = EDGE_CURVE ( 'NONE', #1747, #5855, #1355, .T. ) ;
#478 = LINE ( 'NONE', #1744, #3370 ) ;
#479 = VECTOR ( 'NONE', #4943, 1000.000000000000000 ) ;
#480 = EDGE_LOOP ( 'NONE', ( #88, #4345, #3994, #1336, #4436, #4479, #1363, #1637, #6584, #6943, #1987, #1946 ) ) ;
#481 = EDGE_CURVE ( 'NONE', #4380, #781, #6370, .T. ) ;
#482 = VERTEX_POINT ( 'NONE', #1399 ) ;
#483 = EDGE_LOOP ( 'NONE', ( #2467, #162, #2413, #6211 ) ) ;
#484 = DIRECTION ( 'NONE',  ( 0.000000000000000000, 0.000000000000000000, -1.000000000000000000 ) ) ;
#485 = ADVANCED_FACE ( 'NONE', ( #3912 ), #2763, .T. ) ;
#486 = VECTOR ( 'NONE', #3316, 1000.000000000000000 ) ;
#487 = EDGE_CURVE ( 'NONE', #3938, #4681, #824, .T. ) ;
#488 = CARTESIAN_POINT ( 'NONE',  ( 0.3549999999999994271, 1.447135020849696696, 0.03897837839542846877 ) ) ;
#489 = VECTOR ( 'NONE', #6550, 1000.000000000000000 ) ;
#490 = DIRECTION ( 'NONE',  ( -0.3420201433256713774, -0.9396926207859073177, -0.000000000000000000 ) ) ;
#491 = ORIENTED_EDGE ( 'NONE', *, *, #6759, .F. ) ;
#492 = VECTOR ( 'NONE', #7693, 1000.000000000000000 ) ;
#493 = SURFACE_STYLE_FILL_AREA ( #6236 ) ;
#494 = FACE_OUTER_BOUND ( 'NONE', #401, .T. ) ;
#495 = CARTESIAN_POINT ( 'NONE',  ( 10.00999999999999979, 14.00999999999999801, -0.6999999999999998446 ) ) ;
#496 = CIRCLE ( 'NONE', #101, 0.1999999999999996503 ) ;
#497 = CARTESIAN_POINT ( 'NONE',  ( 7.974999999999999645, 3.200000000000001954, -0.2049999999999992939 ) ) ;
#498 = VERTEX_POINT ( 'NONE', #2144 ) ;
#499 = CARTESIAN_POINT ( 'NONE',  ( 4.165000000000000924, 1.738157253295379956, 0.3702703644666155425 ) ) ;
#500 = DIRECTION ( 'NONE',  ( -0.000000000000000000, 1.000000000000000000, -0.000000000000000000 ) ) ;
#501 = EDGE_CURVE ( 'NONE', #4250, #2364, #2722, .T. ) ;
#502 = CARTESIAN_POINT ( 'NONE',  ( 8.535000000000000142, 0.000000000000000000, 7.325000000000001066 ) ) ;
#503 = FACE_OUTER_BOUND ( 'NONE', #483, .T. ) ;
#504 = CARTESIAN_POINT ( 'NONE',  ( -2.895000000000000906, 0.000000000000000000, 2.245000000000000107 ) ) ;
#505 = ORIENTED_EDGE ( 'NONE', *, *, #5106, .T. ) ;
#506 = CARTESIAN_POINT ( 'NONE',  ( 2.184999999999999609, 1.935118803897821982, 0.4050000000000000822 ) ) ;
#507 = VERTEX_POINT ( 'NONE', #3413 ) ;
#508 = DIRECTION ( 'NONE',  ( -0.000000000000000000, 1.000000000000000000, -0.000000000000000000 ) ) ;
#509 = ORIENTED_EDGE ( 'NONE', *, *, #3942, .F. ) ;
#510 = LINE ( 'NONE', #3522, #8145 ) ;
#511 = ADVANCED_FACE ( 'NONE', ( #7148 ), #1524, .F. ) ;
#512 = DIRECTION ( 'NONE',  ( 0.000000000000000000, 0.000000000000000000, -1.000000000000000000 ) ) ;
#513 = DIRECTION ( 'NONE',  ( 0.000000000000000000, 0.000000000000000000, 1.000000000000000000 ) ) ;
#514 = CARTESIAN_POINT ( 'NONE',  ( -2.895000000000000906, 1.935118803897821982, 0.2049999999999995437 ) ) ;
#515 = VERTEX_POINT ( 'NONE', #413 ) ;
#516 = ORIENTED_EDGE ( 'NONE', *, *, #5204, .F. ) ;
#517 = ORIENTED_EDGE ( 'NONE', *, *, #2794, .F. ) ;
#518 = ADVANCED_FACE ( 'NONE', ( #5465 ), #7273, .F. ) ;
#519 = CARTESIAN_POINT ( 'NONE',  ( -4.725000000000001421, 1.935118803897821982, 0.4049999999999996936 ) ) ;
#520 = VECTOR ( 'NONE', #5122, 1000.000000000000000 ) ;
#521 = CARTESIAN_POINT ( 'NONE',  ( 1.625000000000001332, 1.935118803897821982, 0.2049999999999999323 ) ) ;
#522 = EDGE_CURVE ( 'NONE', #7700, #3509, #7825, .T. ) ;
#523 = FACE_OUTER_BOUND ( 'NONE', #4111, .T. ) ;
#524 = CARTESIAN_POINT ( 'NONE',  ( -3.454999999999999627, 1.738157253295379956, 0.3702703644666151539 ) ) ;
#525 = EDGE_CURVE ( 'NONE', #3706, #4782, #4692, .T. ) ;
#526 = ORIENTED_EDGE ( 'NONE', *, *, #4085, .F. ) ;
#527 = EDGE_LOOP ( 'NONE', ( #3064, #6430, #6790, #5581 ) ) ;
#528 = VECTOR ( 'NONE', #7263, 1000.000000000000000 ) ;
#529 = ORIENTED_EDGE ( 'NONE', *, *, #3792, .F. ) ;
#530 = CARTESIAN_POINT ( 'NONE',  ( 5.434999999999998721, 0.1599946829665978842, 1.755007089050679259 ) ) ;
#531 = LINE ( 'NONE', #1031, #7982 ) ;
#532 = LINE ( 'NONE', #1762, #2683 ) ;
#533 = SURFACE_STYLE_FILL_AREA ( #4978 ) ;
#534 = COLOUR_RGB ( '',0.7921568627450980005, 0.8196078431372548767, 0.9333333333333333481 ) ;
#535 = EDGE_CURVE ( 'NONE', #3190, #2216, #2923, .T. ) ;
#536 = ORIENTED_EDGE ( 'NONE', *, *, #7981, .F. ) ;
#537 = ORIENTED_EDGE ( 'NONE', *, *, #6815, .T. ) ;
#538 = PLANE ( 'NONE',  #6340 ) ;
#539 = DIRECTION ( 'NONE',  ( 1.000000000000000000, 0.000000000000000000, 0.000000000000000000 ) ) ;
#540 = SURFACE_STYLE_FILL_AREA ( #5023 ) ;
#541 = STYLED_ITEM ( 'NONE', ( #1433 ), #7812 ) ;
#542 =( GEOMETRIC_REPRESENTATION_CONTEXT ( 3 ) GLOBAL_UNCERTAINTY_ASSIGNED_CONTEXT ( ( #5734 ) ) GLOBAL_UNIT_ASSIGNED_CONTEXT ( ( #3169, #4939, #6123 ) ) REPRESENTATION_CONTEXT ( 'NONE', 'WORKASPACE' ) );
#543 = DIRECTION ( 'NONE',  ( 1.000000000000000000, 0.000000000000000000, 0.000000000000000000 ) ) ;
#544 = CARTESIAN_POINT ( 'NONE',  ( 5.235000000000000320, -3.969999999999997087, 2.245000000000000107 ) ) ;
#545 = CARTESIAN_POINT ( 'NONE',  ( 4.165000000000000924, 3.200000000000001954, 0.2050000000000000711 ) ) ;
#546 = ORIENTED_EDGE ( 'NONE', *, *, #5936, .F. ) ;
#547 = DIRECTION ( 'NONE',  ( -1.000000000000000000, -0.000000000000000000, -0.000000000000000000 ) ) ;
#548 = AXIS2_PLACEMENT_3D ( 'NONE', #6298, #1294, #715 ) ;
#549 = ORIENTED_EDGE ( 'NONE', *, *, #460, .T. ) ;
#550 = DIRECTION ( 'NONE',  ( 0.000000000000000000, -1.000000000000000000, 0.000000000000000000 ) ) ;
#551 = VERTEX_POINT ( 'NONE', #2845 ) ;
#552 = PLANE ( 'NONE',  #5383 ) ;
#553 = DIRECTION ( 'NONE',  ( 0.000000000000000000, 0.000000000000000000, 1.000000000000000000 ) ) ;
#554 = AXIS2_PLACEMENT_3D ( 'NONE', #692, #4972, #6934 ) ;
#555 = DIRECTION ( 'NONE',  ( -1.000000000000000000, -0.000000000000000000, 0.000000000000000000 ) ) ;
#556 = EDGE_CURVE ( 'NONE', #2645, #398, #2721, .T. ) ;
#557 = ORIENTED_EDGE ( 'NONE', *, *, #5105, .F. ) ;
#558 = CARTESIAN_POINT ( 'NONE',  ( 4.165000000000000924, 0.1969615506024410823, 6.749729635533387118 ) ) ;
#559 = ADVANCED_FACE ( 'NONE', ( #3535 ), #5999, .F. ) ;
#560 = ORIENTED_EDGE ( 'NONE', *, *, #1974, .T. ) ;
#561 = ORIENTED_EDGE ( 'NONE', *, *, #6511, .F. ) ;
#562 = ORIENTED_EDGE ( 'NONE', *, *, #909, .T. ) ;
#563 = FACE_OUTER_BOUND ( 'NONE', #4608, .T. ) ;
#564 = CARTESIAN_POINT ( 'NONE',  ( -2.185000000000001386, 1.775124120931223182, 0.2849929109493204993 ) ) ;
#565 = LINE ( 'NONE', #4386, #7945 ) ;
#566 = VERTEX_POINT ( 'NONE', #4730 ) ;
#567 = CARTESIAN_POINT ( 'NONE',  ( 3.455000000000000515, 1.738157253295379956, 0.3702703644666155425 ) ) ;
#568 = VERTEX_POINT ( 'NONE', #3459 ) ;
#569 = EDGE_LOOP ( 'NONE', ( #1863, #7583, #5762, #2510 ) ) ;
#570 = DIRECTION ( 'NONE',  ( -1.000000000000000000, -0.000000000000000000, -0.000000000000000000 ) ) ;
#571 = ORIENTED_EDGE ( 'NONE', *, *, #3596, .F. ) ;
#572 = VECTOR ( 'NONE', #7151, 999.9999999999998863 ) ;
#573 = CARTESIAN_POINT ( 'NONE',  ( 1.905000000000000027, 18.03000000000000114, -2.250000000000001332 ) ) ;
#574 =( LENGTH_UNIT ( ) NAMED_UNIT ( * ) SI_UNIT ( .MILLI., .METRE. ) );
#575 = LINE ( 'NONE', #5018, #4910 ) ;
#576 = EDGE_CURVE ( 'NONE', #6337, #8056, #334, .T. ) ;
#577 = CARTESIAN_POINT ( 'NONE',  ( -4.725000000000001421, 3.200000000000001954, 0.2049999999999997380 ) ) ;
#578 = EDGE_LOOP ( 'NONE', ( #58, #7932, #1235, #1594 ) ) ;
#579 = AXIS2_PLACEMENT_3D ( 'NONE', #738, #201, #7597 ) ;
#580 = EDGE_LOOP ( 'NONE', ( #4139, #7014, #2254, #3299 ) ) ;
#581 = EDGE_CURVE ( 'NONE', #1584, #4999, #2348, .T. ) ;
#582 = LINE ( 'NONE', #4938, #6765 ) ;
#583 = SURFACE_SIDE_STYLE ('',( #1766 ) ) ;
#584 = EDGE_CURVE ( 'NONE', #507, #566, #6070, .T. ) ;
#585 = EDGE_CURVE ( 'NONE', #2060, #5206, #3189, .T. ) ;
#586 = CARTESIAN_POINT ( 'NONE',  ( -9.244999999999999218, 0.000000000000000000, 7.325000000000000178 ) ) ;
#587 = DIRECTION ( 'NONE',  ( -1.000000000000000000, -0.000000000000000000, -0.000000000000000000 ) ) ;
#588 = VECTOR ( 'NONE', #6599, 1000.000000000000000 ) ;
#589 = DIRECTION ( 'NONE',  ( -0.3420201433256701562, -0.9396926207859078728, -2.053031296573661856E-16 ) ) ;
#590 = ORIENTED_EDGE ( 'NONE', *, *, #3043, .T. ) ;
#591 = FACE_OUTER_BOUND ( 'NONE', #1959, .T. ) ;
#592 = EDGE_LOOP ( 'NONE', ( #1027, #6812, #4869, #4058, #4189, #4399 ) ) ;
#593 = DIRECTION ( 'NONE',  ( 0.000000000000000000, -1.000000000000000000, -2.571471951262813563E-16 ) ) ;
#594 = ORIENTED_EDGE ( 'NONE', *, *, #6110, .T. ) ;
#595 = DIRECTION ( 'NONE',  ( 0.000000000000000000, -0.000000000000000000, -1.000000000000000000 ) ) ;
#596 = DIRECTION ( 'NONE',  ( -1.000000000000000000, 0.000000000000000000, -0.000000000000000000 ) ) ;
#597 = DIRECTION ( 'NONE',  ( -1.000000000000000000, -0.000000000000000000, -0.000000000000000000 ) ) ;
#598 = VERTEX_POINT ( 'NONE', #4776 ) ;
#599 = DIRECTION ( 'NONE',  ( 0.000000000000000000, -1.000000000000000000, 0.000000000000000000 ) ) ;
#600 = VECTOR ( 'NONE', #6010, 1000.000000000000114 ) ;
#601 = AXIS2_PLACEMENT_3D ( 'NONE', #4748, #1542, #2283 ) ;
#602 = ORIENTED_EDGE ( 'NONE', *, *, #6982, .T. ) ;
#603 = EDGE_LOOP ( 'NONE', ( #6333, #131, #4318, #7924 ) ) ;
#604 = ORIENTED_EDGE ( 'NONE', *, *, #1479, .T. ) ;
#605 = CARTESIAN_POINT ( 'NONE',  ( -5.994999999999998330, 0.000000000000000000, 7.325000000000000178 ) ) ;
#606 = CIRCLE ( 'NONE', #5203, 0.1999999999999996503 ) ;
#607 = EDGE_CURVE ( 'NONE', #2364, #1436, #2405, .T. ) ;
#608 = VECTOR ( 'NONE', #4329, 1000.000000000000000 ) ;
#609 = FACE_OUTER_BOUND ( 'NONE', #6694, .T. ) ;
#610 = CARTESIAN_POINT ( 'NONE',  ( 5.434999999999998721, 1.935118803897821982, 0.4050000000000001932 ) ) ;
#611 = DIRECTION ( 'NONE',  ( 0.000000000000000000, 0.000000000000000000, 1.000000000000000000 ) ) ;
#612 = ORIENTED_EDGE ( 'NONE', *, *, #4347, .T. ) ;
#613 = ORIENTED_EDGE ( 'NONE', *, *, #2750, .T. ) ;
#614 = AXIS2_PLACEMENT_3D ( 'NONE', #4634, #2171, #1464 ) ;
#615 = CARTESIAN_POINT ( 'NONE',  ( 1.625000000000001332, 1.935118803897821982, 0.4050000000000001932 ) ) ;
#616 = ORIENTED_EDGE ( 'NONE', *, *, #4209, .T. ) ;
#617 = AXIS2_PLACEMENT_3D ( 'NONE', #716, #3223, #222 ) ;
#618 = LINE ( 'NONE', #5622, #2072 ) ;
#619 = CARTESIAN_POINT ( 'NONE',  ( 9.245000000000000995, 1.738157253295379956, 0.3702703644666157645 ) ) ;
#620 = CARTESIAN_POINT ( 'NONE',  ( 9.245000000000000995, -3.260504516109076434, 7.325000000000001066 ) ) ;
#621 = ORIENTED_EDGE ( 'NONE', *, *, #2301, .T. ) ;
#622 = VECTOR ( 'NONE', #7596, 1000.000000000000114 ) ;
#623 = VERTEX_POINT ( 'NONE', #4163 ) ;
#624 = LINE ( 'NONE', #3131, #7692 ) ;
#625 = EDGE_CURVE ( 'NONE', #104, #1747, #6662, .T. ) ;
#626 = DIRECTION ( 'NONE',  ( 0.000000000000000000, -1.000000000000000000, -2.571471951262813563E-16 ) ) ;
#627 = CARTESIAN_POINT ( 'NONE',  ( 4.165000000000000924, 1.334386074560374835, 0.2990746116231767782 ) ) ;
#628 = DIRECTION ( 'NONE',  ( 1.000000000000000000, 0.000000000000000000, -0.000000000000000000 ) ) ;
#629 = VECTOR ( 'NONE', #7010, 1000.000000000000000 ) ;
#630 = LINE ( 'NONE', #545, #4545 ) ;
#631 = EDGE_CURVE ( 'NONE', #6229, #551, #2961, .T. ) ;
#632 = ORIENTED_EDGE ( 'NONE', *, *, #3589, .T. ) ;
#633 = ORIENTED_EDGE ( 'NONE', *, *, #4853, .F. ) ;
#634 = DIRECTION ( 'NONE',  ( 1.000000000000000000, 0.000000000000000000, -0.000000000000000000 ) ) ;
#635 = ADVANCED_FACE ( 'NONE', ( #3572 ), #6076, .F. ) ;
#636 = ADVANCED_FACE ( 'NONE', ( #4907 ), #6133, .F. ) ;
#637 = ORIENTED_EDGE ( 'NONE', *, *, #5670, .T. ) ;
#638 = DIRECTION ( 'NONE',  ( 0.000000000000000000, 0.6000354452533959160, -0.7999734148329924466 ) ) ;
#639 = EDGE_LOOP ( 'NONE', ( #8109, #3931, #3493, #1214 ) ) ;
#640 = FACE_OUTER_BOUND ( 'NONE', #4804, .T. ) ;
#641 = CARTESIAN_POINT ( 'NONE',  ( -4.725000000000001421, 1.447135020849696696, 0.03897837839542823979 ) ) ;
#642 = CARTESIAN_POINT ( 'NONE',  ( 6.705000000000000959, 0.000000000000000000, 7.325000000000001066 ) ) ;
#643 = ORIENTED_EDGE ( 'NONE', *, *, #6029, .F. ) ;
#644 = CYLINDRICAL_SURFACE ( 'NONE', #5972, 0.1999999999999996503 ) ;
#645 = ORIENTED_EDGE ( 'NONE', *, *, #5247, .T. ) ;
#646 = EDGE_CURVE ( 'NONE', #7947, #3982, #3179, .T. ) ;
#647 = ORIENTED_EDGE ( 'NONE', *, *, #8144, .F. ) ;
#648 = ORIENTED_EDGE ( 'NONE', *, *, #3444, .T. ) ;
#649 = CARTESIAN_POINT ( 'NONE',  ( -3.454999999999999627, 1.738157253295379956, 0.3702703644666151539 ) ) ;
#650 = DIRECTION ( 'NONE',  ( 0.000000000000000000, -4.011848926865882589E-17, -1.000000000000000000 ) ) ;
#651 = VERTEX_POINT ( 'NONE', #3632 ) ;
#652 = CARTESIAN_POINT ( 'NONE',  ( 2.894999999999999130, 1.935118803897821982, 0.4050000000000000822 ) ) ;
#653 = ORIENTED_EDGE ( 'NONE', *, *, #7133, .F. ) ;
#654 = LINE ( 'NONE', #4356, #1605 ) ;
#655 = VERTEX_POINT ( 'NONE', #7450 ) ;
#656 = LINE ( 'NONE', #6365, #364 ) ;
#657 = DIRECTION ( 'NONE',  ( 0.000000000000000000, 0.000000000000000000, -1.000000000000000000 ) ) ;
#658 = VECTOR ( 'NONE', #6182, 1000.000000000000000 ) ;
#659 = ORIENTED_EDGE ( 'NONE', *, *, #830, .T. ) ;
#660 = VERTEX_POINT ( 'NONE', #1945 ) ;
#661 = EDGE_CURVE ( 'NONE', #383, #568, #5675, .T. ) ;
#662 = CARTESIAN_POINT ( 'NONE',  ( 4.724999999999999645, 0.1599946829665978842, 1.755007089050679259 ) ) ;
#663 =( NAMED_UNIT ( * ) SI_UNIT ( $, .STERADIAN. ) SOLID_ANGLE_UNIT ( ) );
#664 = PLANE ( 'NONE',  #7816 ) ;
#665 = DIRECTION ( 'NONE',  ( 0.000000000000000000, -1.285735975631406781E-16, 1.000000000000000000 ) ) ;
#666 = DIRECTION ( 'NONE',  ( -1.000000000000000000, -0.000000000000000000, -0.000000000000000000 ) ) ;
#667 = CIRCLE ( 'NONE', #1709, 0.2000000000000002609 ) ;
#668 = DIRECTION ( 'NONE',  ( 0.000000000000000000, 0.000000000000000000, -1.000000000000000000 ) ) ;
#669 = VERTEX_POINT ( 'NONE', #4411 ) ;
#670 = DIRECTION ( 'NONE',  ( -1.000000000000000000, -0.000000000000000000, 0.000000000000000000 ) ) ;
#671 = ADVANCED_FACE ( 'NONE', ( #6877 ), #1208, .F. ) ;
#672 = ORIENTED_EDGE ( 'NONE', *, *, #5610, .T. ) ;
#673 = DIRECTION ( 'NONE',  ( 0.000000000000000000, 0.000000000000000000, -1.000000000000000000 ) ) ;
#674 = DIRECTION ( 'NONE',  ( -1.000000000000000000, -0.000000000000000000, -0.000000000000000000 ) ) ;
#675 = EDGE_CURVE ( 'NONE', #2441, #2206, #2530, .T. ) ;
#676 = CARTESIAN_POINT ( 'NONE',  ( 5.434999999999998721, 0.000000000000000000, 2.245000000000000551 ) ) ;
#677 = ORIENTED_EDGE ( 'NONE', *, *, #4101, .F. ) ;
#678 = LINE ( 'NONE', #1297, #3510 ) ;
#679 = CIRCLE ( 'NONE', #3695, 0.1999999999999996503 ) ;
#680 = VECTOR ( 'NONE', #5223, 1000.000000000000000 ) ;
#681 = EDGE_CURVE ( 'NONE', #3410, #5382, #305, .T. ) ;
#682 = ORIENTED_EDGE ( 'NONE', *, *, #7345, .T. ) ;
#683 = EDGE_CURVE ( 'NONE', #6814, #193, #6171, .T. ) ;
#684 = ORIENTED_EDGE ( 'NONE', *, *, #4803, .T. ) ;
#685 = LINE ( 'NONE', #5651, #4855 ) ;
#686 = VECTOR ( 'NONE', #2679, 1000.000000000000000 ) ;
#687 = ADVANCED_FACE ( 'NONE', ( #6793 ), #4295, .F. ) ;
#688 = DIRECTION ( 'NONE',  ( 0.000000000000000000, -0.000000000000000000, 1.000000000000000000 ) ) ;
#689 = EDGE_CURVE ( 'NONE', #1344, #1017, #3577, .T. ) ;
#690 = DIRECTION ( 'NONE',  ( 0.000000000000000000, 1.000000000000000000, 0.000000000000000000 ) ) ;
#691 = ORIENTED_EDGE ( 'NONE', *, *, #3682, .T. ) ;
#692 = CARTESIAN_POINT ( 'NONE',  ( 0.000000000000000000, 18.03000000000000114, -2.250000000000001332 ) ) ;
#693 = VERTEX_POINT ( 'NONE', #7534 ) ;
#694 = LINE ( 'NONE', #3707, #2150 ) ;
#695 = CIRCLE ( 'NONE', #2006, 0.1999999999999996503 ) ;
#696 = CARTESIAN_POINT ( 'NONE',  ( 6.705000000000000959, 1.935118803897821982, 0.4050000000000004152 ) ) ;
#697 = DIRECTION ( 'NONE',  ( -1.000000000000000000, -0.000000000000000000, -0.000000000000000000 ) ) ;
#698 = CARTESIAN_POINT ( 'NONE',  ( 6.705000000000000959, 3.200000000000001954, -0.2049999999999994049 ) ) ;
#699 = VECTOR ( 'NONE', #6009, 1000.000000000000114 ) ;
#700 = ORIENTED_EDGE ( 'NONE', *, *, #5035, .T. ) ;
#701 = PLANE ( 'NONE',  #8094 ) ;
#702 = DIRECTION ( 'NONE',  ( 0.000000000000000000, 0.000000000000000000, 1.000000000000000000 ) ) ;
#703 = FACE_OUTER_BOUND ( 'NONE', #2420, .T. ) ;
#704 = CARTESIAN_POINT ( 'NONE',  ( 3.455000000000000515, 3.200000000000001954, -0.2049999999999995437 ) ) ;
#705 = EDGE_CURVE ( 'NONE', #3802, #5726, #4501, .T. ) ;
#706 = DIRECTION ( 'NONE',  ( 0.000000000000000000, 0.000000000000000000, -1.000000000000000000 ) ) ;
#707 = VERTEX_POINT ( 'NONE', #3716 ) ;
#708 = VECTOR ( 'NONE', #416, 1000.000000000000000 ) ;
#709 = DIRECTION ( 'NONE',  ( 0.000000000000000000, 0.000000000000000000, -1.000000000000000000 ) ) ;
#710 = ORIENTED_EDGE ( 'NONE', *, *, #1411, .T. ) ;
#711 = CARTESIAN_POINT ( 'NONE',  ( 9.245000000000000995, 0.6007327293374460364, 6.820925388376825715 ) ) ;
#712 = ORIENTED_EDGE ( 'NONE', *, *, #1515, .T. ) ;
#713 = AXIS2_PLACEMENT_3D ( 'NONE', #5536, #3650, #6808 ) ;
#714 = CARTESIAN_POINT ( 'NONE',  ( 2.894999999999999130, 0.1599946829665978842, 1.755007089050679259 ) ) ;
#715 = DIRECTION ( 'NONE',  ( 0.000000000000000000, 0.000000000000000000, 1.000000000000000000 ) ) ;
#716 = CARTESIAN_POINT ( 'NONE',  ( -4.165000000000000036, 1.935118803897821982, 0.4049999999999999156 ) ) ;
#717 = ORIENTED_EDGE ( 'NONE', *, *, #982, .T. ) ;
#718 = LINE ( 'NONE', #3224, #72 ) ;
#719 = EDGE_LOOP ( 'NONE', ( #2314, #4282, #6651, #7574 ) ) ;
#720 = EDGE_LOOP ( 'NONE', ( #2634, #4066, #1054, #1868 ) ) ;
#721 = DIRECTION ( 'NONE',  ( 0.000000000000000000, -1.285735975631406781E-16, 1.000000000000000000 ) ) ;
#722 = EDGE_CURVE ( 'NONE', #7177, #1470, #7575, .T. ) ;
#723 = CARTESIAN_POINT ( 'NONE',  ( 2.894999999999999130, 1.447135020849696696, 0.03897837839542858673 ) ) ;
#724 = CARTESIAN_POINT ( 'NONE',  ( -6.704999999999999183, -3.260504516109076434, 7.325000000000000178 ) ) ;
#725 = LINE ( 'NONE', #6810, #873 ) ;
#726 = VECTOR ( 'NONE', #3137, 1000.000000000000000 ) ;
#727 = EDGE_CURVE ( 'NONE', #1739, #6472, #4239, .T. ) ;
#728 = ORIENTED_EDGE ( 'NONE', *, *, #2395, .T. ) ;
#729 = ORIENTED_EDGE ( 'NONE', *, *, #75, .F. ) ;
#730 = EDGE_CURVE ( 'NONE', #2746, #1501, #695, .T. ) ;
#731 = DIRECTION ( 'NONE',  ( -1.000000000000000000, -0.000000000000000000, -0.000000000000000000 ) ) ;
#732 = EDGE_CURVE ( 'NONE', #5327, #3155, #4334, .T. ) ;
#733 = EDGE_LOOP ( 'NONE', ( #594, #1645, #5039, #4951 ) ) ;
#734 = CARTESIAN_POINT ( 'NONE',  ( -9.045000000000001705, -3.809999999999997389, 6.915000000000000924 ) ) ;
#735 = VECTOR ( 'NONE', #1081, 1000.000000000000000 ) ;
#736 = LINE ( 'NONE', #3365, #3171 ) ;
#737 = DIRECTION ( 'NONE',  ( 0.000000000000000000, 0.000000000000000000, 1.000000000000000000 ) ) ;
#738 = CARTESIAN_POINT ( 'NONE',  ( -8.534999999999998366, 0.000000000000000000, 6.715000000000001634 ) ) ;
#739 = EDGE_LOOP ( 'NONE', ( #7147, #3864, #1724, #5569 ) ) ;
#740 = VECTOR ( 'NONE', #4884, 1000.000000000000114 ) ;
#741 = ORIENTED_EDGE ( 'NONE', *, *, #5641, .T. ) ;
#742 = AXIS2_PLACEMENT_3D ( 'NONE', #1743, #4913, #5568 ) ;
#743 = CARTESIAN_POINT ( 'NONE',  ( 5.434999999999998721, 1.775124120931223182, 0.2849929109493208879 ) ) ;
#744 = CYLINDRICAL_SURFACE ( 'NONE', #8030, 0.6099999999999999867 ) ;
#745 = VECTOR ( 'NONE', #5617, 1000.000000000000000 ) ;
#746 = CARTESIAN_POINT ( 'NONE',  ( 0.9150000000000009237, 1.334386074560374613, 0.2990746116231765006 ) ) ;
#747 = CARTESIAN_POINT ( 'NONE',  ( 1.625000000000001332, 3.200000000000001954, 0.2049999999999999600 ) ) ;
#748 = ORIENTED_EDGE ( 'NONE', *, *, #6383, .F. ) ;
#749 = VECTOR ( 'NONE', #4261, 1000.000000000000000 ) ;
#750 = CARTESIAN_POINT ( 'NONE',  ( 7.974999999999999645, 1.935118803897821982, -0.2049999999999994604 ) ) ;
#751 = VERTEX_POINT ( 'NONE', #6919 ) ;
#752 = DIRECTION ( 'NONE',  ( 0.000000000000000000, -0.000000000000000000, -1.000000000000000000 ) ) ;
#753 = LINE ( 'NONE', #2277, #5586 ) ;
#754 = AXIS2_PLACEMENT_3D ( 'NONE', #2512, #1966, #6861 ) ;
#755 = LINE ( 'NONE', #6465, #2375 ) ;
#756 = CARTESIAN_POINT ( 'NONE',  ( 9.245000000000000995, -3.809999999999997389, 7.325000000000001066 ) ) ;
#757 = DIRECTION ( 'NONE',  ( -1.000000000000000000, -0.000000000000000000, 0.000000000000000000 ) ) ;
#758 = ORIENTED_EDGE ( 'NONE', *, *, #5952, .F. ) ;
#759 = CARTESIAN_POINT ( 'NONE',  ( -0.9149999999999991473, 0.6007327293374460364, 6.820925388376824827 ) ) ;
#760 = AXIS2_PLACEMENT_3D ( 'NONE', #5824, #7818, #4567 ) ;
#761 = ORIENTED_EDGE ( 'NONE', *, *, #6859, .F. ) ;
#762 = EDGE_CURVE ( 'NONE', #4427, #7742, #4373, .T. ) ;
#763 = VERTEX_POINT ( 'NONE', #3797 ) ;
#764 = CARTESIAN_POINT ( 'NONE',  ( -2.185000000000001386, 0.000000000000000000, 2.245000000000000107 ) ) ;
#765 = DIRECTION ( 'NONE',  ( -1.000000000000000000, -0.000000000000000000, -0.000000000000000000 ) ) ;
#766 = CARTESIAN_POINT ( 'NONE',  ( -7.974999999999999645, 1.775124120931223182, 0.2849929109493202772 ) ) ;
#767 = DIRECTION ( 'NONE',  ( -0.000000000000000000, -0.000000000000000000, 1.000000000000000000 ) ) ;
#768 = ORIENTED_EDGE ( 'NONE', *, *, #7005, .F. ) ;
#769 = EDGE_CURVE ( 'NONE', #3129, #3035, #6608, .T. ) ;
#770 = ORIENTED_EDGE ( 'NONE', *, *, #184, .T. ) ;
#771 = VERTEX_POINT ( 'NONE', #711 ) ;
#772 = APPLICATION_PROTOCOL_DEFINITION ( 'draft international standard', 'automotive_design', 1998, #5984 ) ;
#773 = VERTEX_POINT ( 'NONE', #3300 ) ;
#774 = CARTESIAN_POINT ( 'NONE',  ( 6.194999999999999396, -3.809999999999997389, 6.915000000000001812 ) ) ;
#775 = ADVANCED_FACE ( 'NONE', ( #3875 ), #5195, .F. ) ;
#776 = LINE ( 'NONE', #3988, #945 ) ;
#777 = DIRECTION ( 'NONE',  ( -1.000000000000000000, -0.000000000000000000, -0.000000000000000000 ) ) ;
#778 = FACE_OUTER_BOUND ( 'NONE', #3653, .T. ) ;
#779 = EDGE_CURVE ( 'NONE', #3217, #8053, #834, .T. ) ;
#780 = CIRCLE ( 'NONE', #5377, 0.2000000000000002609 ) ;
#781 = VERTEX_POINT ( 'NONE', #7614 ) ;
#782 = ADVANCED_FACE ( 'NONE', ( #3218 ), #6463, .F. ) ;
#783 = ORIENTED_EDGE ( 'NONE', *, *, #581, .T. ) ;
#784 = DIRECTION ( 'NONE',  ( 0.000000000000000000, 0.000000000000000000, 1.000000000000000000 ) ) ;
#785 = LINE ( 'NONE', #5104, #7772 ) ;
#786 = PLANE ( 'NONE',  #5998 ) ;
#787 = FACE_OUTER_BOUND ( 'NONE', #5836, .T. ) ;
#788 = VECTOR ( 'NONE', #1126, 1000.000000000000000 ) ;
#789 = EDGE_CURVE ( 'NONE', #4048, #3561, #1984, .T. ) ;
#790 = DIRECTION ( 'NONE',  ( 1.000000000000000000, 0.000000000000000000, 0.000000000000000000 ) ) ;
#791 = EDGE_LOOP ( 'NONE', ( #7998, #1995, #4099, #691 ) ) ;
#792 = VERTEX_POINT ( 'NONE', #133 ) ;
#793 = CIRCLE ( 'NONE', #4341, 0.6099999999999989875 ) ;
#794 = LINE ( 'NONE', #5716, #5672 ) ;
#795 = ORIENTED_EDGE ( 'NONE', *, *, #7304, .F. ) ;
#796 = DIRECTION ( 'NONE',  ( -0.000000000000000000, -0.000000000000000000, 1.000000000000000000 ) ) ;
#797 = VECTOR ( 'NONE', #6548, 1000.000000000000000 ) ;
#798 = DIRECTION ( 'NONE',  ( -0.3420201433256701562, -0.9396926207859078728, -2.053031296573661856E-16 ) ) ;
#799 = DIRECTION ( 'NONE',  ( 0.000000000000000000, -1.000000000000000000, 6.368294698886953826E-17 ) ) ;
#800 = EDGE_LOOP ( 'NONE', ( #3146, #1047, #6361, #7502, #509, #4970 ) ) ;
#801 = LINE ( 'NONE', #183, #7690 ) ;
#802 = CIRCLE ( 'NONE', #1985, 0.6099999999999985434 ) ;
#803 = AXIS2_PLACEMENT_3D ( 'NONE', #6816, #1230, #7430 ) ;
#804 = ORIENTED_EDGE ( 'NONE', *, *, #2223, .T. ) ;
#805 = ORIENTED_EDGE ( 'NONE', *, *, #4806, .F. ) ;
#806 = CARTESIAN_POINT ( 'NONE',  ( -10.00999999999999979, 3.451094427046427437, -2.249999999999999112 ) ) ;
#807 = CARTESIAN_POINT ( 'NONE',  ( 1.625000000000001332, 1.935118803897821982, 0.4050000000000001932 ) ) ;
#808 = EDGE_CURVE ( 'NONE', #6073, #4427, #3718, .T. ) ;
#809 = MECHANICAL_DESIGN_GEOMETRIC_PRESENTATION_REPRESENTATION (  '', ( #6713 ), #2649 ) ;
#810 = VECTOR ( 'NONE', #5700, 1000.000000000000000 ) ;
#811 = DIRECTION ( 'NONE',  ( 0.000000000000000000, 0.000000000000000000, -1.000000000000000000 ) ) ;
#812 = CARTESIAN_POINT ( 'NONE',  ( 3.455000000000000515, 3.200000000000001954, -0.2049999999999995437 ) ) ;
#813 = EDGE_CURVE ( 'NONE', #1249, #2483, #2648, .T. ) ;
#814 = ORIENTED_EDGE ( 'NONE', *, *, #3392, .F. ) ;
#815 = ORIENTED_EDGE ( 'NONE', *, *, #3538, .F. ) ;
#816 = VECTOR ( 'NONE', #4705, 1000.000000000000000 ) ;
#817 = ORIENTED_EDGE ( 'NONE', *, *, #7800, .F. ) ;
#818 = CARTESIAN_POINT ( 'NONE',  ( 9.245000000000000995, 1.334386074560374613, 0.2990746116231768337 ) ) ;
#819 = CARTESIAN_POINT ( 'NONE',  ( 6.505000000000000782, -3.809999999999997389, 7.325000000000001066 ) ) ;
#820 = PLANE ( 'NONE',  #2733 ) ;
#821 = DIRECTION ( 'NONE',  ( 0.3420201433256713774, 0.9396926207859073177, -0.000000000000000000 ) ) ;
#822 = VERTEX_POINT ( 'NONE', #4492 ) ;
#823 = EDGE_LOOP ( 'NONE', ( #6574, #8126, #5539, #972 ) ) ;
#824 = LINE ( 'NONE', #3329, #4025 ) ;
#825 = PLANE ( 'NONE',  #7311 ) ;
#826 = CARTESIAN_POINT ( 'NONE',  ( 7.264999999999999680, 1.935118803897821982, -0.2049999999999994604 ) ) ;
#827 = EDGE_CURVE ( 'NONE', #1245, #6132, #1407, .T. ) ;
#828 = VECTOR ( 'NONE', #4130, 1000.000000000000114 ) ;
#829 = CARTESIAN_POINT ( 'NONE',  ( -2.385000000000000675, -3.969999999999997087, 1.834999999999999520 ) ) ;
#830 = EDGE_CURVE ( 'NONE', #7553, #1245, #794, .T. ) ;
#831 = EDGE_LOOP ( 'NONE', ( #215, #281, #5518, #5894 ) ) ;
#832 = ORIENTED_EDGE ( 'NONE', *, *, #5846, .F. ) ;
#833 = ADVANCED_FACE ( 'NONE', ( #92 ), #4533, .F. ) ;
#834 = LINE ( 'NONE', #7037, #1087 ) ;
#835 = ADVANCED_FACE ( 'NONE', ( #7793 ), #2612, .F. ) ;
#836 = VERTEX_POINT ( 'NONE', #5801 ) ;
#837 = LINE ( 'NONE', #5114, #1843 ) ;
#838 = LINE ( 'NONE', #2776, #6077 ) ;
#839 = DIRECTION ( 'NONE',  ( -0.000000000000000000, -0.000000000000000000, 1.000000000000000000 ) ) ;
#840 = ORIENTED_EDGE ( 'NONE', *, *, #2081, .F. ) ;
#841 = LINE ( 'NONE', #2657, #2578 ) ;
#842 = VECTOR ( 'NONE', #6533, 1000.000000000000000 ) ;
#843 = ORIENTED_EDGE ( 'NONE', *, *, #6637, .T. ) ;
#844 = ORIENTED_EDGE ( 'NONE', *, *, #7097, .T. ) ;
#845 = CARTESIAN_POINT ( 'NONE',  ( -2.185000000000001386, 3.200000000000001954, 0.2049999999999998490 ) ) ;
#846 = DIRECTION ( 'NONE',  ( 0.000000000000000000, 0.000000000000000000, -1.000000000000000000 ) ) ;
#847 = DIRECTION ( 'NONE',  ( -1.000000000000000000, -0.000000000000000000, 0.000000000000000000 ) ) ;
#848 = ORIENTED_EDGE ( 'NONE', *, *, #2065, .T. ) ;
#849 = VECTOR ( 'NONE', #4098, 1000.000000000000000 ) ;
#850 = CARTESIAN_POINT ( 'NONE',  ( 7.264999999999999680, -3.420504516109077908, 1.835000000000000187 ) ) ;
#851 = VERTEX_POINT ( 'NONE', #217 ) ;
#852 = EDGE_LOOP ( 'NONE', ( #5289, #5292, #4491, #6629 ) ) ;
#853 = CYLINDRICAL_SURFACE ( 'NONE', #4103, 0.6099999999999996536 ) ;
#854 = VERTEX_POINT ( 'NONE', #6991 ) ;
#855 = DIRECTION ( 'NONE',  ( 0.000000000000000000, -1.000000000000000000, 0.000000000000000000 ) ) ;
#856 = ADVANCED_FACE ( 'NONE', ( #2731 ), #5237, .F. ) ;
#857 = CARTESIAN_POINT ( 'NONE',  ( -5.994999999999998330, 0.000000000000000000, 6.915000000000000924 ) ) ;
#858 = CARTESIAN_POINT ( 'NONE',  ( 7.264999999999999680, 3.200000000000001954, -0.2049999999999992939 ) ) ;
#859 = DIRECTION ( 'NONE',  ( 0.000000000000000000, 0.000000000000000000, -1.000000000000000000 ) ) ;
#860 = CARTESIAN_POINT ( 'NONE',  ( -10.00999999999999979, 14.00999999999999801, -0.6999999999999998446 ) ) ;
#861 = CARTESIAN_POINT ( 'NONE',  ( -5.435000000000001386, 3.200000000000001954, 0.2049999999999997380 ) ) ;
#862 = ORIENTED_EDGE ( 'NONE', *, *, #3289, .T. ) ;
#863 = VECTOR ( 'NONE', #5928, 1000.000000000000114 ) ;
#864 = EDGE_CURVE ( 'NONE', #3217, #3541, #3261, .T. ) ;
#865 = DIRECTION ( 'NONE',  ( 1.000000000000000000, -0.000000000000000000, -0.000000000000000000 ) ) ;
#866 = CARTESIAN_POINT ( 'NONE',  ( -1.624999999999999778, -3.260504516109076434, 7.325000000000000178 ) ) ;
#867 = PLANE ( 'NONE',  #2152 ) ;
#868 = VECTOR ( 'NONE', #2263, 1000.000000000000000 ) ;
#869 = CARTESIAN_POINT ( 'NONE',  ( -5.994999999999998330, 1.334386074560374835, 0.2990746116231762786 ) ) ;
#870 = ORIENTED_EDGE ( 'NONE', *, *, #727, .F. ) ;
#871 = EDGE_CURVE ( 'NONE', #7452, #3693, #7659, .T. ) ;
#872 = ORIENTED_EDGE ( 'NONE', *, *, #1544, .F. ) ;
#873 = VECTOR ( 'NONE', #6227, 1000.000000000000000 ) ;
#874 = CARTESIAN_POINT ( 'NONE',  ( 4.165000000000000924, 1.334386074560374613, 0.2990746116231766116 ) ) ;
#875 = DIRECTION ( 'NONE',  ( 0.000000000000000000, -1.000000000000000000, -2.571471951262813563E-16 ) ) ;
#876 = CARTESIAN_POINT ( 'NONE',  ( -7.265000000000000568, 3.200000000000001954, -0.2049999999999999878 ) ) ;
#877 = EDGE_CURVE ( 'NONE', #6173, #4187, #4775, .T. ) ;
#878 = DIRECTION ( 'NONE',  ( 0.000000000000000000, -1.000000000000000000, 0.000000000000000000 ) ) ;
#879 = VECTOR ( 'NONE', #316, 1000.000000000000114 ) ;
#880 = CARTESIAN_POINT ( 'NONE',  ( 5.434999999999998721, 0.000000000000000000, 1.635000000000000675 ) ) ;
#881 = ORIENTED_EDGE ( 'NONE', *, *, #487, .T. ) ;
#882 = LINE ( 'NONE', #4015, #5710 ) ;
#883 = EDGE_CURVE ( 'NONE', #4801, #3333, #257, .T. ) ;
#884 = COLOUR_RGB ( '',0.7921568627450980005, 0.8196078431372548767, 0.9333333333333333481 ) ;
#885 = ORIENTED_EDGE ( 'NONE', *, *, #1119, .T. ) ;
#886 = EDGE_LOOP ( 'NONE', ( #5245, #4109, #6022, #330, #5601, #6398, #7940, #6553, #5755, #6619, #7980, #7725 ) ) ;
#887 = DIRECTION ( 'NONE',  ( -1.000000000000000000, -0.000000000000000000, -0.000000000000000000 ) ) ;
#888 = DIRECTION ( 'NONE',  ( 0.3420201433256687684, -0.9396926207859083169, 0.000000000000000000 ) ) ;
#889 = CARTESIAN_POINT ( 'NONE',  ( -5.235000000000002984, -3.969999999999997087, 2.244999999999999662 ) ) ;
#890 = EDGE_LOOP ( 'NONE', ( #1983, #366, #748, #2602 ) ) ;
#891 = VECTOR ( 'NONE', #5690, 1000.000000000000000 ) ;
#892 = CARTESIAN_POINT ( 'NONE',  ( -8.534999999999998366, 1.935118803897821982, 0.4049999999999996936 ) ) ;
#893 = ADVANCED_FACE ( 'NONE', ( #2968 ), #4700, .T. ) ;
#894 = ORIENTED_EDGE ( 'NONE', *, *, #2241, .F. ) ;
#895 = ORIENTED_EDGE ( 'NONE', *, *, #6228, .T. ) ;
#896 = CARTESIAN_POINT ( 'NONE',  ( 2.894999999999999130, 1.935118803897821982, 0.2049999999999997380 ) ) ;
#897 = VERTEX_POINT ( 'NONE', #5358 ) ;
#898 = LINE ( 'NONE', #5338, #5513 ) ;
#899 = LINE ( 'NONE', #2756, #1721 ) ;
#900 = CARTESIAN_POINT ( 'NONE',  ( -6.194999999999999396, -3.809999999999997389, 7.325000000000000178 ) ) ;
#901 = PLANE ( 'NONE',  #7536 ) ;
#902 = CARTESIAN_POINT ( 'NONE',  ( -1.624999999999999778, 0.000000000000000000, 6.915000000000000924 ) ) ;
#903 = SURFACE_SIDE_STYLE ('',( #3284 ) ) ;
#904 = ORIENTED_EDGE ( 'NONE', *, *, #7347, .T. ) ;
#905 = FACE_OUTER_BOUND ( 'NONE', #6545, .T. ) ;
#906 = DIRECTION ( 'NONE',  ( 1.000000000000000000, 0.000000000000000000, -0.000000000000000000 ) ) ;
#907 = DIRECTION ( 'NONE',  ( -0.000000000000000000, 1.000000000000000000, 1.285735975631406781E-16 ) ) ;
#908 = CARTESIAN_POINT ( 'NONE',  ( 5.434999999999998721, -3.969999999999997087, 1.834999999999999742 ) ) ;
#909 = EDGE_CURVE ( 'NONE', #3541, #4866, #1615, .T. ) ;
#910 = EDGE_LOOP ( 'NONE', ( #4063, #526 ) ) ;
#911 = ORIENTED_EDGE ( 'NONE', *, *, #1453, .T. ) ;
#912 = FACE_OUTER_BOUND ( 'NONE', #2871, .T. ) ;
#913 = LINE ( 'NONE', #3424, #5197 ) ;
#914 = DIRECTION ( 'NONE',  ( -0.3420201433256687684, 0.9396926207859083169, -0.000000000000000000 ) ) ;
#915 = VECTOR ( 'NONE', #3313, 1000.000000000000114 ) ;
#916 = FACE_OUTER_BOUND ( 'NONE', #7697, .T. ) ;
#917 = FACE_OUTER_BOUND ( 'NONE', #2003, .T. ) ;
#918 = FACE_OUTER_BOUND ( 'NONE', #1337, .T. ) ;
#919 = VECTOR ( 'NONE', #1056, 1000.000000000000114 ) ;
#920 = ORIENTED_EDGE ( 'NONE', *, *, #3289, .F. ) ;
#921 = ORIENTED_EDGE ( 'NONE', *, *, #1974, .F. ) ;
#922 = DIRECTION ( 'NONE',  ( 0.000000000000000000, 1.000000000000000000, 1.092395136005547166E-16 ) ) ;
#923 = EDGE_CURVE ( 'NONE', #515, #4617, #3579, .T. ) ;
#924 = DIRECTION ( 'NONE',  ( 0.000000000000000000, 0.000000000000000000, 1.000000000000000000 ) ) ;
#925 = CARTESIAN_POINT ( 'NONE',  ( 2.894999999999999130, 1.447135020849696474, 0.03897837839542869776 ) ) ;
#926 = ORIENTED_EDGE ( 'NONE', *, *, #7217, .F. ) ;
#927 = EDGE_CURVE ( 'NONE', #7016, #7611, #2280, .T. ) ;
#928 = CARTESIAN_POINT ( 'NONE',  ( -6.505000000000000782, -3.809999999999997389, 7.325000000000000178 ) ) ;
#929 = VECTOR ( 'NONE', #4244, 1000.000000000000000 ) ;
#930 = ORIENTED_EDGE ( 'NONE', *, *, #1564, .T. ) ;
#931 = EDGE_CURVE ( 'NONE', #6792, #6458, #2233, .T. ) ;
#932 = ORIENTED_EDGE ( 'NONE', *, *, #1833, .T. ) ;
#933 =( NAMED_UNIT ( * ) SI_UNIT ( $, .STERADIAN. ) SOLID_ANGLE_UNIT ( ) );
#934 = ORIENTED_EDGE ( 'NONE', *, *, #7775, .F. ) ;
#935 = DIRECTION ( 'NONE',  ( -0.000000000000000000, 0.9848077530122092416, 0.1736481776669237809 ) ) ;
#936 = EDGE_CURVE ( 'NONE', #5798, #3333, #4662, .T. ) ;
#937 = VECTOR ( 'NONE', #7790, 1000.000000000000227 ) ;
#938 = COLOUR_RGB ( '',0.7921568627450980005, 0.8196078431372548767, 0.9333333333333333481 ) ;
#939 = EDGE_CURVE ( 'NONE', #4306, #273, #2198, .T. ) ;
#940 = LINE ( 'NONE', #4684, #7500 ) ;
#941 = DIRECTION ( 'NONE',  ( 0.000000000000000000, 0.000000000000000000, -1.000000000000000000 ) ) ;
#942 = CARTESIAN_POINT ( 'NONE',  ( 7.464999999999998970, -3.969999999999997087, 2.245000000000000107 ) ) ;
#943 = CARTESIAN_POINT ( 'NONE',  ( 2.184999999999999609, 0.1599946829665978842, 1.755007089050679259 ) ) ;
#944 = AXIS2_PLACEMENT_3D ( 'NONE', #5302, #6535, #3993 ) ;
#945 = VECTOR ( 'NONE', #5095, 1000.000000000000000 ) ;
#946 = VERTEX_POINT ( 'NONE', #4049 ) ;
#947 = CARTESIAN_POINT ( 'NONE',  ( 9.245000000000000995, 1.935118803897821982, 0.4050000000000005262 ) ) ;
#948 = CARTESIAN_POINT ( 'NONE',  ( 6.505000000000000782, -3.809999999999997389, 7.325000000000001066 ) ) ;
#949 = MECHANICAL_DESIGN_GEOMETRIC_PRESENTATION_REPRESENTATION (  '', ( #6183 ), #1204 ) ;
#950 = FACE_OUTER_BOUND ( 'NONE', #890, .T. ) ;
#951 = DIRECTION ( 'NONE',  ( -1.000000000000000000, -0.000000000000000000, -0.000000000000000000 ) ) ;
#952 = UNCERTAINTY_MEASURE_WITH_UNIT (LENGTH_MEASURE( 1.000000000000000082E-05 ), #6446, 'distance_accuracy_value', 'NONE');
#953 = CARTESIAN_POINT ( 'NONE',  ( 4.165000000000000924, -3.809999999999997389, 7.325000000000001066 ) ) ;
#954 = ORIENTED_EDGE ( 'NONE', *, *, #2138, .T. ) ;
#955 = ORIENTED_EDGE ( 'NONE', *, *, #6560, .F. ) ;
#956 = DIRECTION ( 'NONE',  ( 0.000000000000000000, 0.000000000000000000, 1.000000000000000000 ) ) ;
#957 = CARTESIAN_POINT ( 'NONE',  ( -8.534999999999998366, 3.200000000000001954, 0.2049999999999995159 ) ) ;
#958 = DIRECTION ( 'NONE',  ( 0.000000000000000000, -0.7999734148329924466, -0.6000354452533959160 ) ) ;
#959 = EDGE_CURVE ( 'NONE', #7807, #4906, #7200, .T. ) ;
#960 = CARTESIAN_POINT ( 'NONE',  ( -2.185000000000001386, 0.000000000000000000, 2.245000000000000107 ) ) ;
#961 = VECTOR ( 'NONE', #5563, 999.9999999999998863 ) ;
#962 = DIRECTION ( 'NONE',  ( 0.000000000000000000, 0.000000000000000000, 1.000000000000000000 ) ) ;
#963 = CARTESIAN_POINT ( 'NONE',  ( 4.924999999999998934, -3.969999999999997087, 2.245000000000000107 ) ) ;
#964 = VECTOR ( 'NONE', #4722, 1000.000000000000000 ) ;
#965 = ORIENTED_EDGE ( 'NONE', *, *, #6700, .T. ) ;
#966 = DIRECTION ( 'NONE',  ( 0.000000000000000000, 0.000000000000000000, 1.000000000000000000 ) ) ;
#967 = ORIENTED_EDGE ( 'NONE', *, *, #442, .T. ) ;
#968 = AXIS2_PLACEMENT_3D ( 'NONE', #4093, #466, #3548 ) ;
#969 = DIRECTION ( 'NONE',  ( -1.000000000000000000, -0.000000000000000000, -0.000000000000000000 ) ) ;
#970 = DIRECTION ( 'NONE',  ( -0.000000000000000000, 1.000000000000000000, 1.285735975631406781E-16 ) ) ;
#971 = FACE_OUTER_BOUND ( 'NONE', #2404, .T. ) ;
#972 = ORIENTED_EDGE ( 'NONE', *, *, #2847, .T. ) ;
#973 = CARTESIAN_POINT ( 'NONE',  ( 8.535000000000000142, 0.6007327293374460364, 6.820925388376825715 ) ) ;
#974 = VECTOR ( 'NONE', #2057, 1000.000000000000114 ) ;
#975 = ORIENTED_EDGE ( 'NONE', *, *, #3691, .T. ) ;
#976 = ORIENTED_EDGE ( 'NONE', *, *, #2241, .T. ) ;
#977 = ORIENTED_EDGE ( 'NONE', *, *, #5821, .T. ) ;
#978 = ADVANCED_FACE ( 'NONE', ( #912 ), #5394, .T. ) ;
#979 = LINE ( 'NONE', #3363, #964 ) ;
#980 = AXIS2_PLACEMENT_3D ( 'NONE', #2285, #2867, #3553 ) ;
#981 = CARTESIAN_POINT ( 'NONE',  ( -3.454999999999999627, 0.000000000000000000, 6.915000000000000924 ) ) ;
#982 = EDGE_CURVE ( 'NONE', #2486, #3047, #5028, .T. ) ;
#983 = DIRECTION ( 'NONE',  ( -0.000000000000000000, 1.000000000000000000, 0.000000000000000000 ) ) ;
#984 = DIRECTION ( 'NONE',  ( -0.9396926207859074287, 0.3420201433256714885, 0.000000000000000000 ) ) ;
#985 = ADVANCED_FACE ( 'NONE', ( #997 ), #5473, .F. ) ;
#986 = VERTEX_POINT ( 'NONE', #4783 ) ;
#987 = DIRECTION ( 'NONE',  ( -0.000000000000000000, 0.000000000000000000, 1.000000000000000000 ) ) ;
#988 = LINE ( 'NONE', #5466, #1716 ) ;
#989 = CARTESIAN_POINT ( 'NONE',  ( -0.3550000000000002598, 0.1599946829665978842, 1.755007089050679037 ) ) ;
#990 = LINE ( 'NONE', #7987, #1496 ) ;
#991 = FILL_AREA_STYLE ('',( #2888 ) ) ;
#992 = VECTOR ( 'NONE', #3755, 1000.000000000000000 ) ;
#993 = EDGE_CURVE ( 'NONE', #8091, #7647, #421, .T. ) ;
#994 = ORIENTED_EDGE ( 'NONE', *, *, #3457, .F. ) ;
#995 = ORIENTED_EDGE ( 'NONE', *, *, #5554, .T. ) ;
#996 = VECTOR ( 'NONE', #5627, 1000.000000000000000 ) ;
#997 = FACE_OUTER_BOUND ( 'NONE', #6502, .T. ) ;
#998 = CARTESIAN_POINT ( 'NONE',  ( 6.705000000000000959, 3.200000000000001954, 0.2050000000000002098 ) ) ;
#999 = CLOSED_SHELL ( 'NONE', ( #1865, #4448, #3544, #2189, #1483, #7068, #3163, #5414, #1083, #2477, #2346, #7102, #3015, #1662, #6952, #4948 ) ) ;
#1000 = DIRECTION ( 'NONE',  ( -1.000000000000000000, -0.000000000000000000, 0.000000000000000000 ) ) ;
#1001 = AXIS2_PLACEMENT_3D ( 'NONE', #3096, #4369, #1732 ) ;
#1002 = LINE ( 'NONE', #6014, #1488 ) ;
#1003 = CARTESIAN_POINT ( 'NONE',  ( 7.264999999999999680, 0.000000000000000000, 1.835000000000000853 ) ) ;
#1004 = DIRECTION ( 'NONE',  ( -0.000000000000000000, 1.000000000000000000, -0.000000000000000000 ) ) ;
#1005 = CIRCLE ( 'NONE', #84, 0.2000000000000002609 ) ;
#1006 = ORIENTED_EDGE ( 'NONE', *, *, #6005, .T. ) ;
#1007 = CARTESIAN_POINT ( 'NONE',  ( 9.245000000000000995, 3.200000000000001954, -0.2049999999999992939 ) ) ;
#1008 = ORIENTED_EDGE ( 'NONE', *, *, #6838, .F. ) ;
#1009 = AXIS2_PLACEMENT_3D ( 'NONE', #1906, #7456, #1295 ) ;
#1010 = FACE_OUTER_BOUND ( 'NONE', #6774, .T. ) ;
#1011 = DIRECTION ( 'NONE',  ( 1.000000000000000000, 0.000000000000000000, 0.000000000000000000 ) ) ;
#1012 = EDGE_LOOP ( 'NONE', ( #4717, #4005, #5249, #4909 ) ) ;
#1013 = LINE ( 'NONE', #5450, #1266 ) ;
#1014 = CIRCLE ( 'NONE', #754, 0.2000000000000002054 ) ;
#1015 = ADVANCED_FACE ( 'NONE', ( #6706 ), #7832, .F. ) ;
#1016 = EDGE_LOOP ( 'NONE', ( #1630, #5832, #6537, #2131 ) ) ;
#1017 = VERTEX_POINT ( 'NONE', #5920 ) ;
#1018 = ORIENTED_EDGE ( 'NONE', *, *, #1284, .T. ) ;
#1019 = FACE_OUTER_BOUND ( 'NONE', #4146, .T. ) ;
#1020 = AXIS2_PLACEMENT_3D ( 'NONE', #233, #2044, #6521 ) ;
#1021 = SURFACE_STYLE_USAGE ( .BOTH. , #3452 ) ;
#1022 = CARTESIAN_POINT ( 'NONE',  ( -7.265000000000000568, -3.969999999999997087, 2.244999999999999218 ) ) ;
#1023 = DIRECTION ( 'NONE',  ( 0.000000000000000000, 0.000000000000000000, -1.000000000000000000 ) ) ;
#1024 = ADVANCED_FACE ( 'NONE', ( #2813 ), #5318, .F. ) ;
#1025 = ORIENTED_EDGE ( 'NONE', *, *, #7699, .T. ) ;
#1026 = VECTOR ( 'NONE', #3890, 1000.000000000000000 ) ;
#1027 = ORIENTED_EDGE ( 'NONE', *, *, #6241, .T. ) ;
#1028 = ADVANCED_FACE ( 'NONE', ( #345 ), #2891, .F. ) ;
#1029 = CARTESIAN_POINT ( 'NONE',  ( -7.974999999999999645, 1.935118803897821982, 0.4049999999999995826 ) ) ;
#1030 = ADVANCED_FACE ( 'NONE', ( #3543 ), #6043, .T. ) ;
#1031 = CARTESIAN_POINT ( 'NONE',  ( 1.625000000000001332, -3.260504516109076434, 6.915000000000001812 ) ) ;
#1032 = LINE ( 'NONE', #2271, #1229 ) ;
#1033 = EDGE_CURVE ( 'NONE', #4412, #5113, #5033, .T. ) ;
#1034 = DIRECTION ( 'NONE',  ( 0.000000000000000000, -0.1736481776669237254, 0.9848077530122092416 ) ) ;
#1035 = ORIENTED_EDGE ( 'NONE', *, *, #2065, .F. ) ;
#1036 = ADVANCED_FACE ( 'NONE', ( #7439 ), #538, .T. ) ;
#1037 = DIRECTION ( 'NONE',  ( -0.000000000000000000, 0.7999734148329924466, 0.6000354452533958050 ) ) ;
#1038 = CARTESIAN_POINT ( 'NONE',  ( 5.434999999999998721, 1.935118803897821982, 0.4050000000000001932 ) ) ;
#1039 = LINE ( 'NONE', #3546, #3028 ) ;
#1040 = EDGE_CURVE ( 'NONE', #7541, #4383, #4241, .T. ) ;
#1041 = DIRECTION ( 'NONE',  ( 0.000000000000000000, -1.285735975631406781E-16, 1.000000000000000000 ) ) ;
#1042 = DIRECTION ( 'NONE',  ( 0.000000000000000000, 0.000000000000000000, -1.000000000000000000 ) ) ;
#1043 = VERTEX_POINT ( 'NONE', #2593 ) ;
#1044 = LINE ( 'NONE', #5970, #3619 ) ;
#1045 = ORIENTED_EDGE ( 'NONE', *, *, #5266, .T. ) ;
#1046 = FACE_OUTER_BOUND ( 'NONE', #7830, .T. ) ;
#1047 = ORIENTED_EDGE ( 'NONE', *, *, #2091, .T. ) ;
#1048 = CARTESIAN_POINT ( 'NONE',  ( 2.894999999999999130, 0.4879837830481246197, 2.001021621604571532 ) ) ;
#1049 = DIRECTION ( 'NONE',  ( -0.000000000000000000, 0.7999734148329924466, 0.6000354452533958050 ) ) ;
#1050 = CARTESIAN_POINT ( 'NONE',  ( -10.00999999999999979, 14.00999999999999801, -2.250000000000000888 ) ) ;
#1051 = CIRCLE ( 'NONE', #2105, 0.2000000000000002609 ) ;
#1052 = VERTEX_POINT ( 'NONE', #1812 ) ;
#1053 = ORIENTED_EDGE ( 'NONE', *, *, #6667, .T. ) ;
#1054 = ORIENTED_EDGE ( 'NONE', *, *, #3896, .F. ) ;
#1055 = EDGE_CURVE ( 'NONE', #4120, #7241, #1486, .T. ) ;
#1056 = DIRECTION ( 'NONE',  ( 0.000000000000000000, -0.1736481776669237254, 0.9848077530122092416 ) ) ;
#1057 = EDGE_CURVE ( 'NONE', #5597, #498, #1152, .T. ) ;
#1058 = VECTOR ( 'NONE', #7661, 1000.000000000000000 ) ;
#1059 = DIRECTION ( 'NONE',  ( 0.000000000000000000, 1.000000000000000000, 1.285735975631406781E-16 ) ) ;
#1060 = ORIENTED_EDGE ( 'NONE', *, *, #1687, .F. ) ;
#1061 = FACE_OUTER_BOUND ( 'NONE', #5337, .T. ) ;
#1062 = ORIENTED_EDGE ( 'NONE', *, *, #1646, .F. ) ;
#1063 =( GEOMETRIC_REPRESENTATION_CONTEXT ( 3 ) GLOBAL_UNCERTAINTY_ASSIGNED_CONTEXT ( ( #2851 ) ) GLOBAL_UNIT_ASSIGNED_CONTEXT ( ( #5144, #7650, #6452 ) ) REPRESENTATION_CONTEXT ( 'NONE', 'WORKASPACE' ) );
#1064 = CARTESIAN_POINT ( 'NONE',  ( 2.894999999999999130, 0.000000000000000000, 1.635000000000000675 ) ) ;
#1065 = DIRECTION ( 'NONE',  ( 0.000000000000000000, -0.6000354452533958050, 0.7999734148329924466 ) ) ;
#1066 = LINE ( 'NONE', #4277, #2205 ) ;
#1067 = CARTESIAN_POINT ( 'NONE',  ( -7.265000000000000568, 1.775124120931223182, 0.2849929109493202772 ) ) ;
#1068 = VECTOR ( 'NONE', #3409, 1000.000000000000000 ) ;
#1069 = VECTOR ( 'NONE', #3222, 1000.000000000000000 ) ;
#1070 = DIRECTION ( 'NONE',  ( 1.000000000000000000, 0.000000000000000000, 0.000000000000000000 ) ) ;
#1071 = ORIENTED_EDGE ( 'NONE', *, *, #481, .F. ) ;
#1072 = DIRECTION ( 'NONE',  ( -1.000000000000000000, -0.000000000000000000, 0.000000000000000000 ) ) ;
#1073 = DIRECTION ( 'NONE',  ( 0.000000000000000000, 0.000000000000000000, 1.000000000000000000 ) ) ;
#1074 = EDGE_CURVE ( 'NONE', #4622, #26, #5677, .T. ) ;
#1075 = DIRECTION ( 'NONE',  ( 0.7071067811865514585, 0.7071067811865435759, 0.000000000000000000 ) ) ;
#1076 = DIRECTION ( 'NONE',  ( 0.3420201433256713774, 0.9396926207859073177, -0.000000000000000000 ) ) ;
#1077 = LINE ( 'NONE', #1201, #6375 ) ;
#1078 = EDGE_CURVE ( 'NONE', #1969, #651, #5094, .T. ) ;
#1079 = ORIENTED_EDGE ( 'NONE', *, *, #2493, .F. ) ;
#1080 = EDGE_LOOP ( 'NONE', ( #4451, #2711, #6670, #2753, #2579, #6424 ) ) ;
#1081 = DIRECTION ( 'NONE',  ( -1.000000000000000000, -0.000000000000000000, -0.000000000000000000 ) ) ;
#1082 = EDGE_CURVE ( 'NONE', #3671, #4365, #7594, .T. ) ;
#1083 = ADVANCED_FACE ( 'NONE', ( #1764 ), #4470, .F. ) ;
#1084 = ORIENTED_EDGE ( 'NONE', *, *, #4047, .F. ) ;
#1085 = CARTESIAN_POINT ( 'NONE',  ( -2.185000000000001386, 0.000000000000000000, 2.245000000000000107 ) ) ;
#1086 = EDGE_LOOP ( 'NONE', ( #7116, #6317, #1918, #6935 ) ) ;
#1087 = VECTOR ( 'NONE', #2688, 1000.000000000000000 ) ;
#1088 = CARTESIAN_POINT ( 'NONE',  ( 10.00999999999999979, 20.82000000000000028, -2.250000000000001332 ) ) ;
#1089 = DIRECTION ( 'NONE',  ( 0.000000000000000000, 0.000000000000000000, 1.000000000000000000 ) ) ;
#1090 = DIRECTION ( 'NONE',  ( 0.000000000000000000, 0.000000000000000000, 1.000000000000000000 ) ) ;
#1091 = DIRECTION ( 'NONE',  ( 0.000000000000000000, 0.000000000000000000, 1.000000000000000000 ) ) ;
#1092 = AXIS2_PLACEMENT_3D ( 'NONE', #3511, #1037, #4741 ) ;
#1093 = VERTEX_POINT ( 'NONE', #3241 ) ;
#1094 = CIRCLE ( 'NONE', #5172, 0.6099999999999996536 ) ;
#1095 = VERTEX_POINT ( 'NONE', #499 ) ;
#1096 = VERTEX_POINT ( 'NONE', #1962 ) ;
#1097 = CARTESIAN_POINT ( 'NONE',  ( -5.994999999999998330, 3.200000000000001954, 0.2049999999999996270 ) ) ;
#1098 = FACE_OUTER_BOUND ( 'NONE', #5583, .T. ) ;
#1099 = PLANE ( 'NONE',  #191 ) ;
#1100 = VECTOR ( 'NONE', #4397, 1000.000000000000000 ) ;
#1101 = CARTESIAN_POINT ( 'NONE',  ( -5.435000000000001386, 0.000000000000000000, 2.245000000000000107 ) ) ;
#1102 = EDGE_LOOP ( 'NONE', ( #4739, #5625, #817, #1490 ) ) ;
#1103 = VERTEX_POINT ( 'NONE', #3660 ) ;
#1104 = VECTOR ( 'NONE', #1115, 1000.000000000000000 ) ;
#1105 = LINE ( 'NONE', #3613, #5276 ) ;
#1106 = DIRECTION ( 'NONE',  ( -0.3420201433256713774, -0.9396926207859073177, -0.000000000000000000 ) ) ;
#1107 = CARTESIAN_POINT ( 'NONE',  ( -5.994999999999998330, 1.334386074560374835, 0.2990746116231762786 ) ) ;
#1108 = VECTOR ( 'NONE', #4326, 1000.000000000000000 ) ;
#1109 = DIRECTION ( 'NONE',  ( 1.000000000000000000, 0.000000000000000000, 0.000000000000000000 ) ) ;
#1110 = EDGE_LOOP ( 'NONE', ( #4795, #6610, #8015, #2920 ) ) ;
#1111 = EDGE_CURVE ( 'NONE', #5317, #5937, #6974, .T. ) ;
#1112 = CARTESIAN_POINT ( 'NONE',  ( -1.114999999999999769, -3.809999999999997389, 7.325000000000000178 ) ) ;
#1113 = DIRECTION ( 'NONE',  ( 0.000000000000000000, 0.000000000000000000, 1.000000000000000000 ) ) ;
#1114 = LINE ( 'NONE', #5396, #143 ) ;
#1115 = DIRECTION ( 'NONE',  ( 0.000000000000000000, 0.000000000000000000, -1.000000000000000000 ) ) ;
#1116 = DIRECTION ( 'NONE',  ( 0.000000000000000000, -1.000000000000000000, -1.285735975631406781E-16 ) ) ;
#1117 = DIRECTION ( 'NONE',  ( -1.000000000000000000, -0.000000000000000000, -0.000000000000000000 ) ) ;
#1118 = DIRECTION ( 'NONE',  ( 0.000000000000000000, 0.000000000000000000, -1.000000000000000000 ) ) ;
#1119 = EDGE_CURVE ( 'NONE', #3805, #7969, #4515, .T. ) ;
#1120 = AXIS2_PLACEMENT_3D ( 'NONE', #7440, #5553, #539 ) ;
#1121 = ORIENTED_EDGE ( 'NONE', *, *, #5641, .F. ) ;
#1122 = AXIS2_PLACEMENT_3D ( 'NONE', #3147, #2537, #3348 ) ;
#1123 = DIRECTION ( 'NONE',  ( 0.000000000000000000, -0.7999734148329924466, -0.6000354452533959160 ) ) ;
#1124 = EDGE_CURVE ( 'NONE', #3340, #2627, #694, .T. ) ;
#1125 = ORIENTED_EDGE ( 'NONE', *, *, #1772, .T. ) ;
#1126 = DIRECTION ( 'NONE',  ( -0.000000000000000000, 1.000000000000000000, -0.000000000000000000 ) ) ;
#1127 = DIRECTION ( 'NONE',  ( -1.000000000000000000, -0.000000000000000000, -0.000000000000000000 ) ) ;
#1128 = EDGE_CURVE ( 'NONE', #6960, #5317, #3196, .T. ) ;
#1129 = LINE ( 'NONE', #1252, #749 ) ;
#1130 = DIRECTION ( 'NONE',  ( 1.000000000000000000, -0.000000000000000000, -0.000000000000000000 ) ) ;
#1131 = AXIS2_PLACEMENT_3D ( 'NONE', #2997, #7224, #5992 ) ;
#1132 = VERTEX_POINT ( 'NONE', #1112 ) ;
#1133 = VERTEX_POINT ( 'NONE', #6824 ) ;
#1134 = ORIENTED_EDGE ( 'NONE', *, *, #2542, .F. ) ;
#1135 = DIRECTION ( 'NONE',  ( 1.000000000000000000, 0.000000000000000000, 0.000000000000000000 ) ) ;
#1136 = DIRECTION ( 'NONE',  ( -1.000000000000000000, -0.000000000000000000, -0.000000000000000000 ) ) ;
#1137 = EDGE_CURVE ( 'NONE', #4332, #3555, #4284, .T. ) ;
#1138 = LINE ( 'NONE', #1582, #5047 ) ;
#1139 = CIRCLE ( 'NONE', #1009, 0.1999999999999996503 ) ;
#1140 = VERTEX_POINT ( 'NONE', #3048 ) ;
#1141 = PLANE ( 'NONE',  #6379 ) ;
#1142 = ORIENTED_EDGE ( 'NONE', *, *, #4803, .F. ) ;
#1143 = ORIENTED_EDGE ( 'NONE', *, *, #4797, .T. ) ;
#1144 = ORIENTED_EDGE ( 'NONE', *, *, #6051, .F. ) ;
#1145 =( GEOMETRIC_REPRESENTATION_CONTEXT ( 3 ) GLOBAL_UNCERTAINTY_ASSIGNED_CONTEXT ( ( #3418 ) ) GLOBAL_UNIT_ASSIGNED_CONTEXT ( ( #574, #3207, #4396 ) ) REPRESENTATION_CONTEXT ( 'NONE', 'WORKASPACE' ) );
#1146 = LINE ( 'NONE', #573, #289 ) ;
#1147 = LINE ( 'NONE', #3656, #1545 ) ;
#1148 = LINE ( 'NONE', #7559, #1752 ) ;
#1149 = ORIENTED_EDGE ( 'NONE', *, *, #430, .T. ) ;
#1150 = PRESENTATION_STYLE_ASSIGNMENT (( #3086 ) ) ;
#1151 = ORIENTED_EDGE ( 'NONE', *, *, #7002, .T. ) ;
#1152 = LINE ( 'NONE', #774, #6075 ) ;
#1153 = DIRECTION ( 'NONE',  ( 0.000000000000000000, 0.000000000000000000, 1.000000000000000000 ) ) ;
#1154 = DIRECTION ( 'NONE',  ( 0.000000000000000000, 0.000000000000000000, -1.000000000000000000 ) ) ;
#1155 = LINE ( 'NONE', #86, #1879 ) ;
#1156 = ADVANCED_FACE ( 'NONE', ( #111 ), #2628, .F. ) ;
#1157 = CYLINDRICAL_SURFACE ( 'NONE', #4683, 0.2000000000000002609 ) ;
#1158 = ORIENTED_EDGE ( 'NONE', *, *, #4358, .T. ) ;
#1159 = LINE ( 'NONE', #7446, #992 ) ;
#1160 = VERTEX_POINT ( 'NONE', #5778 ) ;
#1161 = DIRECTION ( 'NONE',  ( -1.000000000000000000, -0.000000000000000000, -0.000000000000000000 ) ) ;
#1162 = VERTEX_POINT ( 'NONE', #1726 ) ;
#1163 = DIRECTION ( 'NONE',  ( -1.000000000000000000, -0.000000000000000000, 0.000000000000000000 ) ) ;
#1164 = CARTESIAN_POINT ( 'NONE',  ( -10.00999999999999979, 17.77000000000003510, -2.250000000000001332 ) ) ;
#1165 = DIRECTION ( 'NONE',  ( 0.000000000000000000, 0.000000000000000000, 1.000000000000000000 ) ) ;
#1166 = ORIENTED_EDGE ( 'NONE', *, *, #8071, .T. ) ;
#1167 = LINE ( 'NONE', #3677, #1523 ) ;
#1168 = ORIENTED_EDGE ( 'NONE', *, *, #22, .T. ) ;
#1169 = ORIENTED_EDGE ( 'NONE', *, *, #2847, .F. ) ;
#1170 = ORIENTED_EDGE ( 'NONE', *, *, #7882, .F. ) ;
#1171 = CARTESIAN_POINT ( 'NONE',  ( 2.184999999999999609, 0.000000000000000000, 1.635000000000000675 ) ) ;
#1172 = EDGE_CURVE ( 'NONE', #3605, #5818, #2795, .T. ) ;
#1173 = AXIS2_PLACEMENT_3D ( 'NONE', #3019, #1669, #3556 ) ;
#1174 = LINE ( 'NONE', #3686, #1807 ) ;
#1175 = LINE ( 'NONE', #4920, #3342 ) ;
#1176 = ORIENTED_EDGE ( 'NONE', *, *, #4372, .F. ) ;
#1177 = DIRECTION ( 'NONE',  ( -1.000000000000000000, -0.000000000000000000, 0.000000000000000000 ) ) ;
#1178 = ADVANCED_FACE ( 'NONE', ( #2670 ), #1513, .F. ) ;
#1179 = ORIENTED_EDGE ( 'NONE', *, *, #6466, .F. ) ;
#1180 = ORIENTED_EDGE ( 'NONE', *, *, #3781, .T. ) ;
#1181 = EDGE_CURVE ( 'NONE', #2364, #3355, #979, .T. ) ;
#1182 = FILL_AREA_STYLE_COLOUR ( '', #5282 ) ;
#1183 = VECTOR ( 'NONE', #6805, 1000.000000000000000 ) ;
#1184 = EDGE_CURVE ( 'NONE', #763, #2382, #5221, .T. ) ;
#1185 = ORIENTED_EDGE ( 'NONE', *, *, #3792, .T. ) ;
#1186 = PRESENTATION_LAYER_ASSIGNMENT (  '', '', ( #136 ) ) ;
#1187 = PRESENTATION_STYLE_ASSIGNMENT (( #6817 ) ) ;
#1188 = DIRECTION ( 'NONE',  ( -0.000000000000000000, 1.000000000000000000, -0.000000000000000000 ) ) ;
#1189 = FILL_AREA_STYLE_COLOUR ( '', #1592 ) ;
#1190 = AXIS2_PLACEMENT_3D ( 'NONE', #4529, #2643, #790 ) ;
#1191 = AXIS2_PLACEMENT_3D ( 'NONE', #2924, #5427, #6697 ) ;
#1192 = ORIENTED_EDGE ( 'NONE', *, *, #525, .T. ) ;
#1193 = ORIENTED_EDGE ( 'NONE', *, *, #4554, .T. ) ;
#1194 = CARTESIAN_POINT ( 'NONE',  ( -2.895000000000000906, 0.000000000000000000, 1.835000000000000409 ) ) ;
#1195 = DIRECTION ( 'NONE',  ( 0.000000000000000000, -0.000000000000000000, 1.000000000000000000 ) ) ;
#1196 =( LENGTH_UNIT ( ) NAMED_UNIT ( * ) SI_UNIT ( .MILLI., .METRE. ) );
#1197 = AXIS2_PLACEMENT_3D ( 'NONE', #4505, #1459, #2744 ) ;
#1198 = VECTOR ( 'NONE', #5706, 1000.000000000000000 ) ;
#1199 = CARTESIAN_POINT ( 'NONE',  ( -6.704999999999999183, -3.260504516109076434, 6.915000000000000924 ) ) ;
#1200 = CARTESIAN_POINT ( 'NONE',  ( -10.00999999999999979, 14.00999999999999801, -2.250000000000000888 ) ) ;
#1201 = CARTESIAN_POINT ( 'NONE',  ( -7.265000000000000568, 1.775124120931223182, 0.2849929109493202772 ) ) ;
#1202 = ORIENTED_EDGE ( 'NONE', *, *, #172, .F. ) ;
#1203 = DIRECTION ( 'NONE',  ( 0.000000000000000000, -1.000000000000000000, -1.285735975631406781E-16 ) ) ;
#1204 =( GEOMETRIC_REPRESENTATION_CONTEXT ( 3 ) GLOBAL_UNCERTAINTY_ASSIGNED_CONTEXT ( ( #179 ) ) GLOBAL_UNIT_ASSIGNED_CONTEXT ( ( #6813, #8058, #3079 ) ) REPRESENTATION_CONTEXT ( 'NONE', 'WORKASPACE' ) );
#1205 = VECTOR ( 'NONE', #7331, 1000.000000000000114 ) ;
#1206 = ORIENTED_EDGE ( 'NONE', *, *, #4438, .T. ) ;
#1207 = ADVANCED_FACE ( 'NONE', ( #6439 ), #323, .F. ) ;
#1208 = PLANE ( 'NONE',  #3060 ) ;
#1209 = ORIENTED_EDGE ( 'NONE', *, *, #6455, .T. ) ;
#1210 = DIRECTION ( 'NONE',  ( 0.000000000000000000, 0.000000000000000000, 1.000000000000000000 ) ) ;
#1211 = LINE ( 'NONE', #3182, #4357 ) ;
#1212 = LINE ( 'NONE', #6217, #2720 ) ;
#1213 = DIRECTION ( 'NONE',  ( -1.000000000000000000, -0.000000000000000000, -0.000000000000000000 ) ) ;
#1214 = ORIENTED_EDGE ( 'NONE', *, *, #1228, .T. ) ;
#1215 = ORIENTED_EDGE ( 'NONE', *, *, #6198, .T. ) ;
#1216 = ORIENTED_EDGE ( 'NONE', *, *, #5098, .F. ) ;
#1217 = DIRECTION ( 'NONE',  ( 0.000000000000000000, -0.9848077530122092416, -0.1736481776669237254 ) ) ;
#1218 = DIRECTION ( 'NONE',  ( 1.000000000000000000, 0.000000000000000000, 0.000000000000000000 ) ) ;
#1219 = CARTESIAN_POINT ( 'NONE',  ( -8.534999999999998366, 3.200000000000001954, 0.2049999999999995159 ) ) ;
#1220 = VECTOR ( 'NONE', #5880, 1000.000000000000000 ) ;
#1221 = ORIENTED_EDGE ( 'NONE', *, *, #176, .T. ) ;
#1222 = DIRECTION ( 'NONE',  ( 0.000000000000000000, -0.1736481776669237254, 0.9848077530122092416 ) ) ;
#1223 = ORIENTED_EDGE ( 'NONE', *, *, #3076, .T. ) ;
#1224 = EDGE_CURVE ( 'NONE', #3654, #2195, #1597, .T. ) ;
#1225 = VERTEX_POINT ( 'NONE', #3488 ) ;
#1226 = CARTESIAN_POINT ( 'NONE',  ( 1.625000000000001332, 3.200000000000001954, -0.2049999999999996547 ) ) ;
#1227 = ORIENTED_EDGE ( 'NONE', *, *, #7717, .T. ) ;
#1228 = EDGE_CURVE ( 'NONE', #6811, #1093, #1471, .T. ) ;
#1229 = VECTOR ( 'NONE', #951, 1000.000000000000000 ) ;
#1230 = DIRECTION ( 'NONE',  ( 0.000000000000000000, -1.285735975631406781E-16, 1.000000000000000000 ) ) ;
#1231 = CARTESIAN_POINT ( 'NONE',  ( -4.925000000000001599, -3.969999999999997087, 2.244999999999999662 ) ) ;
#1232 = CARTESIAN_POINT ( 'NONE',  ( 2.894999999999999130, 1.935118803897821982, 0.2049999999999997380 ) ) ;
#1233 = ADVANCED_FACE ( 'NONE', ( #7770 ), #242, .F. ) ;
#1234 = ADVANCED_FACE ( 'NONE', ( #2132 ), #198, .F. ) ;
#1235 = ORIENTED_EDGE ( 'NONE', *, *, #5997, .F. ) ;
#1236 = AXIS2_PLACEMENT_3D ( 'NONE', #2632, #5225, #3282 ) ;
#1237 = VERTEX_POINT ( 'NONE', #156 ) ;
#1238 = PLANE ( 'NONE',  #1120 ) ;
#1239 = CARTESIAN_POINT ( 'NONE',  ( -5.435000000000001386, 3.200000000000001954, 0.2049999999999997380 ) ) ;
#1240 = LINE ( 'NONE', #6330, #2170 ) ;
#1241 = DIRECTION ( 'NONE',  ( 0.3420201433256713774, 0.9396926207859073177, -0.000000000000000000 ) ) ;
#1242 = AXIS2_PLACEMENT_3D ( 'NONE', #3731, #3030, #7466 ) ;
#1243 = CARTESIAN_POINT ( 'NONE',  ( 5.434999999999998721, 0.000000000000000000, 1.835000000000000187 ) ) ;
#1244 = ADVANCED_FACE ( 'NONE', ( #7139 ), #6529, .F. ) ;
#1245 = VERTEX_POINT ( 'NONE', #4563 ) ;
#1246 = FACE_OUTER_BOUND ( 'NONE', #6981, .T. ) ;
#1247 = EDGE_LOOP ( 'NONE', ( #1193, #7258, #3200, #6889 ) ) ;
#1248 = CARTESIAN_POINT ( 'NONE',  ( 5.434999999999998721, 1.775124120931223182, 0.2849929109493208879 ) ) ;
#1249 = VERTEX_POINT ( 'NONE', #7062 ) ;
#1250 = PLANE ( 'NONE',  #4990 ) ;
#1251 = CARTESIAN_POINT ( 'NONE',  ( 5.235000000000000320, -3.969999999999997087, 2.245000000000000107 ) ) ;
#1252 = CARTESIAN_POINT ( 'NONE',  ( 0.3549999999999994271, 3.200000000000001954, 0.2049999999999999600 ) ) ;
#1253 = ORIENTED_EDGE ( 'NONE', *, *, #4283, .T. ) ;
#1254 = LINE ( 'NONE', #1908, #4947 ) ;
#1255 = CLOSED_SHELL ( 'NONE', ( #3090, #4065, #518, #636, #5555, #3193, #1028, #5772, #7318, #2549, #206, #7264, #2390, #5441, #3638, #7810 ) ) ;
#1256 = AXIS2_PLACEMENT_3D ( 'NONE', #6426, #4626, #7081 ) ;
#1257 = VERTEX_POINT ( 'NONE', #7728 ) ;
#1258 = ORIENTED_EDGE ( 'NONE', *, *, #6409, .T. ) ;
#1259 = VERTEX_POINT ( 'NONE', #3940 ) ;
#1260 = CARTESIAN_POINT ( 'NONE',  ( 0.9150000000000009237, 0.000000000000000000, 6.715000000000002522 ) ) ;
#1261 = VECTOR ( 'NONE', #3050, 1000.000000000000000 ) ;
#1262 = DIRECTION ( 'NONE',  ( -1.000000000000000000, -0.000000000000000000, -0.000000000000000000 ) ) ;
#1263 = DIRECTION ( 'NONE',  ( 0.000000000000000000, 1.000000000000000000, 2.571471951262813563E-16 ) ) ;
#1264 = EDGE_CURVE ( 'NONE', #7969, #8101, #8016, .T. ) ;
#1265 = ORIENTED_EDGE ( 'NONE', *, *, #5600, .T. ) ;
#1266 = VECTOR ( 'NONE', #1702, 1000.000000000000000 ) ;
#1267 = DIRECTION ( 'NONE',  ( -1.000000000000000000, -0.000000000000000000, 0.000000000000000000 ) ) ;
#1268 = EDGE_LOOP ( 'NONE', ( #7425, #1353, #4503, #1423 ) ) ;
#1269 = CIRCLE ( 'NONE', #7851, 0.1999999999999996503 ) ;
#1270 = FILL_AREA_STYLE_COLOUR ( '', #1599 ) ;
#1271 = DIRECTION ( 'NONE',  ( 0.000000000000000000, 0.000000000000000000, -1.000000000000000000 ) ) ;
#1272 = CARTESIAN_POINT ( 'NONE',  ( 8.535000000000000142, 0.1969615506024410823, 6.749729635533387118 ) ) ;
#1273 = SURFACE_STYLE_USAGE ( .BOTH. , #6324 ) ;
#1274 = EDGE_CURVE ( 'NONE', #4877, #3830, #898, .T. ) ;
#1275 = ORIENTED_EDGE ( 'NONE', *, *, #4150, .T. ) ;
#1276 = VECTOR ( 'NONE', #4850, 1000.000000000000000 ) ;
#1277 = ORIENTED_EDGE ( 'NONE', *, *, #1957, .T. ) ;
#1278 = EDGE_CURVE ( 'NONE', #3333, #7844, #6954, .T. ) ;
#1279 = LINE ( 'NONE', #6784, #2709 ) ;
#1280 = CARTESIAN_POINT ( 'NONE',  ( 5.995000000000000107, 0.1969615506024410823, 6.749729635533387118 ) ) ;
#1281 = CARTESIAN_POINT ( 'NONE',  ( 10.00999999999999979, 14.00999999999999801, -2.250000000000000888 ) ) ;
#1282 = CARTESIAN_POINT ( 'NONE',  ( -5.994999999999998330, -3.260504516109076434, 6.915000000000000924 ) ) ;
#1283 = VECTOR ( 'NONE', #200, 1000.000000000000000 ) ;
#1284 = EDGE_CURVE ( 'NONE', #5273, #5785, #6567, .T. ) ;
#1285 = PLANE ( 'NONE',  #3364 ) ;
#1286 = EDGE_LOOP ( 'NONE', ( #3528, #3586, #4223, #5573 ) ) ;
#1287 = PLANE ( 'NONE',  #2835 ) ;
#1288 = EDGE_CURVE ( 'NONE', #4171, #6391, #2242, .T. ) ;
#1289 = ORIENTED_EDGE ( 'NONE', *, *, #7283, .T. ) ;
#1290 = DIRECTION ( 'NONE',  ( -0.000000000000000000, 1.000000000000000000, 1.285735975631406781E-16 ) ) ;
#1291 = ADVANCED_FACE ( 'NONE', ( #2176 ), #4682, .F. ) ;
#1292 = VERTEX_POINT ( 'NONE', #8009 ) ;
#1293 = CARTESIAN_POINT ( 'NONE',  ( -9.244999999999999218, 1.334386074560374613, 0.2990746116231760010 ) ) ;
#1294 = DIRECTION ( 'NONE',  ( -1.000000000000000000, -0.000000000000000000, -0.000000000000000000 ) ) ;
#1295 = DIRECTION ( 'NONE',  ( 0.000000000000000000, 0.000000000000000000, -1.000000000000000000 ) ) ;
#1296 = ORIENTED_EDGE ( 'NONE', *, *, #6815, .F. ) ;
#1297 = CARTESIAN_POINT ( 'NONE',  ( 4.165000000000000924, 3.200000000000001954, -0.2049999999999995437 ) ) ;
#1298 = EDGE_LOOP ( 'NONE', ( #1025, #4240, #4917, #995, #5244, #1827 ) ) ;
#1299 = ORIENTED_EDGE ( 'NONE', *, *, #7513, .T. ) ;
#1300 = CARTESIAN_POINT ( 'NONE',  ( 7.974999999999999645, 0.000000000000000000, 1.635000000000000897 ) ) ;
#1301 = DIRECTION ( 'NONE',  ( 1.000000000000000000, 0.000000000000000000, 0.000000000000000000 ) ) ;
#1302 = CARTESIAN_POINT ( 'NONE',  ( 10.00999999999999979, 3.200000000000001954, -2.250000000000000444 ) ) ;
#1303 = VERTEX_POINT ( 'NONE', #6652 ) ;
#1304 = LINE ( 'NONE', #4317, #5145 ) ;
#1305 = ORIENTED_EDGE ( 'NONE', *, *, #2318, .T. ) ;
#1306 = ADVANCED_FACE ( 'NONE', ( #5496 ), #6106, .F. ) ;
#1307 = CARTESIAN_POINT ( 'NONE',  ( -10.00999999999999979, 3.200000000000002398, -2.250000000000000888 ) ) ;
#1308 = LINE ( 'NONE', #1804, #622 ) ;
#1309 = CARTESIAN_POINT ( 'NONE',  ( -1.624999999999999778, 1.935118803897821982, 0.4050000000000000266 ) ) ;
#1310 = ORIENTED_EDGE ( 'NONE', *, *, #1288, .F. ) ;
#1311 = DIRECTION ( 'NONE',  ( 0.000000000000000000, 0.000000000000000000, -1.000000000000000000 ) ) ;
#1312 = AXIS2_PLACEMENT_3D ( 'NONE', #7972, #2299, #4151 ) ;
#1313 = ORIENTED_EDGE ( 'NONE', *, *, #6583, .T. ) ;
#1314 = ORIENTED_EDGE ( 'NONE', *, *, #1224, .T. ) ;
#1315 = CARTESIAN_POINT ( 'NONE',  ( 9.245000000000000995, -3.260504516109076434, 0.4050000000000005262 ) ) ;
#1316 = DIRECTION ( 'NONE',  ( 0.000000000000000000, -1.000000000000000000, -1.092395136005546919E-16 ) ) ;
#1317 = CARTESIAN_POINT ( 'NONE',  ( 2.184999999999999609, 0.000000000000000000, 1.835000000000000187 ) ) ;
#1318 = CARTESIAN_POINT ( 'NONE',  ( 1.114999999999999769, -3.809999999999997389, 6.915000000000001812 ) ) ;
#1319 = VECTOR ( 'NONE', #425, 1000.000000000000000 ) ;
#1320 = CARTESIAN_POINT ( 'NONE',  ( 9.245000000000000995, 0.000000000000000000, 7.325000000000001066 ) ) ;
#1321 = ADVANCED_FACE ( 'NONE', ( #4190 ), #4805, .F. ) ;
#1322 = ORIENTED_EDGE ( 'NONE', *, *, #2994, .F. ) ;
#1323 = DIRECTION ( 'NONE',  ( -0.000000000000000000, 1.000000000000000000, 0.000000000000000000 ) ) ;
#1324 = STYLED_ITEM ( 'NONE', ( #8023 ), #7750 ) ;
#1325 = EDGE_LOOP ( 'NONE', ( #5089, #2911, #5964, #4649 ) ) ;
#1326 = FACE_OUTER_BOUND ( 'NONE', #7487, .T. ) ;
#1327 = EDGE_CURVE ( 'NONE', #8103, #655, #7222, .T. ) ;
#1328 = FACE_OUTER_BOUND ( 'NONE', #7931, .T. ) ;
#1329 = DIRECTION ( 'NONE',  ( 0.000000000000000000, 0.000000000000000000, 1.000000000000000000 ) ) ;
#1330 = EDGE_LOOP ( 'NONE', ( #604, #3388, #5618, #7653 ) ) ;
#1331 = EDGE_LOOP ( 'NONE', ( #3308, #1557, #872, #5062 ) ) ;
#1332 = CARTESIAN_POINT ( 'NONE',  ( 1.625000000000001332, 0.000000000000000000, 6.915000000000001812 ) ) ;
#1333 = EDGE_CURVE ( 'NONE', #4213, #1463, #4918, .T. ) ;
#1334 = VECTOR ( 'NONE', #2533, 1000.000000000000000 ) ;
#1335 = ADVANCED_FACE ( 'NONE', ( #1019 ), #7418, .F. ) ;
#1336 = ORIENTED_EDGE ( 'NONE', *, *, #5384, .F. ) ;
#1337 = EDGE_LOOP ( 'NONE', ( #3038, #2232, #7591, #3266 ) ) ;
#1338 = DIRECTION ( 'NONE',  ( 0.000000000000000000, -0.1736481776669237254, 0.9848077530122092416 ) ) ;
#1339 = CARTESIAN_POINT ( 'NONE',  ( 6.705000000000000959, -3.260504516109076434, 0.4050000000000004152 ) ) ;
#1340 = CARTESIAN_POINT ( 'NONE',  ( 2.184999999999999609, 1.775124120931223182, 0.2849929109493207768 ) ) ;
#1341 = ORIENTED_EDGE ( 'NONE', *, *, #722, .F. ) ;
#1342 = VERTEX_POINT ( 'NONE', #368 ) ;
#1343 = DIRECTION ( 'NONE',  ( -1.000000000000000000, -0.000000000000000000, -0.000000000000000000 ) ) ;
#1344 = VERTEX_POINT ( 'NONE', #5419 ) ;
#1345 = DIRECTION ( 'NONE',  ( 0.000000000000000000, 0.000000000000000000, 1.000000000000000000 ) ) ;
#1346 = VECTOR ( 'NONE', #593, 1000.000000000000000 ) ;
#1347 = DIRECTION ( 'NONE',  ( 0.9925461516413228713, 0.000000000000000000, -0.1218693434051412311 ) ) ;
#1348 = CARTESIAN_POINT ( 'NONE',  ( -2.895000000000000906, 3.200000000000001954, 0.2049999999999998490 ) ) ;
#1349 = DIRECTION ( 'NONE',  ( 1.000000000000000000, 0.000000000000000000, -0.000000000000000000 ) ) ;
#1350 = ORIENTED_EDGE ( 'NONE', *, *, #1884, .T. ) ;
#1351 = ADVANCED_FACE ( 'NONE', ( #7301 ), #4227, .F. ) ;
#1352 = EDGE_LOOP ( 'NONE', ( #15, #1922, #2708, #4587 ) ) ;
#1353 = ORIENTED_EDGE ( 'NONE', *, *, #4155, .F. ) ;
#1354 = CIRCLE ( 'NONE', #7523, 0.6099999999999998757 ) ;
#1355 = LINE ( 'NONE', #4523, #4147 ) ;
#1356 = LINE ( 'NONE', #3868, #6709 ) ;
#1357 = CYLINDRICAL_SURFACE ( 'NONE', #5698, 0.1999999999999996503 ) ;
#1358 = CARTESIAN_POINT ( 'NONE',  ( 8.535000000000000142, 3.200000000000001954, 0.2050000000000003209 ) ) ;
#1359 = ORIENTED_EDGE ( 'NONE', *, *, #5307, .F. ) ;
#1360 = AXIS2_PLACEMENT_3D ( 'NONE', #7776, #5867, #4645 ) ;
#1361 = DIRECTION ( 'NONE',  ( -1.000000000000000000, -0.000000000000000000, -0.000000000000000000 ) ) ;
#1362 = EDGE_CURVE ( 'NONE', #4306, #4557, #2992, .T. ) ;
#1363 = ORIENTED_EDGE ( 'NONE', *, *, #2339, .F. ) ;
#1364 = DIRECTION ( 'NONE',  ( 0.000000000000000000, -1.000000000000000000, 0.000000000000000000 ) ) ;
#1365 = ORIENTED_EDGE ( 'NONE', *, *, #7601, .T. ) ;
#1366 = VECTOR ( 'NONE', #5329, 1000.000000000000000 ) ;
#1367 = LINE ( 'NONE', #3877, #1058 ) ;
#1368 = DIRECTION ( 'NONE',  ( 0.000000000000000000, 0.1736481776669237254, -0.9848077530122092416 ) ) ;
#1369 = PLANE ( 'NONE',  #4170 ) ;
#1370 = EDGE_CURVE ( 'NONE', #1512, #4194, #2415, .T. ) ;
#1371 = ORIENTED_EDGE ( 'NONE', *, *, #8071, .F. ) ;
#1372 = LINE ( 'NONE', #1332, #7025 ) ;
#1373 = EDGE_CURVE ( 'NONE', #6387, #7471, #4843, .T. ) ;
#1374 = VERTEX_POINT ( 'NONE', #5376 ) ;
#1375 = ORIENTED_EDGE ( 'NONE', *, *, #124, .F. ) ;
#1376 = DIRECTION ( 'NONE',  ( 0.000000000000000000, 0.1736481776669237254, -0.9848077530122092416 ) ) ;
#1377 = EDGE_CURVE ( 'NONE', #854, #551, #4880, .T. ) ;
#1378 = PRESENTATION_STYLE_ASSIGNMENT (( #2042 ) ) ;
#1379 = LINE ( 'NONE', #3354, #1026 ) ;
#1380 = EDGE_CURVE ( 'NONE', #2165, #6387, #3023, .T. ) ;
#1381 = LINE ( 'NONE', #3274, #2718 ) ;
#1382 = VECTOR ( 'NONE', #6053, 1000.000000000000114 ) ;
#1383 = VERTEX_POINT ( 'NONE', #4767 ) ;
#1384 = ORIENTED_EDGE ( 'NONE', *, *, #1082, .F. ) ;
#1385 = SURFACE_SIDE_STYLE ('',( #7017 ) ) ;
#1386 = ORIENTED_EDGE ( 'NONE', *, *, #4954, .T. ) ;
#1387 = AXIS2_PLACEMENT_3D ( 'NONE', #5277, #2156, #4663 ) ;
#1388 = DIRECTION ( 'NONE',  ( 0.000000000000000000, -0.9848077530122092416, -0.1736481776669237254 ) ) ;
#1389 = AXIS2_PLACEMENT_3D ( 'NONE', #4668, #5884, #7798 ) ;
#1390 = EDGE_CURVE ( 'NONE', #37, #4306, #3645, .T. ) ;
#1391 = FACE_OUTER_BOUND ( 'NONE', #6676, .T. ) ;
#1392 = DIRECTION ( 'NONE',  ( 0.000000000000000000, 0.000000000000000000, 1.000000000000000000 ) ) ;
#1393 = DIRECTION ( 'NONE',  ( 0.000000000000000000, -1.000000000000000000, -1.285735975631406781E-16 ) ) ;
#1394 = VERTEX_POINT ( 'NONE', #1675 ) ;
#1395 = AXIS2_PLACEMENT_3D ( 'NONE', #274, #7054, #6523 ) ;
#1396 = ORIENTED_EDGE ( 'NONE', *, *, #7108, .T. ) ;
#1397 = ORIENTED_EDGE ( 'NONE', *, *, #6100, .T. ) ;
#1398 = AXIS2_PLACEMENT_3D ( 'NONE', #5490, #8004, #6882 ) ;
#1399 = CARTESIAN_POINT ( 'NONE',  ( 7.974999999999999645, 3.200000000000001954, 0.2050000000000003209 ) ) ;
#1400 = FACE_OUTER_BOUND ( 'NONE', #7900, .T. ) ;
#1401 = CARTESIAN_POINT ( 'NONE',  ( -5.994999999999998330, -3.260504516109076434, 0.4049999999999998046 ) ) ;
#1402 = CARTESIAN_POINT ( 'NONE',  ( -8.534999999999998366, 0.6007327293374460364, 6.820925388376824827 ) ) ;
#1403 = VECTOR ( 'NONE', #3700, 1000.000000000000000 ) ;
#1404 = PLANE ( 'NONE',  #5526 ) ;
#1405 = ORIENTED_EDGE ( 'NONE', *, *, #2100, .T. ) ;
#1406 = ORIENTED_EDGE ( 'NONE', *, *, #7515, .F. ) ;
#1407 = LINE ( 'NONE', #5155, #6201 ) ;
#1408 = EDGE_LOOP ( 'NONE', ( #7757, #4354, #761, #150 ) ) ;
#1409 = VECTOR ( 'NONE', #2955, 1000.000000000000000 ) ;
#1410 = LINE ( 'NONE', #259, #275 ) ;
#1411 = EDGE_CURVE ( 'NONE', #6090, #2729, #5124, .T. ) ;
#1412 = CARTESIAN_POINT ( 'NONE',  ( 4.165000000000000924, -3.260504516109076434, 7.325000000000001066 ) ) ;
#1413 = PLANE ( 'NONE',  #2061 ) ;
#1414 = ORIENTED_EDGE ( 'NONE', *, *, #1078, .F. ) ;
#1415 = PLANE ( 'NONE',  #1256 ) ;
#1416 = VECTOR ( 'NONE', #3273, 1000.000000000000114 ) ;
#1417 = VERTEX_POINT ( 'NONE', #8049 ) ;
#1418 = ORIENTED_EDGE ( 'NONE', *, *, #2639, .T. ) ;
#1419 = LINE ( 'NONE', #3932, #2362 ) ;
#1420 = CARTESIAN_POINT ( 'NONE',  ( -2.895000000000000906, 1.935118803897821982, 0.4049999999999998046 ) ) ;
#1421 = DIRECTION ( 'NONE',  ( 0.000000000000000000, 0.000000000000000000, 1.000000000000000000 ) ) ;
#1422 = LINE ( 'NONE', #3891, #486 ) ;
#1423 = ORIENTED_EDGE ( 'NONE', *, *, #8123, .T. ) ;
#1424 = EDGE_LOOP ( 'NONE', ( #6350, #6895, #1733, #332 ) ) ;
#1425 = CARTESIAN_POINT ( 'NONE',  ( 9.849012804078867589, 14.03932887347835923, -0.9388645059500262402 ) ) ;
#1426 = VERTEX_POINT ( 'NONE', #4309 ) ;
#1427 = EDGE_CURVE ( 'NONE', #1789, #4120, #2914, .T. ) ;
#1428 = DIRECTION ( 'NONE',  ( -0.9925461516413228713, 0.000000000000000000, -0.1218693434051412589 ) ) ;
#1429 = CARTESIAN_POINT ( 'NONE',  ( 0.3549999999999994271, 3.200000000000001954, 0.2049999999999999600 ) ) ;
#1430 = FACE_OUTER_BOUND ( 'NONE', #3403, .T. ) ;
#1431 = EDGE_CURVE ( 'NONE', #5855, #3692, #793, .T. ) ;
#1432 = CARTESIAN_POINT ( 'NONE',  ( -3.454999999999999627, 0.000000000000000000, 6.715000000000001634 ) ) ;
#1433 = PRESENTATION_STYLE_ASSIGNMENT (( #1273 ) ) ;
#1434 = ADVANCED_FACE ( 'NONE', ( #563 ), #105, .F. ) ;
#1435 = EDGE_CURVE ( 'NONE', #3534, #5494, #2502, .T. ) ;
#1436 = VERTEX_POINT ( 'NONE', #5085 ) ;
#1437 = CYLINDRICAL_SURFACE ( 'NONE', #3663, 0.6099999999999996536 ) ;
#1438 = CARTESIAN_POINT ( 'NONE',  ( 5.995000000000000107, -3.260504516109076434, 7.325000000000001066 ) ) ;
#1439 = CARTESIAN_POINT ( 'NONE',  ( -10.00999999999999979, 17.77000000000003510, -2.250000000000001332 ) ) ;
#1440 = FACE_OUTER_BOUND ( 'NONE', #720, .T. ) ;
#1441 = AXIS2_PLACEMENT_3D ( 'NONE', #6341, #6880, #3181 ) ;
#1442 = CARTESIAN_POINT ( 'NONE',  ( -9.244999999999999218, 1.738157253295379956, 0.3702703644666149319 ) ) ;
#1443 = ORIENTED_EDGE ( 'NONE', *, *, #5733, .T. ) ;
#1444 = ORIENTED_EDGE ( 'NONE', *, *, #7133, .T. ) ;
#1445 = CARTESIAN_POINT ( 'NONE',  ( -4.725000000000001421, -3.969999999999997087, 2.244999999999999662 ) ) ;
#1446 = ORIENTED_EDGE ( 'NONE', *, *, #2900, .F. ) ;
#1447 = DIRECTION ( 'NONE',  ( -1.000000000000000000, -0.000000000000000000, -0.000000000000000000 ) ) ;
#1448 = VECTOR ( 'NONE', #2614, 1000.000000000000000 ) ;
#1449 = CARTESIAN_POINT ( 'NONE',  ( 7.974999999999999645, -3.420504516109076132, 0.4050000000000003042 ) ) ;
#1450 = CARTESIAN_POINT ( 'NONE',  ( -9.457469475936957082, 3.451094427046427437, 2.249999999999999556 ) ) ;
#1451 = ORIENTED_EDGE ( 'NONE', *, *, #1725, .F. ) ;
#1452 = LINE ( 'NONE', #6347, #7289 ) ;
#1453 = EDGE_CURVE ( 'NONE', #6242, #5327, #7896, .T. ) ;
#1454 = COLOUR_RGB ( '',0.7921568627450980005, 0.8196078431372548767, 0.9333333333333333481 ) ;
#1455 = VECTOR ( 'NONE', #1760, 1000.000000000000000 ) ;
#1456 = ORIENTED_EDGE ( 'NONE', *, *, #3055, .F. ) ;
#1457 = ORIENTED_EDGE ( 'NONE', *, *, #1494, .T. ) ;
#1458 = DIRECTION ( 'NONE',  ( -1.000000000000000000, -0.000000000000000000, 0.000000000000000000 ) ) ;
#1459 = DIRECTION ( 'NONE',  ( 0.000000000000000000, 1.285735975631406781E-16, -1.000000000000000000 ) ) ;
#1460 =( GEOMETRIC_REPRESENTATION_CONTEXT ( 3 ) GLOBAL_UNCERTAINTY_ASSIGNED_CONTEXT ( ( #2159 ) ) GLOBAL_UNIT_ASSIGNED_CONTEXT ( ( #5852, #3230, #6308 ) ) REPRESENTATION_CONTEXT ( 'NONE', 'WORKASPACE' ) );
#1461 = VECTOR ( 'NONE', #8140, 1000.000000000000000 ) ;
#1462 = CARTESIAN_POINT ( 'NONE',  ( -3.454999999999999627, 0.000000000000000000, 7.325000000000000178 ) ) ;
#1463 = VERTEX_POINT ( 'NONE', #4384 ) ;
#1464 = DIRECTION ( 'NONE',  ( 0.000000000000000000, 0.000000000000000000, 1.000000000000000000 ) ) ;
#1465 = ORIENTED_EDGE ( 'NONE', *, *, #1713, .F. ) ;
#1466 = EDGE_LOOP ( 'NONE', ( #6873, #2548, #3798, #2589 ) ) ;
#1467 = EDGE_LOOP ( 'NONE', ( #5433, #612, #4887, #4371, #5562, #1681, #4437, #3042, #491, #1787, #6378, #2822 ) ) ;
#1468 =( NAMED_UNIT ( * ) SI_UNIT ( $, .STERADIAN. ) SOLID_ANGLE_UNIT ( ) );
#1469 = VECTOR ( 'NONE', #5901, 1000.000000000000114 ) ;
#1470 = VERTEX_POINT ( 'NONE', #5044 ) ;
#1471 = LINE ( 'NONE', #818, #7613 ) ;
#1472 = CARTESIAN_POINT ( 'NONE',  ( -5.435000000000001386, 3.200000000000001954, 0.2049999999999997380 ) ) ;
#1473 = CARTESIAN_POINT ( 'NONE',  ( 6.705000000000000959, 1.738157253295379956, 0.3702703644666156535 ) ) ;
#1474 = CARTESIAN_POINT ( 'NONE',  ( 0.3549999999999994271, 0.000000000000000000, 1.635000000000000453 ) ) ;
#1475 = DIRECTION ( 'NONE',  ( -0.000000000000000000, 1.000000000000000000, 1.285735975631406781E-16 ) ) ;
#1476 = EDGE_CURVE ( 'NONE', #3983, #3977, #7547, .T. ) ;
#1477 = PLANE ( 'NONE',  #7779 ) ;
#1478 = EDGE_LOOP ( 'NONE', ( #8065, #7600, #4447, #4671 ) ) ;
#1479 = EDGE_CURVE ( 'NONE', #2453, #5052, #6848, .T. ) ;
#1480 = VECTOR ( 'NONE', #4815, 1000.000000000000114 ) ;
#1481 = FACE_OUTER_BOUND ( 'NONE', #639, .T. ) ;
#1482 = CARTESIAN_POINT ( 'NONE',  ( 7.974999999999999645, -3.969999999999997087, 2.245000000000000107 ) ) ;
#1483 = ADVANCED_FACE ( 'NONE', ( #3151 ), #1914, .T. ) ;
#1484 = DIRECTION ( 'NONE',  ( -0.9396926207859074287, 0.3420201433256714885, 0.000000000000000000 ) ) ;
#1485 = DIRECTION ( 'NONE',  ( -1.000000000000000000, -0.000000000000000000, -0.000000000000000000 ) ) ;
#1486 = CIRCLE ( 'NONE', #8060, 0.2000000000000002609 ) ;
#1487 = LINE ( 'NONE', #4445, #7959 ) ;
#1488 = VECTOR ( 'NONE', #3134, 1000.000000000000114 ) ;
#1489 = ORIENTED_EDGE ( 'NONE', *, *, #5846, .T. ) ;
#1490 = ORIENTED_EDGE ( 'NONE', *, *, #2081, .T. ) ;
#1491 = CARTESIAN_POINT ( 'NONE',  ( 10.00999999999999979, 14.00999999999999801, -0.6999999999999998446 ) ) ;
#1492 = CARTESIAN_POINT ( 'NONE',  ( 1.625000000000001332, 1.738157253295379956, 0.3702703644666154315 ) ) ;
#1493 = PLANE ( 'NONE',  #1593 ) ;
#1494 = EDGE_CURVE ( 'NONE', #6391, #655, #5003, .T. ) ;
#1495 = CARTESIAN_POINT ( 'NONE',  ( 9.245000000000000995, 0.000000000000000000, 6.915000000000001812 ) ) ;
#1496 = VECTOR ( 'NONE', #6117, 1000.000000000000000 ) ;
#1497 = CARTESIAN_POINT ( 'NONE',  ( -2.895000000000000906, 0.4879837830481246197, 2.001021621604571532 ) ) ;
#1498 = ORIENTED_EDGE ( 'NONE', *, *, #2435, .T. ) ;
#1499 = CARTESIAN_POINT ( 'NONE',  ( 7.974999999999999645, 3.200000000000001954, 0.2050000000000003209 ) ) ;
#1500 = VECTOR ( 'NONE', #4867, 1000.000000000000000 ) ;
#1501 = VERTEX_POINT ( 'NONE', #7007 ) ;
#1502 = ORIENTED_EDGE ( 'NONE', *, *, #2898, .T. ) ;
#1503 = DIRECTION ( 'NONE',  ( 0.000000000000000000, 0.000000000000000000, -1.000000000000000000 ) ) ;
#1504 = CARTESIAN_POINT ( 'NONE',  ( 1.425000000000000933, -3.809999999999997389, 7.325000000000001066 ) ) ;
#1505 = LINE ( 'NONE', #7130, #629 ) ;
#1506 = ORIENTED_EDGE ( 'NONE', *, *, #1224, .F. ) ;
#1507 = AXIS2_PLACEMENT_3D ( 'NONE', #6248, #7482, #5024 ) ;
#1508 = LINE ( 'NONE', #7013, #5080 ) ;
#1509 = ORIENTED_EDGE ( 'NONE', *, *, #3283, .T. ) ;
#1510 = ORIENTED_EDGE ( 'NONE', *, *, #3234, .F. ) ;
#1511 = FACE_OUTER_BOUND ( 'NONE', #2929, .T. ) ;
#1512 = VERTEX_POINT ( 'NONE', #7505 ) ;
#1513 = CYLINDRICAL_SURFACE ( 'NONE', #5946, 0.1999999999999996503 ) ;
#1514 = FACE_OUTER_BOUND ( 'NONE', #6893, .T. ) ;
#1515 = EDGE_CURVE ( 'NONE', #6920, #1595, #1831, .T. ) ;
#1516 = DIRECTION ( 'NONE',  ( 0.000000000000000000, -0.6000354452533958050, 0.7999734148329924466 ) ) ;
#1517 = CARTESIAN_POINT ( 'NONE',  ( 0.3549999999999994271, 1.935118803897821982, 0.4049999999999999711 ) ) ;
#1518 = DIRECTION ( 'NONE',  ( 0.000000000000000000, 0.000000000000000000, 1.000000000000000000 ) ) ;
#1519 =( NAMED_UNIT ( * ) SI_UNIT ( $, .STERADIAN. ) SOLID_ANGLE_UNIT ( ) );
#1520 = ORIENTED_EDGE ( 'NONE', *, *, #6802, .F. ) ;
#1521 = AXIS2_PLACEMENT_3D ( 'NONE', #386, #5511, #7396 ) ;
#1522 = EDGE_LOOP ( 'NONE', ( #5849, #2660, #3508, #7416, #648, #409 ) ) ;
#1523 = VECTOR ( 'NONE', #6178, 1000.000000000000114 ) ;
#1524 = PLANE ( 'NONE',  #6762 ) ;
#1525 = CARTESIAN_POINT ( 'NONE',  ( -5.994999999999998330, 1.935118803897821982, 0.4049999999999998046 ) ) ;
#1526 = CARTESIAN_POINT ( 'NONE',  ( 7.264999999999999680, 0.1599946829665978842, 1.755007089050679481 ) ) ;
#1527 = CYLINDRICAL_SURFACE ( 'NONE', #5680, 0.1999999999999996503 ) ;
#1528 = VECTOR ( 'NONE', #2863, 1000.000000000000000 ) ;
#1529 = UNCERTAINTY_MEASURE_WITH_UNIT (LENGTH_MEASURE( 1.000000000000000082E-05 ), #1886, 'distance_accuracy_value', 'NONE');
#1530 = CARTESIAN_POINT ( 'NONE',  ( 9.245000000000000995, 1.334386074560374835, 0.2990746116231770002 ) ) ;
#1531 = EDGE_LOOP ( 'NONE', ( #7449, #6160, #885, #1371, #6060, #5712 ) ) ;
#1532 = ADVANCED_FACE ( 'NONE', ( #7463 ), #6307, .F. ) ;
#1533 = ORIENTED_EDGE ( 'NONE', *, *, #3741, .T. ) ;
#1534 = VECTOR ( 'NONE', #8054, 1000.000000000000227 ) ;
#1535 = CARTESIAN_POINT ( 'NONE',  ( 5.434999999999998721, 0.000000000000000000, 1.835000000000000631 ) ) ;
#1536 = CARTESIAN_POINT ( 'NONE',  ( -4.725000000000001421, 0.000000000000000000, 1.635000000000000231 ) ) ;
#1537 = ADVANCED_FACE ( 'NONE', ( #3729 ), #4422, .F. ) ;
#1538 = LINE ( 'NONE', #876, #2904 ) ;
#1539 = CARTESIAN_POINT ( 'NONE',  ( 4.165000000000000924, 3.200000000000001954, 0.2050000000000000711 ) ) ;
#1540 = CARTESIAN_POINT ( 'NONE',  ( -4.725000000000001421, 1.775124120931223182, 0.2849929109493203883 ) ) ;
#1541 = EDGE_CURVE ( 'NONE', #2037, #1043, #685, .T. ) ;
#1542 = DIRECTION ( 'NONE',  ( 0.000000000000000000, -1.285735975631406781E-16, 1.000000000000000000 ) ) ;
#1543 = ADVANCED_FACE ( 'NONE', ( #8093 ), #3229, .F. ) ;
#1544 = EDGE_CURVE ( 'NONE', #1747, #7352, #3412, .T. ) ;
#1545 = VECTOR ( 'NONE', #5096, 1000.000000000000000 ) ;
#1546 = ORIENTED_EDGE ( 'NONE', *, *, #2493, .T. ) ;
#1547 = VERTEX_POINT ( 'NONE', #5687 ) ;
#1548 = DIRECTION ( 'NONE',  ( 0.000000000000000000, -0.000000000000000000, 1.000000000000000000 ) ) ;
#1549 = CARTESIAN_POINT ( 'NONE',  ( -2.185000000000001386, 1.775124120931223182, 0.2849929109493204993 ) ) ;
#1550 = CARTESIAN_POINT ( 'NONE',  ( -7.974999999999999645, -3.420504516109077908, 1.834999999999999520 ) ) ;
#1551 = ORIENTED_EDGE ( 'NONE', *, *, #7404, .T. ) ;
#1552 = CIRCLE ( 'NONE', #7864, 0.6099999999999989875 ) ;
#1553 = FACE_OUTER_BOUND ( 'NONE', #5643, .T. ) ;
#1554 = VERTEX_POINT ( 'NONE', #6965 ) ;
#1555 = ORIENTED_EDGE ( 'NONE', *, *, #6051, .T. ) ;
#1556 = PRODUCT_CONTEXT ( 'NONE', #5984, 'mechanical' ) ;
#1557 = ORIENTED_EDGE ( 'NONE', *, *, #4312, .F. ) ;
#1558 = DIRECTION ( 'NONE',  ( 1.000000000000000000, 0.000000000000000000, -0.000000000000000000 ) ) ;
#1559 = LINE ( 'NONE', #3674, #7243 ) ;
#1560 = DIRECTION ( 'NONE',  ( 0.000000000000000000, 0.000000000000000000, 1.000000000000000000 ) ) ;
#1561 = PLANE ( 'NONE',  #2949 ) ;
#1562 = LINE ( 'NONE', #4073, #4934 ) ;
#1563 = ORIENTED_EDGE ( 'NONE', *, *, #7113, .T. ) ;
#1564 = EDGE_CURVE ( 'NONE', #1095, #5834, #21, .T. ) ;
#1565 = DIRECTION ( 'NONE',  ( 0.000000000000000000, 0.000000000000000000, 1.000000000000000000 ) ) ;
#1566 = DIRECTION ( 'NONE',  ( -0.000000000000000000, 0.1736481776669237531, -0.9848077530122092416 ) ) ;
#1567 = LINE ( 'NONE', #6664, #6260 ) ;
#1568 = CARTESIAN_POINT ( 'NONE',  ( -8.534999999999998366, 0.000000000000000000, 7.325000000000000178 ) ) ;
#1569 = DIRECTION ( 'NONE',  ( 0.000000000000000000, -0.1736481776669237809, 0.9848077530122092416 ) ) ;
#1570 = ORIENTED_EDGE ( 'NONE', *, *, #5554, .F. ) ;
#1571 = ORIENTED_EDGE ( 'NONE', *, *, #3646, .T. ) ;
#1572 = DIRECTION ( 'NONE',  ( -0.9396926207859074287, 0.3420201433256714885, 0.000000000000000000 ) ) ;
#1573 = ORIENTED_EDGE ( 'NONE', *, *, #2296, .T. ) ;
#1574 = DIRECTION ( 'NONE',  ( 0.000000000000000000, 0.6000354452533959160, -0.7999734148329924466 ) ) ;
#1575 = VECTOR ( 'NONE', #887, 1000.000000000000000 ) ;
#1576 = LINE ( 'NONE', #1412, #5020 ) ;
#1577 = PLANE ( 'NONE',  #1389 ) ;
#1578 = FACE_OUTER_BOUND ( 'NONE', #823, .T. ) ;
#1579 = EDGE_CURVE ( 'NONE', #3097, #2741, #6224, .T. ) ;
#1580 = AXIS2_PLACEMENT_3D ( 'NONE', #519, #3027, #1791 ) ;
#1581 = ORIENTED_EDGE ( 'NONE', *, *, #2671, .T. ) ;
#1582 = CARTESIAN_POINT ( 'NONE',  ( 10.00999999999999979, 17.77000000000003510, -0.6999999999999990674 ) ) ;
#1583 = EDGE_CURVE ( 'NONE', #6017, #6408, #3114, .T. ) ;
#1584 = VERTEX_POINT ( 'NONE', #845 ) ;
#1585 = DIRECTION ( 'NONE',  ( 1.000000000000000000, -0.000000000000000000, -0.000000000000000000 ) ) ;
#1586 = FACE_OUTER_BOUND ( 'NONE', #3736, .T. ) ;
#1587 = EDGE_CURVE ( 'NONE', #1140, #171, #5168, .T. ) ;
#1588 = PLANE ( 'NONE',  #7041 ) ;
#1589 = EDGE_CURVE ( 'NONE', #3692, #6256, #7169, .T. ) ;
#1590 = ORIENTED_EDGE ( 'NONE', *, *, #8064, .T. ) ;
#1591 = DIRECTION ( 'NONE',  ( -1.000000000000000000, -0.000000000000000000, -0.000000000000000000 ) ) ;
#1592 = COLOUR_RGB ( '',0.7921568627450980005, 0.8196078431372548767, 0.9333333333333333481 ) ;
#1593 = AXIS2_PLACEMENT_3D ( 'NONE', #7161, #6507, #2734 ) ;
#1594 = ORIENTED_EDGE ( 'NONE', *, *, #3647, .T. ) ;
#1595 = VERTEX_POINT ( 'NONE', #2742 ) ;
#1596 = VERTEX_POINT ( 'NONE', #7716 ) ;
#1597 = LINE ( 'NONE', #2754, #5558 ) ;
#1598 = AXIS2_PLACEMENT_3D ( 'NONE', #4605, #5745, #3784 ) ;
#1599 = COLOUR_RGB ( '',0.7921568627450980005, 0.8196078431372548767, 0.9333333333333333481 ) ;
#1600 = DIRECTION ( 'NONE',  ( 0.000000000000000000, 0.000000000000000000, 1.000000000000000000 ) ) ;
#1601 = ADVANCED_FACE ( 'NONE', ( #314 ), #6431, .F. ) ;
#1602 = CARTESIAN_POINT ( 'NONE',  ( 1.625000000000001332, 1.738157253295379956, 0.3702703644666154315 ) ) ;
#1603 = CARTESIAN_POINT ( 'NONE',  ( -4.725000000000001421, -3.969999999999997087, 2.244999999999999662 ) ) ;
#1604 = CARTESIAN_POINT ( 'NONE',  ( -4.925000000000001599, -3.969999999999997087, 1.834999999999999298 ) ) ;
#1605 = VECTOR ( 'NONE', #3694, 1000.000000000000227 ) ;
#1606 = VECTOR ( 'NONE', #12, 1000.000000000000000 ) ;
#1607 = ORIENTED_EDGE ( 'NONE', *, *, #4707, .F. ) ;
#1608 = DIRECTION ( 'NONE',  ( -0.1209742911513484454, 0.1209742911513478486, -0.9852565360152947260 ) ) ;
#1609 = CARTESIAN_POINT ( 'NONE',  ( 7.974999999999999645, 1.447135020849696474, 0.03897837839542892674 ) ) ;
#1610 = CARTESIAN_POINT ( 'NONE',  ( 0.3549999999999994271, 0.000000000000000000, 1.635000000000000453 ) ) ;
#1611 = CARTESIAN_POINT ( 'NONE',  ( 4.724999999999999645, 0.000000000000000000, 2.245000000000000551 ) ) ;
#1612 = DIRECTION ( 'NONE',  ( 0.000000000000000000, 0.000000000000000000, -1.000000000000000000 ) ) ;
#1613 = ORIENTED_EDGE ( 'NONE', *, *, #3722, .F. ) ;
#1614 = ORIENTED_EDGE ( 'NONE', *, *, #584, .T. ) ;
#1615 = LINE ( 'NONE', #4822, #6334 ) ;
#1616 = DIRECTION ( 'NONE',  ( 0.000000000000000000, -1.000000000000000000, 0.000000000000000000 ) ) ;
#1617 = LINE ( 'NONE', #2894, #1978 ) ;
#1618 = CARTESIAN_POINT ( 'NONE',  ( -0.9149999999999991473, 3.200000000000001954, 0.2049999999999998490 ) ) ;
#1619 = VECTOR ( 'NONE', #174, 1000.000000000000000 ) ;
#1620 = ADVANCED_FACE ( 'NONE', ( #7758 ), #2662, .F. ) ;
#1621 = DIRECTION ( 'NONE',  ( 1.000000000000000000, 0.000000000000000000, -0.000000000000000000 ) ) ;
#1622 = DIRECTION ( 'NONE',  ( -1.000000000000000000, -0.000000000000000000, -0.000000000000000000 ) ) ;
#1623 = ORIENTED_EDGE ( 'NONE', *, *, #7002, .F. ) ;
#1624 = DIRECTION ( 'NONE',  ( 0.3420201433256701562, 0.9396926207859078728, 1.026515648286830928E-16 ) ) ;
#1625 = EDGE_LOOP ( 'NONE', ( #6770, #3209, #3277, #7428 ) ) ;
#1626 = VECTOR ( 'NONE', #3575, 1000.000000000000000 ) ;
#1627 = LINE ( 'NONE', #5409, #788 ) ;
#1628 = EDGE_CURVE ( 'NONE', #7188, #836, #7673, .T. ) ;
#1629 = FACE_OUTER_BOUND ( 'NONE', #4315, .T. ) ;
#1630 = ORIENTED_EDGE ( 'NONE', *, *, #2443, .T. ) ;
#1631 = DIRECTION ( 'NONE',  ( 0.000000000000000000, 0.1218693434051406066, -0.9925461516413227603 ) ) ;
#1632 = EDGE_CURVE ( 'NONE', #3830, #3541, #3352, .T. ) ;
#1633 = CIRCLE ( 'NONE', #5954, 0.6099999999999998757 ) ;
#1634 = ORIENTED_EDGE ( 'NONE', *, *, #1933, .T. ) ;
#1635 = ORIENTED_EDGE ( 'NONE', *, *, #5877, .T. ) ;
#1636 = EDGE_CURVE ( 'NONE', #1584, #7386, #1419, .T. ) ;
#1637 = ORIENTED_EDGE ( 'NONE', *, *, #7837, .F. ) ;
#1638 = DIRECTION ( 'NONE',  ( 0.000000000000000000, -0.9848077530122092416, -0.1736481776669237254 ) ) ;
#1639 = ADVANCED_FACE ( 'NONE', ( #5767 ), #5851, .F. ) ;
#1640 = AXIS2_PLACEMENT_3D ( 'NONE', #1549, #7994, #4861 ) ;
#1641 = FILL_AREA_STYLE ('',( #6030 ) ) ;
#1642 = LINE ( 'NONE', #4724, #842 ) ;
#1643 = CARTESIAN_POINT ( 'NONE',  ( -1.624999999999999778, 0.000000000000000000, 7.325000000000000178 ) ) ;
#1644 = VERTEX_POINT ( 'NONE', #806 ) ;
#1645 = ORIENTED_EDGE ( 'NONE', *, *, #2998, .F. ) ;
#1646 = EDGE_CURVE ( 'NONE', #693, #5879, #5812, .T. ) ;
#1647 = DIRECTION ( 'NONE',  ( 0.000000000000000000, 0.000000000000000000, -1.000000000000000000 ) ) ;
#1648 = CARTESIAN_POINT ( 'NONE',  ( -5.235000000000002984, -3.969999999999997087, 2.244999999999999662 ) ) ;
#1649 = DIRECTION ( 'NONE',  ( -1.000000000000000000, -0.000000000000000000, -0.000000000000000000 ) ) ;
#1650 = DIRECTION ( 'NONE',  ( -0.000000000000000000, -0.000000000000000000, 1.000000000000000000 ) ) ;
#1651 = CLOSED_SHELL ( 'NONE', ( #1321, #4195, #7259, #1156, #4509, #7451, #6363, #511, #6554, #164, #7952, #3503, #5626, #1036, #4749, #1015 ) ) ;
#1652 = DIRECTION ( 'NONE',  ( 1.000000000000000000, 0.000000000000000000, 0.000000000000000000 ) ) ;
#1653 = AXIS2_PLACEMENT_3D ( 'NONE', #7997, #2204, #2819 ) ;
#1654 = EDGE_LOOP ( 'NONE', ( #1289, #5253, #6918, #3964, #5032, #5408, #3641 ) ) ;
#1655 = DIRECTION ( 'NONE',  ( 0.000000000000000000, -0.000000000000000000, 1.000000000000000000 ) ) ;
#1656 = CARTESIAN_POINT ( 'NONE',  ( 8.535000000000000142, 1.935118803897821982, -0.2049999999999994604 ) ) ;
#1657 = DIRECTION ( 'NONE',  ( 0.000000000000000000, -0.7999734148329924466, -0.6000354452533959160 ) ) ;
#1658 = VECTOR ( 'NONE', #490, 1000.000000000000114 ) ;
#1659 = CARTESIAN_POINT ( 'NONE',  ( 0.3549999999999994271, 0.000000000000000000, 1.635000000000000453 ) ) ;
#1660 = DIRECTION ( 'NONE',  ( -1.000000000000000000, -0.000000000000000000, -0.000000000000000000 ) ) ;
#1661 = DIRECTION ( 'NONE',  ( 0.000000000000000000, 0.000000000000000000, 1.000000000000000000 ) ) ;
#1662 = ADVANCED_FACE ( 'NONE', ( #188 ), #2700, .T. ) ;
#1663 = AXIS2_PLACEMENT_3D ( 'NONE', #6071, #4270, #2958 ) ;
#1664 = ORIENTED_EDGE ( 'NONE', *, *, #2598, .T. ) ;
#1665 = EDGE_CURVE ( 'NONE', #3561, #7058, #5890, .T. ) ;
#1666 = DIRECTION ( 'NONE',  ( -1.000000000000000000, -0.000000000000000000, -0.000000000000000000 ) ) ;
#1667 = ORIENTED_EDGE ( 'NONE', *, *, #5307, .T. ) ;
#1668 = VECTOR ( 'NONE', #5721, 1000.000000000000000 ) ;
#1669 = DIRECTION ( 'NONE',  ( 1.000000000000000000, 0.000000000000000000, 0.000000000000000000 ) ) ;
#1670 = FACE_OUTER_BOUND ( 'NONE', #130, .T. ) ;
#1671 = CARTESIAN_POINT ( 'NONE',  ( -5.994999999999998330, 3.200000000000001954, 0.2049999999999996270 ) ) ;
#1672 = ORIENTED_EDGE ( 'NONE', *, *, #7152, .F. ) ;
#1673 = ORIENTED_EDGE ( 'NONE', *, *, #6945, .T. ) ;
#1674 = VERTEX_POINT ( 'NONE', #2121 ) ;
#1675 = CARTESIAN_POINT ( 'NONE',  ( 5.434999999999998721, 1.447135020849696696, 0.03897837839542870469 ) ) ;
#1676 = VECTOR ( 'NONE', #4071, 1000.000000000000000 ) ;
#1677 = CARTESIAN_POINT ( 'NONE',  ( -0.9149999999999991473, 0.1969615506024410823, 6.749729635533386229 ) ) ;
#1678 = PLANE ( 'NONE',  #5960 ) ;
#1679 = FACE_OUTER_BOUND ( 'NONE', #7894, .T. ) ;
#1680 = EDGE_CURVE ( 'NONE', #2626, #2295, #7607, .T. ) ;
#1681 = ORIENTED_EDGE ( 'NONE', *, *, #5430, .F. ) ;
#1682 = EDGE_CURVE ( 'NONE', #851, #5735, #4018, .T. ) ;
#1683 = DIRECTION ( 'NONE',  ( -1.000000000000000000, -0.000000000000000000, -0.000000000000000000 ) ) ;
#1684 = DIRECTION ( 'NONE',  ( -0.000000000000000000, 0.7999734148329924466, 0.6000354452533958050 ) ) ;
#1685 = DIRECTION ( 'NONE',  ( 0.000000000000000000, 0.000000000000000000, 1.000000000000000000 ) ) ;
#1686 = CARTESIAN_POINT ( 'NONE',  ( -1.624999999999999778, 0.000000000000000000, 6.915000000000000924 ) ) ;
#1687 = EDGE_CURVE ( 'NONE', #6120, #5531, #6159, .T. ) ;
#1688 = CYLINDRICAL_SURFACE ( 'NONE', #1715, 1.905000000000000027 ) ;
#1689 = VERTEX_POINT ( 'NONE', #2784 ) ;
#1690 = DIRECTION ( 'NONE',  ( -0.000000000000000000, -0.000000000000000000, 1.000000000000000000 ) ) ;
#1691 = DIRECTION ( 'NONE',  ( 0.000000000000000000, -0.1736481776669237809, 0.9848077530122092416 ) ) ;
#1692 = CARTESIAN_POINT ( 'NONE',  ( 7.974999999999999645, 1.935118803897821982, 0.2049999999999999878 ) ) ;
#1693 = LINE ( 'NONE', #3626, #4381 ) ;
#1694 = LINE ( 'NONE', #2777, #1528 ) ;
#1695 = LINE ( 'NONE', #6016, #7555 ) ;
#1696 = ORIENTED_EDGE ( 'NONE', *, *, #6838, .T. ) ;
#1697 = LINE ( 'NONE', #2823, #4138 ) ;
#1698 = ORIENTED_EDGE ( 'NONE', *, *, #3788, .F. ) ;
#1699 = LINE ( 'NONE', #2983, #6695 ) ;
#1700 = CARTESIAN_POINT ( 'NONE',  ( 6.705000000000000959, 1.935118803897821982, 0.4050000000000004152 ) ) ;
#1701 = CARTESIAN_POINT ( 'NONE',  ( 1.625000000000001332, 1.334386074560374613, 0.2990746116231765006 ) ) ;
#1702 = DIRECTION ( 'NONE',  ( 0.000000000000000000, 0.000000000000000000, -1.000000000000000000 ) ) ;
#1703 = ADVANCED_FACE ( 'NONE', ( #5286 ), #7804, .F. ) ;
#1704 = AXIS2_PLACEMENT_3D ( 'NONE', #5639, #2532, #7494 ) ;
#1705 = EDGE_LOOP ( 'NONE', ( #6718, #1216, #5885, #3120 ) ) ;
#1706 = EDGE_LOOP ( 'NONE', ( #659, #4548, #4935, #6868, #7958, #93 ) ) ;
#1707 = EDGE_LOOP ( 'NONE', ( #2959, #6822, #2431, #5774 ) ) ;
#1708 = DIRECTION ( 'NONE',  ( -1.000000000000000000, -0.000000000000000000, 0.000000000000000000 ) ) ;
#1709 = AXIS2_PLACEMENT_3D ( 'NONE', #7877, #4785, #4704 ) ;
#1710 = LINE ( 'NONE', #4191, #6266 ) ;
#1711 = FACE_OUTER_BOUND ( 'NONE', #1883, .T. ) ;
#1712 = CARTESIAN_POINT ( 'NONE',  ( -2.185000000000001386, 1.447135020849696474, 0.03897837839542846183 ) ) ;
#1713 = EDGE_CURVE ( 'NONE', #7648, #6680, #6556, .T. ) ;
#1714 = ORIENTED_EDGE ( 'NONE', *, *, #6754, .T. ) ;
#1715 = AXIS2_PLACEMENT_3D ( 'NONE', #298, #7871, #1652 ) ;
#1716 = VECTOR ( 'NONE', #3500, 1000.000000000000000 ) ;
#1717 = LINE ( 'NONE', #1761, #5864 ) ;
#1718 = CARTESIAN_POINT ( 'NONE',  ( 1.625000000000001332, 3.200000000000001954, -0.2049999999999996547 ) ) ;
#1719 = EDGE_CURVE ( 'NONE', #7107, #3802, #6681, .T. ) ;
#1720 = VECTOR ( 'NONE', #3933, 1000.000000000000000 ) ;
#1721 = VECTOR ( 'NONE', #4260, 1000.000000000000114 ) ;
#1722 = SURFACE_STYLE_FILL_AREA ( #4280 ) ;
#1723 = EDGE_CURVE ( 'NONE', #5546, #7968, #1699, .T. ) ;
#1724 = ORIENTED_EDGE ( 'NONE', *, *, #2609, .F. ) ;
#1725 = EDGE_CURVE ( 'NONE', #205, #2999, #4100, .T. ) ;
#1726 = CARTESIAN_POINT ( 'NONE',  ( -8.534999999999998366, 3.200000000000001954, -0.2050000000000000988 ) ) ;
#1727 = COLOUR_RGB ( '',0.7921568627450980005, 0.8196078431372548767, 0.9333333333333333481 ) ;
#1728 = LINE ( 'NONE', #3545, #204 ) ;
#1729 = LINE ( 'NONE', #6742, #5520 ) ;
#1730 = LINE ( 'NONE', #5514, #6885 ) ;
#1731 = DIRECTION ( 'NONE',  ( -1.000000000000000000, -0.000000000000000000, -0.000000000000000000 ) ) ;
#1732 = DIRECTION ( 'NONE',  ( 0.000000000000000000, -1.000000000000000000, -2.184790272011094332E-16 ) ) ;
#1733 = ORIENTED_EDGE ( 'NONE', *, *, #7533, .F. ) ;
#1734 = ORIENTED_EDGE ( 'NONE', *, *, #4960, .F. ) ;
#1735 = CARTESIAN_POINT ( 'NONE',  ( -0.9149999999999991473, -3.809999999999997389, 6.915000000000000924 ) ) ;
#1736 = EDGE_LOOP ( 'NONE', ( #7873, #4455, #5174, #6876, #1546, #4086, #3853, #6771, #977, #1634, #3303, #3552 ) ) ;
#1737 = DIRECTION ( 'NONE',  ( 0.7071067811865514585, -0.7071067811865435759, -0.000000000000000000 ) ) ;
#1738 = EDGE_CURVE ( 'NONE', #7471, #5919, #5369, .T. ) ;
#1739 = VERTEX_POINT ( 'NONE', #2906 ) ;
#1740 = AXIS2_PLACEMENT_3D ( 'NONE', #5112, #2070, #3921 ) ;
#1741 = CARTESIAN_POINT ( 'NONE',  ( -5.994999999999998330, 3.200000000000001954, 0.2049999999999996270 ) ) ;
#1742 = CARTESIAN_POINT ( 'NONE',  ( -8.534999999999998366, 0.000000000000000000, 7.325000000000000178 ) ) ;
#1743 = CARTESIAN_POINT ( 'NONE',  ( 5.434999999999998721, 0.000000000000000000, 1.835000000000000631 ) ) ;
#1744 = CARTESIAN_POINT ( 'NONE',  ( 9.245000000000000995, 3.200000000000001954, -0.2049999999999992939 ) ) ;
#1745 = EDGE_LOOP ( 'NONE', ( #4460, #6478, #3562, #1673 ) ) ;
#1746 = VECTOR ( 'NONE', #5883, 1000.000000000000000 ) ;
#1747 = VERTEX_POINT ( 'NONE', #1048 ) ;
#1748 = ORIENTED_EDGE ( 'NONE', *, *, #115, .T. ) ;
#1749 = DIRECTION ( 'NONE',  ( -1.000000000000000000, 0.000000000000000000, -0.000000000000000000 ) ) ;
#1750 = DIRECTION ( 'NONE',  ( 0.000000000000000000, 0.000000000000000000, -1.000000000000000000 ) ) ;
#1751 = CARTESIAN_POINT ( 'NONE',  ( 0.3549999999999994271, 3.200000000000001954, 0.2049999999999999600 ) ) ;
#1752 = VECTOR ( 'NONE', #5663, 1000.000000000000000 ) ;
#1753 = DIRECTION ( 'NONE',  ( 0.000000000000000000, -1.000000000000000000, -2.571471951262813563E-16 ) ) ;
#1754 = ORIENTED_EDGE ( 'NONE', *, *, #4008, .T. ) ;
#1755 = ORIENTED_EDGE ( 'NONE', *, *, #4003, .F. ) ;
#1756 = DIRECTION ( 'NONE',  ( -1.000000000000000000, -0.000000000000000000, 0.000000000000000000 ) ) ;
#1757 = ORIENTED_EDGE ( 'NONE', *, *, #7405, .T. ) ;
#1758 = VECTOR ( 'NONE', #6641, 1000.000000000000000 ) ;
#1759 = EDGE_CURVE ( 'NONE', #7512, #4558, #4142, .T. ) ;
#1760 = DIRECTION ( 'NONE',  ( -1.000000000000000000, -0.000000000000000000, -0.000000000000000000 ) ) ;
#1761 = CARTESIAN_POINT ( 'NONE',  ( 6.705000000000000959, -3.260504516109076434, 6.915000000000001812 ) ) ;
#1762 = CARTESIAN_POINT ( 'NONE',  ( -10.00999999999999979, 13.64778554533645227, 2.249999999999998668 ) ) ;
#1763 = VERTEX_POINT ( 'NONE', #2365 ) ;
#1764 = FACE_OUTER_BOUND ( 'NONE', #5319, .T. ) ;
#1765 = CARTESIAN_POINT ( 'NONE',  ( -9.244999999999999218, 0.1969615506024410823, 6.749729635533386229 ) ) ;
#1766 = SURFACE_STYLE_FILL_AREA ( #5628 ) ;
#1767 = LINE ( 'NONE', #7846, #2029 ) ;
#1768 = DIRECTION ( 'NONE',  ( 0.000000000000000000, 0.000000000000000000, -1.000000000000000000 ) ) ;
#1769 = VECTOR ( 'NONE', #2240, 1000.000000000000000 ) ;
#1770 = DIRECTION ( 'NONE',  ( 0.000000000000000000, 0.000000000000000000, 1.000000000000000000 ) ) ;
#1771 = LINE ( 'NONE', #1735, #5325 ) ;
#1772 = EDGE_CURVE ( 'NONE', #5737, #1838, #7252, .T. ) ;
#1773 = ADVANCED_FACE ( 'NONE', ( #4259 ), #4870, .F. ) ;
#1774 = VECTOR ( 'NONE', #500, 1000.000000000000000 ) ;
#1775 = ORIENTED_EDGE ( 'NONE', *, *, #4003, .T. ) ;
#1776 = VECTOR ( 'NONE', #5868, 1000.000000000000000 ) ;
#1777 = CARTESIAN_POINT ( 'NONE',  ( -4.725000000000001421, 1.935118803897821982, 0.4049999999999996936 ) ) ;
#1778 = ORIENTED_EDGE ( 'NONE', *, *, #4954, .F. ) ;
#1779 = DIRECTION ( 'NONE',  ( -1.000000000000000000, -0.000000000000000000, -0.000000000000000000 ) ) ;
#1780 = EDGE_CURVE ( 'NONE', #6814, #5737, #127, .T. ) ;
#1781 = CARTESIAN_POINT ( 'NONE',  ( 7.264999999999999680, 0.000000000000000000, 1.635000000000000897 ) ) ;
#1782 = CARTESIAN_POINT ( 'NONE',  ( -4.165000000000000036, 1.935118803897821982, 0.4049999999999999156 ) ) ;
#1783 = DIRECTION ( 'NONE',  ( -1.000000000000000000, -0.000000000000000000, -0.000000000000000000 ) ) ;
#1784 = ADVANCED_FACE ( 'NONE', ( #1010 ), #7372, .F. ) ;
#1785 = VECTOR ( 'NONE', #6167, 1000.000000000000000 ) ;
#1786 = EDGE_CURVE ( 'NONE', #751, #1871, #5446, .T. ) ;
#1787 = ORIENTED_EDGE ( 'NONE', *, *, #1278, .F. ) ;
#1788 = VECTOR ( 'NONE', #7088, 1000.000000000000000 ) ;
#1789 = VERTEX_POINT ( 'NONE', #1741 ) ;
#1790 = ORIENTED_EDGE ( 'NONE', *, *, #3772, .T. ) ;
#1791 = DIRECTION ( 'NONE',  ( 0.000000000000000000, 0.000000000000000000, 1.000000000000000000 ) ) ;
#1792 = VECTOR ( 'NONE', #6102, 1000.000000000000000 ) ;
#1793 = DIRECTION ( 'NONE',  ( 0.000000000000000000, 0.000000000000000000, -1.000000000000000000 ) ) ;
#1794 = DIRECTION ( 'NONE',  ( -1.000000000000000000, -0.000000000000000000, -0.000000000000000000 ) ) ;
#1795 = AXIS2_PLACEMENT_3D ( 'NONE', #7943, #7348, #1685 ) ;
#1796 = ORIENTED_EDGE ( 'NONE', *, *, #1411, .F. ) ;
#1797 = LINE ( 'NONE', #3775, #6247 ) ;
#1798 = ORIENTED_EDGE ( 'NONE', *, *, #5005, .T. ) ;
#1799 = VERTEX_POINT ( 'NONE', #6601 ) ;
#1800 = SURFACE_STYLE_USAGE ( .BOTH. , #6275 ) ;
#1801 = VERTEX_POINT ( 'NONE', #2248 ) ;
#1802 = VECTOR ( 'NONE', #4199, 1000.000000000000000 ) ;
#1803 = PRESENTATION_STYLE_ASSIGNMENT (( #6278 ) ) ;
#1804 = CARTESIAN_POINT ( 'NONE',  ( -5.435000000000001386, 1.775124120931223182, 0.2849929109493203883 ) ) ;
#1805 = CARTESIAN_POINT ( 'NONE',  ( -5.435000000000001386, 0.000000000000000000, 2.245000000000000107 ) ) ;
#1806 = ORIENTED_EDGE ( 'NONE', *, *, #7283, .F. ) ;
#1807 = VECTOR ( 'NONE', #3115, 1000.000000000000000 ) ;
#1808 =( LENGTH_UNIT ( ) NAMED_UNIT ( * ) SI_UNIT ( .MILLI., .METRE. ) );
#1809 = EDGE_CURVE ( 'NONE', #5173, #1763, #4217, .T. ) ;
#1810 = ORIENTED_EDGE ( 'NONE', *, *, #1057, .F. ) ;
#1811 = ORIENTED_EDGE ( 'NONE', *, *, #675, .F. ) ;
#1812 = CARTESIAN_POINT ( 'NONE',  ( 10.00999999999999979, 14.00999999999999801, -2.250000000000000888 ) ) ;
#1813 = DIRECTION ( 'NONE',  ( -0.000000000000000000, 1.000000000000000000, 0.000000000000000000 ) ) ;
#1814 = DIRECTION ( 'NONE',  ( 0.000000000000000000, -0.000000000000000000, 1.000000000000000000 ) ) ;
#1815 = LINE ( 'NONE', #6786, #3852 ) ;
#1816 = CARTESIAN_POINT ( 'NONE',  ( 0.9150000000000009237, 0.6007327293374460364, 6.820925388376825715 ) ) ;
#1817 = DIRECTION ( 'NONE',  ( -1.000000000000000000, -0.000000000000000000, -0.000000000000000000 ) ) ;
#1818 = ORIENTED_EDGE ( 'NONE', *, *, #7304, .T. ) ;
#1819 = DIRECTION ( 'NONE',  ( 0.000000000000000000, 0.000000000000000000, -1.000000000000000000 ) ) ;
#1820 = VERTEX_POINT ( 'NONE', #6098 ) ;
#1821 = CARTESIAN_POINT ( 'NONE',  ( 6.705000000000000959, 1.334386074560374835, 0.2990746116231768892 ) ) ;
#1822 = CYLINDRICAL_SURFACE ( 'NONE', #548, 0.1999999999999996503 ) ;
#1823 = CARTESIAN_POINT ( 'NONE',  ( -3.454999999999999627, 1.935118803897821982, 0.4049999999999999156 ) ) ;
#1824 = ADVANCED_FACE ( 'NONE', ( #3480 ), #358, .F. ) ;
#1825 = ORIENTED_EDGE ( 'NONE', *, *, #6303, .F. ) ;
#1826 = DIRECTION ( 'NONE',  ( -0.3420201433256701562, -0.9396926207859078728, -2.053031296573661856E-16 ) ) ;
#1827 = ORIENTED_EDGE ( 'NONE', *, *, #4352, .T. ) ;
#1828 = EDGE_CURVE ( 'NONE', #26, #7478, #7887, .T. ) ;
#1829 = ORIENTED_EDGE ( 'NONE', *, *, #2990, .F. ) ;
#1830 = ORIENTED_EDGE ( 'NONE', *, *, #6614, .T. ) ;
#1831 = LINE ( 'NONE', #3807, #6293 ) ;
#1832 = EDGE_CURVE ( 'NONE', #7715, #946, #1627, .T. ) ;
#1833 = EDGE_CURVE ( 'NONE', #1103, #7802, #510, .T. ) ;
#1834 = VECTOR ( 'NONE', #1873, 1000.000000000000000 ) ;
#1835 = DIRECTION ( 'NONE',  ( -1.000000000000000000, -0.000000000000000000, -0.000000000000000000 ) ) ;
#1836 = CARTESIAN_POINT ( 'NONE',  ( 2.384999999999998010, -3.969999999999997087, 2.244999999999999662 ) ) ;
#1837 = CARTESIAN_POINT ( 'NONE',  ( 2.894999999999999130, 3.200000000000001954, 0.2050000000000000711 ) ) ;
#1838 = VERTEX_POINT ( 'NONE', #5487 ) ;
#1839 = ORIENTED_EDGE ( 'NONE', *, *, #5488, .F. ) ;
#1840 = DIRECTION ( 'NONE',  ( -0.9396926207859084279, -0.3420201433256688794, 0.000000000000000000 ) ) ;
#1841 = AXIS2_PLACEMENT_3D ( 'NONE', #3404, #2218, #7815 ) ;
#1842 = ORIENTED_EDGE ( 'NONE', *, *, #4450, .T. ) ;
#1843 = VECTOR ( 'NONE', #177, 1000.000000000000227 ) ;
#1844 = ADVANCED_FACE ( 'NONE', ( #5522 ), #7925, .F. ) ;
#1845 = LINE ( 'NONE', #4974, #5780 ) ;
#1846 = DIRECTION ( 'NONE',  ( 0.000000000000000000, -1.000000000000000000, -1.092395136005546919E-16 ) ) ;
#1847 = DIRECTION ( 'NONE',  ( -1.000000000000000000, -0.000000000000000000, 0.000000000000000000 ) ) ;
#1848 = AXIS2_PLACEMENT_3D ( 'NONE', #1320, #709, #7741 ) ;
#1849 = CIRCLE ( 'NONE', #1191, 0.1999999999999996503 ) ;
#1850 = VERTEX_POINT ( 'NONE', #2572 ) ;
#1851 = EDGE_LOOP ( 'NONE', ( #5185, #4128, #2803, #5807 ) ) ;
#1852 = CARTESIAN_POINT ( 'NONE',  ( -7.265000000000000568, 1.935118803897821982, 0.2049999999999992939 ) ) ;
#1853 = CARTESIAN_POINT ( 'NONE',  ( -1.624999999999999778, 3.200000000000001954, -0.2049999999999997380 ) ) ;
#1854 = AXIS2_PLACEMENT_3D ( 'NONE', #807, #765, #4590 ) ;
#1855 = AXIS2_PLACEMENT_3D ( 'NONE', #1781, #4837, #512 ) ;
#1856 = DIRECTION ( 'NONE',  ( 0.000000000000000000, -1.000000000000000000, 4.011848926865882589E-17 ) ) ;
#1857 = PLANE ( 'NONE',  #4904 ) ;
#1858 = CARTESIAN_POINT ( 'NONE',  ( 7.974999999999999645, -3.420504516109076132, 2.245000000000000107 ) ) ;
#1859 = ORIENTED_EDGE ( 'NONE', *, *, #1994, .F. ) ;
#1860 = DIRECTION ( 'NONE',  ( 1.000000000000000000, 0.000000000000000000, 0.000000000000000000 ) ) ;
#1861 = ORIENTED_EDGE ( 'NONE', *, *, #2524, .T. ) ;
#1862 = DIRECTION ( 'NONE',  ( 0.000000000000000000, 0.000000000000000000, 1.000000000000000000 ) ) ;
#1863 = ORIENTED_EDGE ( 'NONE', *, *, #7347, .F. ) ;
#1864 = PLANE ( 'NONE',  #5258 ) ;
#1865 = ADVANCED_FACE ( 'NONE', ( #1326 ), #552, .F. ) ;
#1866 = LINE ( 'NONE', #641, #1606 ) ;
#1867 = CARTESIAN_POINT ( 'NONE',  ( -7.974999999999999645, 0.000000000000000000, 2.244999999999999662 ) ) ;
#1868 = ORIENTED_EDGE ( 'NONE', *, *, #5857, .T. ) ;
#1869 = FACE_OUTER_BOUND ( 'NONE', #852, .T. ) ;
#1870 = EDGE_LOOP ( 'NONE', ( #5090, #255, #2855, #758, #7679, #684 ) ) ;
#1871 = VERTEX_POINT ( 'NONE', #3061 ) ;
#1872 = ORIENTED_EDGE ( 'NONE', *, *, #3094, .F. ) ;
#1873 = DIRECTION ( 'NONE',  ( -1.000000000000000000, -0.000000000000000000, -0.000000000000000000 ) ) ;
#1874 = DIRECTION ( 'NONE',  ( -0.000000000000000000, 0.6000354452533958050, -0.7999734148329924466 ) ) ;
#1875 = ADVANCED_FACE ( 'NONE', ( #640 ), #1250, .F. ) ;
#1876 = LINE ( 'NONE', #1751, #2558 ) ;
#1877 = VECTOR ( 'NONE', #6631, 1000.000000000000000 ) ;
#1878 = DIRECTION ( 'NONE',  ( 0.000000000000000000, 0.000000000000000000, 1.000000000000000000 ) ) ;
#1879 = VECTOR ( 'NONE', #7527, 1000.000000000000227 ) ;
#1880 = ADVANCED_FACE ( 'NONE', ( #3142 ), #5604, .T. ) ;
#1881 = ORIENTED_EDGE ( 'NONE', *, *, #2243, .F. ) ;
#1882 = CARTESIAN_POINT ( 'NONE',  ( 3.965000000000000746, -3.809999999999997389, 6.915000000000001812 ) ) ;
#1883 = EDGE_LOOP ( 'NONE', ( #2208, #3360, #5120, #5218 ) ) ;
#1884 = EDGE_CURVE ( 'NONE', #1436, #6326, #3719, .T. ) ;
#1885 = VECTOR ( 'NONE', #907, 1000.000000000000000 ) ;
#1886 =( LENGTH_UNIT ( ) NAMED_UNIT ( * ) SI_UNIT ( .MILLI., .METRE. ) );
#1887 = CARTESIAN_POINT ( 'NONE',  ( -9.244999999999999218, 0.000000000000000000, 7.325000000000000178 ) ) ;
#1888 = ADVANCED_FACE ( 'NONE', ( #5566 ), #4993, .F. ) ;
#1889 = LINE ( 'NONE', #5057, #6349 ) ;
#1890 = DIRECTION ( 'NONE',  ( 0.000000000000000000, 0.000000000000000000, 1.000000000000000000 ) ) ;
#1891 = ADVANCED_FACE ( 'NONE', ( #1947 ), #4452, .F. ) ;
#1892 = ORIENTED_EDGE ( 'NONE', *, *, #1377, .T. ) ;
#1893 = VECTOR ( 'NONE', #7065, 1000.000000000000000 ) ;
#1894 = ORIENTED_EDGE ( 'NONE', *, *, #7350, .T. ) ;
#1895 = CARTESIAN_POINT ( 'NONE',  ( 5.434999999999998721, 0.000000000000000000, 1.835000000000000187 ) ) ;
#1896 = LINE ( 'NONE', #5707, #2565 ) ;
#1897 = CARTESIAN_POINT ( 'NONE',  ( -9.244999999999999218, 1.334386074560374835, 0.2990746116231761675 ) ) ;
#1898 = AXIS2_PLACEMENT_3D ( 'NONE', #4900, #2357, #2785 ) ;
#1899 = CARTESIAN_POINT ( 'NONE',  ( 1.425000000000000933, -3.809999999999997389, 6.915000000000001812 ) ) ;
#1900 = PLANE ( 'NONE',  #1911 ) ;
#1901 = EDGE_LOOP ( 'NONE', ( #4493, #7961, #7584, #2402, #1121, #7849 ) ) ;
#1902 = CARTESIAN_POINT ( 'NONE',  ( -4.725000000000001421, 0.000000000000000000, 1.635000000000000231 ) ) ;
#1903 = ORIENTED_EDGE ( 'NONE', *, *, #3836, .F. ) ;
#1904 = CARTESIAN_POINT ( 'NONE',  ( -2.185000000000001386, -3.420504516109076132, 0.4049999999999998046 ) ) ;
#1905 = PLANE ( 'NONE',  #3963 ) ;
#1906 = CARTESIAN_POINT ( 'NONE',  ( 2.184999999999999609, 0.000000000000000000, 1.635000000000000675 ) ) ;
#1907 = ORIENTED_EDGE ( 'NONE', *, *, #5717, .T. ) ;
#1908 = CARTESIAN_POINT ( 'NONE',  ( 1.625000000000001332, 0.6007327293374460364, 6.820925388376825715 ) ) ;
#1909 = VECTOR ( 'NONE', #875, 1000.000000000000000 ) ;
#1910 = ADVANCED_FACE ( 'NONE', ( #4911 ), #4299, .F. ) ;
#1911 = AXIS2_PLACEMENT_3D ( 'NONE', #2442, #3175, #1203 ) ;
#1912 = ORIENTED_EDGE ( 'NONE', *, *, #7721, .F. ) ;
#1913 = ORIENTED_EDGE ( 'NONE', *, *, #2686, .T. ) ;
#1914 = CYLINDRICAL_SURFACE ( 'NONE', #2762, 0.6099999999999992095 ) ;
#1915 = VECTOR ( 'NONE', #1475, 1000.000000000000000 ) ;
#1916 = DIRECTION ( 'NONE',  ( 0.000000000000000000, 0.000000000000000000, 1.000000000000000000 ) ) ;
#1917 = DIRECTION ( 'NONE',  ( -1.000000000000000000, -0.000000000000000000, -0.000000000000000000 ) ) ;
#1918 = ORIENTED_EDGE ( 'NONE', *, *, #2330, .F. ) ;
#1919 = AXIS2_PLACEMENT_3D ( 'NONE', #362, #7965, #3022 ) ;
#1920 = CARTESIAN_POINT ( 'NONE',  ( -8.534999999999998366, 3.200000000000001954, -0.2050000000000000988 ) ) ;
#1921 = ADVANCED_FACE ( 'NONE', ( #2450 ), #6957, .F. ) ;
#1922 = ORIENTED_EDGE ( 'NONE', *, *, #683, .F. ) ;
#1923 = VECTOR ( 'NONE', #6924, 1000.000000000000000 ) ;
#1924 = CARTESIAN_POINT ( 'NONE',  ( 2.894999999999999130, 1.935118803897821982, -0.2049999999999997102 ) ) ;
#1925 = DIRECTION ( 'NONE',  ( -0.9396926207859078728, 0.3420201433256702117, 0.000000000000000000 ) ) ;
#1926 = LINE ( 'NONE', #2555, #5684 ) ;
#1927 = EDGE_LOOP ( 'NONE', ( #3157, #1299, #7218, #2468, #1912, #145, #2222, #3166, #5355, #7329, #3398, #5644 ) ) ;
#1928 = EDGE_CURVE ( 'NONE', #5099, #6017, #11, .T. ) ;
#1929 = SURFACE_STYLE_USAGE ( .BOTH. , #6978 ) ;
#1930 = EDGE_LOOP ( 'NONE', ( #2536, #446, #1341, #2646 ) ) ;
#1931 = VECTOR ( 'NONE', #2309, 1000.000000000000000 ) ;
#1932 = ORIENTED_EDGE ( 'NONE', *, *, #5887, .F. ) ;
#1933 = EDGE_CURVE ( 'NONE', #7658, #1374, #1051, .T. ) ;
#1934 = LINE ( 'NONE', #4439, #4159 ) ;
#1935 = EDGE_LOOP ( 'NONE', ( #2108, #7971, #7457, #5021 ) ) ;
#1936 = LINE ( 'NONE', #1438, #1198 ) ;
#1937 = ADVANCED_FACE ( 'NONE', ( #6922 ), #1864, .T. ) ;
#1938 = ADVANCED_FACE ( 'NONE', ( #3672 ), #6174, .T. ) ;
#1939 = FACE_OUTER_BOUND ( 'NONE', #7138, .T. ) ;
#1940 = LINE ( 'NONE', #8112, #3198 ) ;
#1941 = VECTOR ( 'NONE', #1874, 1000.000000000000227 ) ;
#1942 = DIRECTION ( 'NONE',  ( -0.000000000000000000, 0.000000000000000000, 1.000000000000000000 ) ) ;
#1943 = CARTESIAN_POINT ( 'NONE',  ( 9.245000000000000995, -3.260504516109076434, 6.915000000000001812 ) ) ;
#1944 = ORIENTED_EDGE ( 'NONE', *, *, #1759, .T. ) ;
#1945 = CARTESIAN_POINT ( 'NONE',  ( 0.3549999999999994271, 0.4879837830481246197, 2.001021621604571532 ) ) ;
#1946 = ORIENTED_EDGE ( 'NONE', *, *, #730, .F. ) ;
#1947 = FACE_OUTER_BOUND ( 'NONE', #1930, .T. ) ;
#1948 = LINE ( 'NONE', #6923, #418 ) ;
#1949 = DIRECTION ( 'NONE',  ( 0.000000000000000000, 1.000000000000000000, 2.571471951262813563E-16 ) ) ;
#1950 = ORIENTED_EDGE ( 'NONE', *, *, #5303, .T. ) ;
#1951 = ORIENTED_EDGE ( 'NONE', *, *, #5186, .T. ) ;
#1952 = CARTESIAN_POINT ( 'NONE',  ( -3.454999999999999627, -3.809999999999997389, 6.915000000000000924 ) ) ;
#1953 = ORIENTED_EDGE ( 'NONE', *, *, #124, .T. ) ;
#1954 = VERTEX_POINT ( 'NONE', #1293 ) ;
#1955 = DIRECTION ( 'NONE',  ( 0.000000000000000000, -0.000000000000000000, 1.000000000000000000 ) ) ;
#1956 = DIRECTION ( 'NONE',  ( 0.000000000000000000, -1.285735975631406781E-16, 1.000000000000000000 ) ) ;
#1957 = EDGE_CURVE ( 'NONE', #6472, #4793, #3799, .T. ) ;
#1958 = CARTESIAN_POINT ( 'NONE',  ( 7.974999999999999645, 1.447135020849696696, 0.03897837839542882266 ) ) ;
#1959 = EDGE_LOOP ( 'NONE', ( #4821, #5304, #3139, #3219 ) ) ;
#1960 = DIRECTION ( 'NONE',  ( 1.000000000000000000, -0.000000000000000000, -0.000000000000000000 ) ) ;
#1961 = ORIENTED_EDGE ( 'NONE', *, *, #871, .F. ) ;
#1962 = CARTESIAN_POINT ( 'NONE',  ( -6.704999999999999183, 3.200000000000001954, 0.2049999999999996270 ) ) ;
#1963 = AXIS2_PLACEMENT_3D ( 'NONE', #60, #3683, #1955 ) ;
#1964 = DIRECTION ( 'NONE',  ( -1.000000000000000000, -0.000000000000000000, -0.000000000000000000 ) ) ;
#1965 = EDGE_CURVE ( 'NONE', #7544, #5415, #7453, .T. ) ;
#1966 = DIRECTION ( 'NONE',  ( -1.000000000000000000, -0.000000000000000000, 0.000000000000000000 ) ) ;
#1967 = FACE_OUTER_BOUND ( 'NONE', #1935, .T. ) ;
#1968 = FILL_AREA_STYLE_COLOUR ( '', #7499 ) ;
#1969 = VERTEX_POINT ( 'NONE', #4052 ) ;
#1970 = VECTOR ( 'NONE', #7895, 1000.000000000000000 ) ;
#1971 = ORIENTED_EDGE ( 'NONE', *, *, #102, .F. ) ;
#1972 = ORIENTED_EDGE ( 'NONE', *, *, #3847, .T. ) ;
#1973 = DIRECTION ( 'NONE',  ( -1.000000000000000000, -0.000000000000000000, 0.000000000000000000 ) ) ;
#1974 = EDGE_CURVE ( 'NONE', #4308, #4029, #1538, .T. ) ;
#1975 = DIRECTION ( 'NONE',  ( -1.000000000000000000, -0.000000000000000000, -0.000000000000000000 ) ) ;
#1976 = CARTESIAN_POINT ( 'NONE',  ( 9.245000000000000995, 0.000000000000000000, 7.325000000000001066 ) ) ;
#1977 = DIRECTION ( 'NONE',  ( -1.000000000000000000, -0.000000000000000000, -0.000000000000000000 ) ) ;
#1978 = VECTOR ( 'NONE', #6673, 1000.000000000000000 ) ;
#1979 = EDGE_CURVE ( 'NONE', #4681, #3759, #837, .T. ) ;
#1980 = ORIENTED_EDGE ( 'NONE', *, *, #5207, .T. ) ;
#1981 = FACE_OUTER_BOUND ( 'NONE', #7369, .T. ) ;
#1982 = EDGE_CURVE ( 'NONE', #986, #1554, #5924, .T. ) ;
#1983 = ORIENTED_EDGE ( 'NONE', *, *, #3248, .F. ) ;
#1984 = LINE ( 'NONE', #2155, #5164 ) ;
#1985 = AXIS2_PLACEMENT_3D ( 'NONE', #419, #7238, #1612 ) ;
#1986 =( GEOMETRIC_REPRESENTATION_CONTEXT ( 3 ) GLOBAL_UNCERTAINTY_ASSIGNED_CONTEXT ( ( #1529 ) ) GLOBAL_UNIT_ASSIGNED_CONTEXT ( ( #1886, #3655, #3125 ) ) REPRESENTATION_CONTEXT ( 'NONE', 'WORKASPACE' ) );
#1987 = ORIENTED_EDGE ( 'NONE', *, *, #6806, .F. ) ;
#1988 = CARTESIAN_POINT ( 'NONE',  ( 1.114999999999999769, -3.809999999999997389, 6.915000000000001812 ) ) ;
#1989 = FACE_OUTER_BOUND ( 'NONE', #2769, .T. ) ;
#1990 = FACE_OUTER_BOUND ( 'NONE', #5580, .T. ) ;
#1991 = LINE ( 'NONE', #759, #5459 ) ;
#1992 = VECTOR ( 'NONE', #3194, 1000.000000000000114 ) ;
#1993 = VECTOR ( 'NONE', #4643, 1000.000000000000000 ) ;
#1994 = EDGE_CURVE ( 'NONE', #8006, #2022, #7039, .T. ) ;
#1995 = ORIENTED_EDGE ( 'NONE', *, *, #4499, .T. ) ;
#1996 = ORIENTED_EDGE ( 'NONE', *, *, #6074, .T. ) ;
#1997 = DIRECTION ( 'NONE',  ( 0.000000000000000000, -1.000000000000000000, -1.285735975631406781E-16 ) ) ;
#1998 = VECTOR ( 'NONE', #1960, 1000.000000000000000 ) ;
#1999 = DIRECTION ( 'NONE',  ( 0.000000000000000000, -0.1736481776669237254, 0.9848077530122092416 ) ) ;
#2000 = DIRECTION ( 'NONE',  ( 0.000000000000000000, 0.000000000000000000, 1.000000000000000000 ) ) ;
#2001 = DIRECTION ( 'NONE',  ( 0.000000000000000000, -1.000000000000000000, -2.571471951262813563E-16 ) ) ;
#2002 = ORIENTED_EDGE ( 'NONE', *, *, #460, .F. ) ;
#2003 = EDGE_LOOP ( 'NONE', ( #4322, #2327, #2588, #365 ) ) ;
#2004 = ORIENTED_EDGE ( 'NONE', *, *, #2901, .T. ) ;
#2005 = CARTESIAN_POINT ( 'NONE',  ( 0.9150000000000009237, 1.935118803897821982, 0.4050000000000001932 ) ) ;
#2006 = AXIS2_PLACEMENT_3D ( 'NONE', #4991, #5636, #1819 ) ;
#2007 = CARTESIAN_POINT ( 'NONE',  ( -5.994999999999998330, -3.260504516109076434, 7.325000000000000178 ) ) ;
#2008 = DIRECTION ( 'NONE',  ( -0.000000000000000000, 0.9848077530122092416, 0.1736481776669237809 ) ) ;
#2009 = CARTESIAN_POINT ( 'NONE',  ( 7.974999999999999645, 0.1599946829665978842, 1.755007089050679481 ) ) ;
#2010 = ADVANCED_FACE ( 'NONE', ( #6421 ), #1493, .T. ) ;
#2011 = FILL_AREA_STYLE_COLOUR ( '', #417 ) ;
#2012 = ORIENTED_EDGE ( 'NONE', *, *, #1431, .F. ) ;
#2013 = ORIENTED_EDGE ( 'NONE', *, *, #4158, .T. ) ;
#2014 = AXIS2_PLACEMENT_3D ( 'NONE', #4598, #935, #5177 ) ;
#2015 = ORIENTED_EDGE ( 'NONE', *, *, #1979, .T. ) ;
#2016 = EDGE_CURVE ( 'NONE', #2999, #651, #7705, .T. ) ;
#2017 = AXIS2_PLACEMENT_3D ( 'NONE', #2021, #7029, #5830 ) ;
#2018 = FACE_OUTER_BOUND ( 'NONE', #2164, .T. ) ;
#2019 = DIRECTION ( 'NONE',  ( -0.9396926207859084279, -0.3420201433256688794, 0.000000000000000000 ) ) ;
#2020 = CARTESIAN_POINT ( 'NONE',  ( -5.994999999999998330, 0.000000000000000000, 6.915000000000000924 ) ) ;
#2021 = CARTESIAN_POINT ( 'NONE',  ( 7.974999999999999645, 1.935118803897821982, 0.4050000000000003042 ) ) ;
#2022 = VERTEX_POINT ( 'NONE', #4581 ) ;
#2023 = CIRCLE ( 'NONE', #6214, 0.1999999999999996503 ) ;
#2024 = CARTESIAN_POINT ( 'NONE',  ( -4.165000000000000036, 0.1969615506024410823, 6.749729635533386229 ) ) ;
#2025 = ORIENTED_EDGE ( 'NONE', *, *, #6045, .T. ) ;
#2026 = EDGE_LOOP ( 'NONE', ( #1227, #1206, #4112, #2353, #3080, #2732, #7532, #3715, #4420, #6200, #1573, #6544 ) ) ;
#2027 = CARTESIAN_POINT ( 'NONE',  ( -4.725000000000001421, 1.775124120931223182, 0.2849929109493203883 ) ) ;
#2028 = VERTEX_POINT ( 'NONE', #3965 ) ;
#2029 = VECTOR ( 'NONE', #970, 1000.000000000000000 ) ;
#2030 = CARTESIAN_POINT ( 'NONE',  ( 5.434999999999998721, 1.447135020849696696, 0.03897837839542870469 ) ) ;
#2031 = FACE_OUTER_BOUND ( 'NONE', #1745, .T. ) ;
#2032 = FACE_OUTER_BOUND ( 'NONE', #3764, .T. ) ;
#2033 = ORIENTED_EDGE ( 'NONE', *, *, #1476, .T. ) ;
#2034 = ORIENTED_EDGE ( 'NONE', *, *, #6560, .T. ) ;
#2035 = LINE ( 'NONE', #5845, #5067 ) ;
#2036 = EDGE_CURVE ( 'NONE', #8070, #6337, #4343, .T. ) ;
#2037 = VERTEX_POINT ( 'NONE', #219 ) ;
#2038 = EDGE_CURVE ( 'NONE', #8131, #4727, #5239, .T. ) ;
#2039 = ORIENTED_EDGE ( 'NONE', *, *, #7699, .F. ) ;
#2040 = AXIS2_PLACEMENT_3D ( 'NONE', #121, #7649, #3867 ) ;
#2041 = CARTESIAN_POINT ( 'NONE',  ( 4.724999999999999645, 0.000000000000000000, 1.835000000000000631 ) ) ;
#2042 = SURFACE_STYLE_USAGE ( .BOTH. , #2583 ) ;
#2043 = EDGE_CURVE ( 'NONE', #551, #6094, #3425, .T. ) ;
#2044 = DIRECTION ( 'NONE',  ( -1.000000000000000000, -0.000000000000000000, 0.000000000000000000 ) ) ;
#2045 = EDGE_CURVE ( 'NONE', #5785, #4, #1410, .T. ) ;
#2046 = CARTESIAN_POINT ( 'NONE',  ( -2.185000000000001386, 0.000000000000000000, 1.835000000000000409 ) ) ;
#2047 = VECTOR ( 'NONE', #547, 1000.000000000000000 ) ;
#2048 = ORIENTED_EDGE ( 'NONE', *, *, #7350, .F. ) ;
#2049 = VERTEX_POINT ( 'NONE', #2691 ) ;
#2050 = DIRECTION ( 'NONE',  ( 0.000000000000000000, 0.000000000000000000, 1.000000000000000000 ) ) ;
#2051 = EDGE_LOOP ( 'NONE', ( #728, #65, #7671, #4161 ) ) ;
#2052 = VECTOR ( 'NONE', #134, 1000.000000000000000 ) ;
#2053 = DIRECTION ( 'NONE',  ( -0.000000000000000000, -0.000000000000000000, 1.000000000000000000 ) ) ;
#2054 = AXIS2_PLACEMENT_3D ( 'NONE', #4406, #666, #3174 ) ;
#2055 = CARTESIAN_POINT ( 'NONE',  ( 0.3549999999999994271, 1.447135020849696696, 0.03897837839542846877 ) ) ;
#2056 = PLANE ( 'NONE',  #6131 ) ;
#2057 = DIRECTION ( 'NONE',  ( 0.000000000000000000, -0.1736481776669237254, 0.9848077530122092416 ) ) ;
#2058 = DIRECTION ( 'NONE',  ( 0.000000000000000000, 0.000000000000000000, -1.000000000000000000 ) ) ;
#2059 = CIRCLE ( 'NONE', #1395, 0.2000000000000002054 ) ;
#2060 = VERTEX_POINT ( 'NONE', #4494 ) ;
#2061 = AXIS2_PLACEMENT_3D ( 'NONE', #5681, #757, #5806 ) ;
#2062 = DIRECTION ( 'NONE',  ( -1.000000000000000000, -0.000000000000000000, -0.000000000000000000 ) ) ;
#2063 = FACE_OUTER_BOUND ( 'NONE', #3167, .T. ) ;
#2064 = CARTESIAN_POINT ( 'NONE',  ( 7.774999999999999467, -3.969999999999997087, 1.834999999999999964 ) ) ;
#2065 = EDGE_CURVE ( 'NONE', #3338, #1463, #1367, .T. ) ;
#2066 = VECTOR ( 'NONE', #1846, 1000.000000000000000 ) ;
#2067 = CARTESIAN_POINT ( 'NONE',  ( -7.265000000000000568, 0.000000000000000000, 1.635000000000000231 ) ) ;
#2068 = ORIENTED_EDGE ( 'NONE', *, *, #2587, .F. ) ;
#2069 = ORIENTED_EDGE ( 'NONE', *, *, #7198, .T. ) ;
#2070 = DIRECTION ( 'NONE',  ( -1.000000000000000000, -0.000000000000000000, -0.000000000000000000 ) ) ;
#2071 = VERTEX_POINT ( 'NONE', #6382 ) ;
#2072 = VECTOR ( 'NONE', #5260, 999.9999999999998863 ) ;
#2073 = CARTESIAN_POINT ( 'NONE',  ( -8.534999999999998366, -3.809999999999997389, 6.915000000000000924 ) ) ;
#2074 = DIRECTION ( 'NONE',  ( -0.000000000000000000, 1.000000000000000000, 0.000000000000000000 ) ) ;
#2075 = LINE ( 'NONE', #3265, #6656 ) ;
#2076 = VERTEX_POINT ( 'NONE', #3923 ) ;
#2077 = LINE ( 'NONE', #2162, #7162 ) ;
#2078 = ORIENTED_EDGE ( 'NONE', *, *, #5982, .T. ) ;
#2079 = ORIENTED_EDGE ( 'NONE', *, *, #6013, .F. ) ;
#2080 = DIRECTION ( 'NONE',  ( -0.000000000000000000, 1.000000000000000000, 2.184790272011093839E-16 ) ) ;
#2081 = EDGE_CURVE ( 'NONE', #4187, #26, #755, .T. ) ;
#2082 = LINE ( 'NONE', #5689, #1720 ) ;
#2083 = LINE ( 'NONE', #4591, #1788 ) ;
#2084 = CARTESIAN_POINT ( 'NONE',  ( 6.705000000000000959, 1.738157253295379956, 0.3702703644666156535 ) ) ;
#2085 = EDGE_CURVE ( 'NONE', #1133, #7220, #5838, .T. ) ;
#2086 = ORIENTED_EDGE ( 'NONE', *, *, #6591, .F. ) ;
#2087 = EDGE_LOOP ( 'NONE', ( #144, #2247, #1944, #91, #2707, #161, #7621, #6150, #6292, #7015, #3119, #374 ) ) ;
#2088 = ORIENTED_EDGE ( 'NONE', *, *, #2839, .T. ) ;
#2089 = EDGE_CURVE ( 'NONE', #7553, #2453, #5198, .T. ) ;
#2090 = LINE ( 'NONE', #1425, #1469 ) ;
#2091 = EDGE_CURVE ( 'NONE', #3895, #3217, #3385, .T. ) ;
#2092 = ORIENTED_EDGE ( 'NONE', *, *, #6594, .F. ) ;
#2093 = CARTESIAN_POINT ( 'NONE',  ( -2.895000000000000906, 0.000000000000000000, 1.635000000000000453 ) ) ;
#2094 = CARTESIAN_POINT ( 'NONE',  ( 9.245000000000000995, 3.200000000000001954, 0.2050000000000003209 ) ) ;
#2095 = CARTESIAN_POINT ( 'NONE',  ( 2.384999999999998010, -3.969999999999997087, 2.244999999999999662 ) ) ;
#2096 = DIRECTION ( 'NONE',  ( 0.000000000000000000, 0.000000000000000000, -1.000000000000000000 ) ) ;
#2097 = CARTESIAN_POINT ( 'NONE',  ( 6.705000000000000959, -3.809999999999997389, 7.325000000000001066 ) ) ;
#2098 =( NAMED_UNIT ( * ) SI_UNIT ( $, .STERADIAN. ) SOLID_ANGLE_UNIT ( ) );
#2099 = VERTEX_POINT ( 'NONE', #135 ) ;
#2100 = EDGE_CURVE ( 'NONE', #4812, #2486, #2773, .T. ) ;
#2101 = DIRECTION ( 'NONE',  ( 0.000000000000000000, 0.000000000000000000, 1.000000000000000000 ) ) ;
#2102 = DIRECTION ( 'NONE',  ( -1.000000000000000000, -0.000000000000000000, -0.000000000000000000 ) ) ;
#2103 = PLANE ( 'NONE',  #4826 ) ;
#2104 = DIRECTION ( 'NONE',  ( 0.000000000000000000, -1.285735975631406781E-16, 1.000000000000000000 ) ) ;
#2105 = AXIS2_PLACEMENT_3D ( 'NONE', #8122, #6795, #4413 ) ;
#2106 = LINE ( 'NONE', #4616, #6047 ) ;
#2107 = ORIENTED_EDGE ( 'NONE', *, *, #3687, .T. ) ;
#2108 = ORIENTED_EDGE ( 'NONE', *, *, #789, .T. ) ;
#2109 = CARTESIAN_POINT ( 'NONE',  ( 7.974999999999999645, 1.935118803897821982, 0.4050000000000003042 ) ) ;
#2110 = DIRECTION ( 'NONE',  ( 0.000000000000000000, 0.000000000000000000, -1.000000000000000000 ) ) ;
#2111 = CARTESIAN_POINT ( 'NONE',  ( -0.9149999999999991473, 1.935118803897821982, 0.4050000000000000266 ) ) ;
#2112 = VECTOR ( 'NONE', #1075, 1000.000000000000000 ) ;
#2113 = DIRECTION ( 'NONE',  ( 0.3420201433256713774, 0.9396926207859073177, -0.000000000000000000 ) ) ;
#2114 = CARTESIAN_POINT ( 'NONE',  ( 7.264999999999999680, 0.4879837830481246197, 2.001021621604571976 ) ) ;
#2115 = ORIENTED_EDGE ( 'NONE', *, *, #3673, .F. ) ;
#2116 = CARTESIAN_POINT ( 'NONE',  ( 4.924999999999998934, -3.969999999999997087, 1.834999999999999742 ) ) ;
#2117 = VECTOR ( 'NONE', #2680, 1000.000000000000000 ) ;
#2118 = ORIENTED_EDGE ( 'NONE', *, *, #3600, .T. ) ;
#2119 = EDGE_CURVE ( 'NONE', #7520, #2483, #4535, .T. ) ;
#2120 = ORIENTED_EDGE ( 'NONE', *, *, #6345, .F. ) ;
#2121 = CARTESIAN_POINT ( 'NONE',  ( 0.9150000000000009237, 1.738157253295379956, 0.3702703644666154315 ) ) ;
#2122 = LINE ( 'NONE', #7718, #8035 ) ;
#2123 = AXIS2_PLACEMENT_3D ( 'NONE', #5658, #1840, #6191 ) ;
#2124 = CIRCLE ( 'NONE', #1855, 0.1999999999999996503 ) ;
#2125 = FACE_OUTER_BOUND ( 'NONE', #603, .T. ) ;
#2126 = ORIENTED_EDGE ( 'NONE', *, *, #2488, .T. ) ;
#2127 = DIRECTION ( 'NONE',  ( 0.000000000000000000, -0.6000354452533958050, 0.7999734148329924466 ) ) ;
#2128 = ORIENTED_EDGE ( 'NONE', *, *, #762, .T. ) ;
#2129 = ORIENTED_EDGE ( 'NONE', *, *, #4150, .F. ) ;
#2130 = AXIS2_PLACEMENT_3D ( 'NONE', #7552, #1756, #5011 ) ;
#2131 = ORIENTED_EDGE ( 'NONE', *, *, #522, .T. ) ;
#2132 = FACE_OUTER_BOUND ( 'NONE', #2051, .T. ) ;
#2133 = EDGE_CURVE ( 'NONE', #1394, #1292, #5158, .T. ) ;
#2134 = CARTESIAN_POINT ( 'NONE',  ( 7.264999999999999680, 1.935118803897821982, 0.4050000000000003042 ) ) ;
#2135 = CARTESIAN_POINT ( 'NONE',  ( 8.535000000000000142, 1.935118803897821982, 0.2050000000000002931 ) ) ;
#2136 = DIRECTION ( 'NONE',  ( -1.000000000000000000, -0.000000000000000000, -0.000000000000000000 ) ) ;
#2137 = DIRECTION ( 'NONE',  ( 0.000000000000000000, 6.368294698886953826E-17, 1.000000000000000000 ) ) ;
#2138 = EDGE_CURVE ( 'NONE', #140, #2905, #2860, .T. ) ;
#2139 =( LENGTH_UNIT ( ) NAMED_UNIT ( * ) SI_UNIT ( .MILLI., .METRE. ) );
#2140 = ADVANCED_FACE ( 'NONE', ( #2815 ), #2278, .F. ) ;
#2141 = ORIENTED_EDGE ( 'NONE', *, *, #4254, .F. ) ;
#2142 = VECTOR ( 'NONE', #6546, 1000.000000000000000 ) ;
#2143 = EDGE_CURVE ( 'NONE', #2778, #5173, #6012, .T. ) ;
#2144 = CARTESIAN_POINT ( 'NONE',  ( 6.194999999999999396, -3.809999999999997389, 6.915000000000001812 ) ) ;
#2145 = CARTESIAN_POINT ( 'NONE',  ( 5.434999999999998721, 1.935118803897821982, 0.4050000000000001932 ) ) ;
#2146 = CARTESIAN_POINT ( 'NONE',  ( 10.00999999999999979, 14.00999999999999801, -2.250000000000000888 ) ) ;
#2147 = PLANE ( 'NONE',  #3466 ) ;
#2148 = ADVANCED_FACE ( 'NONE', ( #6592 ), #387, .F. ) ;
#2149 = EDGE_CURVE ( 'NONE', #3486, #5092, #7322, .T. ) ;
#2150 = VECTOR ( 'NONE', #4857, 1000.000000000000000 ) ;
#2151 = DIRECTION ( 'NONE',  ( -0.000000000000000000, 0.9848077530122092416, 0.1736481776669237809 ) ) ;
#2152 = AXIS2_PLACEMENT_3D ( 'NONE', #3377, #4613, #126 ) ;
#2153 = ORIENTED_EDGE ( 'NONE', *, *, #2416, .F. ) ;
#2154 = ORIENTED_EDGE ( 'NONE', *, *, #4788, .T. ) ;
#2155 = CARTESIAN_POINT ( 'NONE',  ( 5.995000000000000107, 3.200000000000001954, -0.2049999999999994049 ) ) ;
#2156 = DIRECTION ( 'NONE',  ( -0.000000000000000000, 0.000000000000000000, 1.000000000000000000 ) ) ;
#2157 = DIRECTION ( 'NONE',  ( -1.000000000000000000, -0.000000000000000000, -0.000000000000000000 ) ) ;
#2158 = PLANE ( 'NONE',  #3310 ) ;
#2159 = UNCERTAINTY_MEASURE_WITH_UNIT (LENGTH_MEASURE( 1.000000000000000082E-05 ), #5852, 'distance_accuracy_value', 'NONE');
#2160 = CIRCLE ( 'NONE', #4387, 0.1999999999999996503 ) ;
#2161 = LINE ( 'NONE', #2818, #4419 ) ;
#2162 = CARTESIAN_POINT ( 'NONE',  ( -0.9149999999999991473, 0.000000000000000000, 7.325000000000000178 ) ) ;
#2163 = AXIS2_PLACEMENT_3D ( 'NONE', #4402, #6913, #2522 ) ;
#2164 = EDGE_LOOP ( 'NONE', ( #3285, #2115, #1698, #7682 ) ) ;
#2165 = VERTEX_POINT ( 'NONE', #1692 ) ;
#2166 = CARTESIAN_POINT ( 'NONE',  ( -2.185000000000001386, -3.969999999999997087, 2.244999999999999662 ) ) ;
#2167 = CARTESIAN_POINT ( 'NONE',  ( 8.535000000000000142, 0.000000000000000000, 6.715000000000002522 ) ) ;
#2168 = LINE ( 'NONE', #4219, #879 ) ;
#2169 = ORIENTED_EDGE ( 'NONE', *, *, #7974, .F. ) ;
#2170 = VECTOR ( 'NONE', #3750, 1000.000000000000000 ) ;
#2171 = DIRECTION ( 'NONE',  ( 1.000000000000000000, 0.000000000000000000, -0.000000000000000000 ) ) ;
#2172 = EDGE_CURVE ( 'NONE', #6429, #4308, #6041, .T. ) ;
#2173 = ORIENTED_EDGE ( 'NONE', *, *, #2085, .T. ) ;
#2174 = ORIENTED_EDGE ( 'NONE', *, *, #3527, .T. ) ;
#2175 = ORIENTED_EDGE ( 'NONE', *, *, #394, .F. ) ;
#2176 = FACE_OUTER_BOUND ( 'NONE', #2783, .T. ) ;
#2177 = DIRECTION ( 'NONE',  ( 0.000000000000000000, -1.000000000000000000, 0.000000000000000000 ) ) ;
#2178 = DIRECTION ( 'NONE',  ( -0.3420201433256687684, 0.9396926207859083169, -0.000000000000000000 ) ) ;
#2179 = DIRECTION ( 'NONE',  ( -1.000000000000000000, -0.000000000000000000, -0.000000000000000000 ) ) ;
#2180 = LINE ( 'NONE', #2097, #2447 ) ;
#2181 = LINE ( 'NONE', #5263, #3439 ) ;
#2182 = AXIS2_PLACEMENT_3D ( 'NONE', #6245, #1813, #1195 ) ;
#2183 = ORIENTED_EDGE ( 'NONE', *, *, #3248, .T. ) ;
#2184 = VECTOR ( 'NONE', #2738, 1000.000000000000000 ) ;
#2185 = CARTESIAN_POINT ( 'NONE',  ( 9.245000000000000995, 3.200000000000001954, 0.2050000000000003209 ) ) ;
#2186 = LINE ( 'NONE', #5309, #7359 ) ;
#2187 = DIRECTION ( 'NONE',  ( 1.000000000000000000, 0.000000000000000000, 0.000000000000000000 ) ) ;
#2188 = CARTESIAN_POINT ( 'NONE',  ( 2.894999999999999130, 3.200000000000001954, 0.2050000000000000711 ) ) ;
#2189 = ADVANCED_FACE ( 'NONE', ( #4207 ), #4132, .F. ) ;
#2190 = VECTOR ( 'NONE', #7978, 1000.000000000000000 ) ;
#2191 = UNCERTAINTY_MEASURE_WITH_UNIT (LENGTH_MEASURE( 1.000000000000000082E-05 ), #4726, 'distance_accuracy_value', 'NONE');
#2192 =( LENGTH_UNIT ( ) NAMED_UNIT ( * ) SI_UNIT ( .MILLI., .METRE. ) );
#2193 = EDGE_CURVE ( 'NONE', #2625, #7892, #1729, .T. ) ;
#2194 = ORIENTED_EDGE ( 'NONE', *, *, #1786, .F. ) ;
#2195 = VERTEX_POINT ( 'NONE', #6633 ) ;
#2196 = EDGE_CURVE ( 'NONE', #4429, #3312, #1114, .T. ) ;
#2197 = AXIS2_PLACEMENT_3D ( 'NONE', #652, #6187, #4314 ) ;
#2198 = LINE ( 'NONE', #1535, #1877 ) ;
#2199 = DIRECTION ( 'NONE',  ( -0.9396926207859078728, 0.3420201433256702117, 0.000000000000000000 ) ) ;
#2200 = PLANE ( 'NONE',  #5911 ) ;
#2201 = DIRECTION ( 'NONE',  ( -1.000000000000000000, -0.000000000000000000, -0.000000000000000000 ) ) ;
#2202 = CIRCLE ( 'NONE', #3893, 0.6099999999999996536 ) ;
#2203 = CARTESIAN_POINT ( 'NONE',  ( -1.624999999999999778, 0.000000000000000000, 6.715000000000001634 ) ) ;
#2204 = DIRECTION ( 'NONE',  ( 0.000000000000000000, -1.000000000000000000, 0.000000000000000000 ) ) ;
#2205 = VECTOR ( 'NONE', #2226, 1000.000000000000000 ) ;
#2206 = VERTEX_POINT ( 'NONE', #464 ) ;
#2207 = CARTESIAN_POINT ( 'NONE',  ( -7.265000000000000568, 0.4879837830481246197, 2.001021621604571088 ) ) ;
#2208 = ORIENTED_EDGE ( 'NONE', *, *, #6798, .T. ) ;
#2209 = CARTESIAN_POINT ( 'NONE',  ( -10.00558854930149622, 2.902975353681892301, -2.214071617261453628 ) ) ;
#2210 = CARTESIAN_POINT ( 'NONE',  ( -8.534999999999998366, -3.260504516109076434, 7.325000000000000178 ) ) ;
#2211 = CARTESIAN_POINT ( 'NONE',  ( 7.264999999999999680, 1.775124120931223182, 0.2849929109493209989 ) ) ;
#2212 = ORIENTED_EDGE ( 'NONE', *, *, #6487, .T. ) ;
#2213 = AXIS2_PLACEMENT_3D ( 'NONE', #4423, #6185, #8050 ) ;
#2214 = CARTESIAN_POINT ( 'NONE',  ( 3.455000000000000515, 1.935118803897821982, 0.4050000000000003042 ) ) ;
#2215 = ORIENTED_EDGE ( 'NONE', *, *, #2485, .T. ) ;
#2216 = VERTEX_POINT ( 'NONE', #7282 ) ;
#2217 = VERTEX_POINT ( 'NONE', #3623 ) ;
#2218 = DIRECTION ( 'NONE',  ( 1.000000000000000000, 0.000000000000000000, 0.000000000000000000 ) ) ;
#2219 = DIRECTION ( 'NONE',  ( 1.000000000000000000, 0.000000000000000000, 0.000000000000000000 ) ) ;
#2220 = LINE ( 'NONE', #2957, #4521 ) ;
#2221 = PLANE ( 'NONE',  #6114 ) ;
#2222 = ORIENTED_EDGE ( 'NONE', *, *, #52, .F. ) ;
#2223 = EDGE_CURVE ( 'NONE', #851, #3199, #7993, .T. ) ;
#2224 = DIRECTION ( 'NONE',  ( -1.000000000000000000, -0.000000000000000000, -0.000000000000000000 ) ) ;
#2225 = PLANE ( 'NONE',  #7236 ) ;
#2226 = DIRECTION ( 'NONE',  ( 0.000000000000000000, -1.000000000000000000, -1.285735975631406781E-16 ) ) ;
#2227 = CARTESIAN_POINT ( 'NONE',  ( 6.705000000000000959, -3.260504516109076434, 0.4050000000000004152 ) ) ;
#2228 = ORIENTED_EDGE ( 'NONE', *, *, #4814, .T. ) ;
#2229 = CARTESIAN_POINT ( 'NONE',  ( 10.00999999999999979, 3.200000000000002398, -2.250000000000000888 ) ) ;
#2230 = ORIENTED_EDGE ( 'NONE', *, *, #2143, .F. ) ;
#2231 = EDGE_CURVE ( 'NONE', #182, #1674, #5265, .T. ) ;
#2232 = ORIENTED_EDGE ( 'NONE', *, *, #2580, .F. ) ;
#2233 = LINE ( 'NONE', #6671, #3321 ) ;
#2234 = CARTESIAN_POINT ( 'NONE',  ( -8.534999999999998366, -3.260504516109076434, 6.915000000000000924 ) ) ;
#2235 = CARTESIAN_POINT ( 'NONE',  ( -1.624999999999999778, 3.200000000000001954, -0.2049999999999997380 ) ) ;
#2236 = VECTOR ( 'NONE', #1585, 1000.000000000000000 ) ;
#2237 = ADVANCED_FACE ( 'NONE', ( #348 ), #2200, .F. ) ;
#2238 = DIRECTION ( 'NONE',  ( 0.000000000000000000, -0.000000000000000000, -1.000000000000000000 ) ) ;
#2239 = CARTESIAN_POINT ( 'NONE',  ( -7.775000000000001243, -3.969999999999997087, 1.834999999999999298 ) ) ;
#2240 = DIRECTION ( 'NONE',  ( 0.3420201433256698231, -0.9396926207859079838, -1.026515648286830928E-16 ) ) ;
#2241 = EDGE_CURVE ( 'NONE', #4793, #3734, #7835, .T. ) ;
#2242 = CIRCLE ( 'NONE', #1841, 0.6099999999999985434 ) ;
#2243 = EDGE_CURVE ( 'NONE', #1426, #4265, #667, .T. ) ;
#2244 = EDGE_LOOP ( 'NONE', ( #1143, #1386, #3644, #4633 ) ) ;
#2245 = PLANE ( 'NONE',  #2302 ) ;
#2246 = AXIS2_PLACEMENT_3D ( 'NONE', #4090, #7950, #3581 ) ;
#2247 = ORIENTED_EDGE ( 'NONE', *, *, #333, .T. ) ;
#2248 = CARTESIAN_POINT ( 'NONE',  ( 9.245000000000000995, 0.000000000000000000, 7.325000000000001066 ) ) ;
#2249 = DIRECTION ( 'NONE',  ( -1.000000000000000000, -0.000000000000000000, -0.000000000000000000 ) ) ;
#2250 = ORIENTED_EDGE ( 'NONE', *, *, #6661, .T. ) ;
#2251 = CARTESIAN_POINT ( 'NONE',  ( 1.625000000000001332, 1.935118803897821982, 0.2049999999999999323 ) ) ;
#2252 = STYLED_ITEM ( 'NONE', ( #7278 ), #7736 ) ;
#2253 = EDGE_CURVE ( 'NONE', #8056, #2297, #7202, .T. ) ;
#2254 = ORIENTED_EDGE ( 'NONE', *, *, #6228, .F. ) ;
#2255 = ORIENTED_EDGE ( 'NONE', *, *, #727, .T. ) ;
#2256 = ORIENTED_EDGE ( 'NONE', *, *, #3234, .T. ) ;
#2257 = DIRECTION ( 'NONE',  ( 0.000000000000000000, 0.000000000000000000, 1.000000000000000000 ) ) ;
#2258 = VECTOR ( 'NONE', #203, 1000.000000000000000 ) ;
#2259 = AXIS2_PLACEMENT_3D ( 'NONE', #5054, #5179, #3280 ) ;
#2260 = CARTESIAN_POINT ( 'NONE',  ( -3.454999999999999627, 3.200000000000001954, -0.2049999999999998490 ) ) ;
#2261 = DIRECTION ( 'NONE',  ( 0.000000000000000000, -1.000000000000000000, -2.184790272011094332E-16 ) ) ;
#2262 = ORIENTED_EDGE ( 'NONE', *, *, #5821, .F. ) ;
#2263 = DIRECTION ( 'NONE',  ( 0.000000000000000000, 0.000000000000000000, -1.000000000000000000 ) ) ;
#2264 = CARTESIAN_POINT ( 'NONE',  ( 8.535000000000000142, -3.260504516109076434, 6.915000000000001812 ) ) ;
#2265 = MECHANICAL_DESIGN_GEOMETRIC_PRESENTATION_REPRESENTATION (  '', ( #7786 ), #6323 ) ;
#2266 = VECTOR ( 'NONE', #4337, 1000.000000000000114 ) ;
#2267 = ORIENTED_EDGE ( 'NONE', *, *, #2301, .F. ) ;
#2268 = DIRECTION ( 'NONE',  ( 0.000000000000000000, 0.000000000000000000, 1.000000000000000000 ) ) ;
#2269 = CARTESIAN_POINT ( 'NONE',  ( -4.165000000000000036, 3.200000000000001954, 0.2049999999999997380 ) ) ;
#2270 = LINE ( 'NONE', #7275, #1276 ) ;
#2271 = CARTESIAN_POINT ( 'NONE',  ( 0.3549999999999994271, 1.775124120931223182, 0.2849929109493206658 ) ) ;
#2272 = EDGE_CURVE ( 'NONE', #4365, #1547, #1617, .T. ) ;
#2273 = SURFACE_SIDE_STYLE ('',( #5390 ) ) ;
#2274 = EDGE_CURVE ( 'NONE', #1871, #4456, #1039, .T. ) ;
#2275 = ORIENTED_EDGE ( 'NONE', *, *, #6345, .T. ) ;
#2276 = CARTESIAN_POINT ( 'NONE',  ( -4.725000000000001421, 0.000000000000000000, 1.635000000000000231 ) ) ;
#2277 = CARTESIAN_POINT ( 'NONE',  ( 2.384999999999998010, -3.969999999999997087, 1.834999999999999742 ) ) ;
#2278 = PLANE ( 'NONE',  #7229 ) ;
#2279 = FACE_OUTER_BOUND ( 'NONE', #7260, .T. ) ;
#2280 = CIRCLE ( 'NONE', #6867, 0.2000000000000002609 ) ;
#2281 = LINE ( 'NONE', #351, #3373 ) ;
#2282 = ORIENTED_EDGE ( 'NONE', *, *, #7154, .T. ) ;
#2283 = DIRECTION ( 'NONE',  ( 0.000000000000000000, -1.000000000000000000, -1.285735975631406781E-16 ) ) ;
#2284 = VERTEX_POINT ( 'NONE', #3132 ) ;
#2285 = CARTESIAN_POINT ( 'NONE',  ( -4.725000000000001421, 0.000000000000000000, 2.245000000000000107 ) ) ;
#2286 = ORIENTED_EDGE ( 'NONE', *, *, #3396, .F. ) ;
#2287 = CIRCLE ( 'NONE', #6474, 0.6099999999999985434 ) ;
#2288 = DIRECTION ( 'NONE',  ( 0.000000000000000000, 0.000000000000000000, 1.000000000000000000 ) ) ;
#2289 = MANIFOLD_SOLID_BREP ( 'LPattern1[8]', #1255 ) ;
#2290 = DIRECTION ( 'NONE',  ( 0.000000000000000000, 1.285735975631406781E-16, -1.000000000000000000 ) ) ;
#2291 = EDGE_LOOP ( 'NONE', ( #7195, #5871, #6221, #2183, #239, #1457 ) ) ;
#2292 = EDGE_CURVE ( 'NONE', #7625, #3180, #7525, .T. ) ;
#2293 = PLANE ( 'NONE',  #4293 ) ;
#2294 = AXIS2_PLACEMENT_3D ( 'NONE', #1309, #1847, #6321 ) ;
#2295 = VERTEX_POINT ( 'NONE', #4440 ) ;
#2296 = EDGE_CURVE ( 'NONE', #7241, #4171, #3662, .T. ) ;
#2297 = VERTEX_POINT ( 'NONE', #1853 ) ;
#2298 = VERTEX_POINT ( 'NONE', #4325 ) ;
#2299 = DIRECTION ( 'NONE',  ( 0.000000000000000000, -1.000000000000000000, 0.000000000000000000 ) ) ;
#2300 = EDGE_CURVE ( 'NONE', #7742, #5092, #6204, .T. ) ;
#2301 = EDGE_CURVE ( 'NONE', #773, #7701, #2562, .T. ) ;
#2302 = AXIS2_PLACEMENT_3D ( 'NONE', #4214, #311, #7209 ) ;
#2303 =( NAMED_UNIT ( * ) SI_UNIT ( $, .STERADIAN. ) SOLID_ANGLE_UNIT ( ) );
#2304 = LINE ( 'NONE', #4117, #6485 ) ;
#2305 = CARTESIAN_POINT ( 'NONE',  ( -5.994999999999998330, 0.000000000000000000, 7.325000000000000178 ) ) ;
#2306 = EDGE_LOOP ( 'NONE', ( #6715, #2361, #7089, #2567 ) ) ;
#2307 = CARTESIAN_POINT ( 'NONE',  ( 2.894999999999999130, 1.775124120931223182, 0.2849929109493207768 ) ) ;
#2308 = LINE ( 'NONE', #1648, #2650 ) ;
#2309 = DIRECTION ( 'NONE',  ( -1.000000000000000000, -0.000000000000000000, -0.000000000000000000 ) ) ;
#2310 = DIRECTION ( 'NONE',  ( -0.3420201433256713774, -0.9396926207859073177, -0.000000000000000000 ) ) ;
#2311 = AXIS2_PLACEMENT_3D ( 'NONE', #7355, #6741, #1113 ) ;
#2312 = CARTESIAN_POINT ( 'NONE',  ( -2.895000000000000906, -3.420504516109077908, 2.244999999999999662 ) ) ;
#2313 = AXIS2_PLACEMENT_3D ( 'NONE', #4914, #1783, #16 ) ;
#2314 = ORIENTED_EDGE ( 'NONE', *, *, #585, .T. ) ;
#2315 = CARTESIAN_POINT ( 'NONE',  ( -9.244999999999999218, 1.935118803897821982, 0.4049999999999996936 ) ) ;
#2316 = CARTESIAN_POINT ( 'NONE',  ( 9.457469475936957082, 3.200000000000002398, 2.249999999999999112 ) ) ;
#2317 = CARTESIAN_POINT ( 'NONE',  ( -10.00999999999999979, 17.77000000000003510, -2.250000000000001332 ) ) ;
#2318 = EDGE_CURVE ( 'NONE', #1383, #7122, #6163, .T. ) ;
#2319 = AXIS2_PLACEMENT_3D ( 'NONE', #860, #2838, #1942 ) ;
#2320 = CARTESIAN_POINT ( 'NONE',  ( 1.625000000000001332, -3.260504516109076434, 0.4050000000000001932 ) ) ;
#2321 = DIRECTION ( 'NONE',  ( -0.000000000000000000, 1.000000000000000000, -0.000000000000000000 ) ) ;
#2322 = EDGE_LOOP ( 'NONE', ( #3327, #3628, #6630, #1418 ) ) ;
#2323 = DIRECTION ( 'NONE',  ( 0.000000000000000000, 0.000000000000000000, 1.000000000000000000 ) ) ;
#2324 = CIRCLE ( 'NONE', #614, 0.6099999999999996536 ) ;
#2325 = VERTEX_POINT ( 'NONE', #1280 ) ;
#2326 = CARTESIAN_POINT ( 'NONE',  ( -7.265000000000000568, 1.935118803897821982, -0.2050000000000001543 ) ) ;
#2327 = ORIENTED_EDGE ( 'NONE', *, *, #2941, .F. ) ;
#2328 = VECTOR ( 'NONE', #6959, 1000.000000000000000 ) ;
#2329 = DIRECTION ( 'NONE',  ( -0.000000000000000000, 1.000000000000000000, 1.285735975631406781E-16 ) ) ;
#2330 = EDGE_CURVE ( 'NONE', #1799, #598, #4286, .T. ) ;
#2331 = MANIFOLD_SOLID_BREP ( 'Chamfer2', #999 ) ;
#2332 = CARTESIAN_POINT ( 'NONE',  ( -4.165000000000000036, 1.738157253295379956, 0.3702703644666151539 ) ) ;
#2333 = CARTESIAN_POINT ( 'NONE',  ( -5.994999999999998330, 0.000000000000000000, 6.915000000000000924 ) ) ;
#2334 = LINE ( 'NONE', #5372, #4418 ) ;
#2335 = CIRCLE ( 'NONE', #3378, 0.6099999999999992095 ) ;
#2336 = ORIENTED_EDGE ( 'NONE', *, *, #6450, .F. ) ;
#2337 = ORIENTED_EDGE ( 'NONE', *, *, #7903, .T. ) ;
#2338 = ORIENTED_EDGE ( 'NONE', *, *, #4852, .T. ) ;
#2339 = EDGE_CURVE ( 'NONE', #2656, #2793, #2479, .T. ) ;
#2340 = CARTESIAN_POINT ( 'NONE',  ( 4.165000000000000924, 3.200000000000001954, 0.2050000000000000711 ) ) ;
#2341 = VECTOR ( 'NONE', #6728, 1000.000000000000000 ) ;
#2342 = CARTESIAN_POINT ( 'NONE',  ( -7.974999999999999645, 1.935118803897821982, -0.2050000000000001543 ) ) ;
#2343 = EDGE_CURVE ( 'NONE', #6202, #7704, #1936, .T. ) ;
#2344 = CARTESIAN_POINT ( 'NONE',  ( -1.425000000000000933, -3.809999999999997389, 6.915000000000000924 ) ) ;
#2345 = DIRECTION ( 'NONE',  ( 0.000000000000000000, -1.285735975631406781E-16, 1.000000000000000000 ) ) ;
#2346 = ADVANCED_FACE ( 'NONE', ( #5188 ), #744, .T. ) ;
#2347 = ORIENTED_EDGE ( 'NONE', *, *, #6074, .F. ) ;
#2348 = LINE ( 'NONE', #7905, #4894 ) ;
#2349 = LINE ( 'NONE', #2885, #9 ) ;
#2350 = CARTESIAN_POINT ( 'NONE',  ( 0.3549999999999994271, 0.000000000000000000, 2.245000000000000107 ) ) ;
#2351 = DIRECTION ( 'NONE',  ( 0.000000000000000000, 0.000000000000000000, 1.000000000000000000 ) ) ;
#2352 = EDGE_CURVE ( 'NONE', #2475, #6473, #3375, .T. ) ;
#2353 = ORIENTED_EDGE ( 'NONE', *, *, #2852, .T. ) ;
#2354 = DIRECTION ( 'NONE',  ( -1.000000000000000000, -0.000000000000000000, 0.000000000000000000 ) ) ;
#2355 = DIRECTION ( 'NONE',  ( -1.000000000000000000, -0.000000000000000000, -0.000000000000000000 ) ) ;
#2356 = CARTESIAN_POINT ( 'NONE',  ( 0.9150000000000009237, 1.935118803897821982, 0.4050000000000001932 ) ) ;
#2357 = DIRECTION ( 'NONE',  ( -1.000000000000000000, -0.000000000000000000, 0.000000000000000000 ) ) ;
#2358 = DIRECTION ( 'NONE',  ( 1.000000000000000000, 0.000000000000000000, 0.000000000000000000 ) ) ;
#2359 = CARTESIAN_POINT ( 'NONE',  ( 1.625000000000001332, 1.334386074560374613, 0.2990746116231765006 ) ) ;
#2360 = CARTESIAN_POINT ( 'NONE',  ( -2.185000000000001386, 0.000000000000000000, 1.635000000000000453 ) ) ;
#2361 = ORIENTED_EDGE ( 'NONE', *, *, #5600, .F. ) ;
#2362 = VECTOR ( 'NONE', #146, 1000.000000000000000 ) ;
#2363 = CARTESIAN_POINT ( 'NONE',  ( -6.704999999999999183, 1.738157253295379956, 0.3702703644666150429 ) ) ;
#2364 = VERTEX_POINT ( 'NONE', #7603 ) ;
#2365 = CARTESIAN_POINT ( 'NONE',  ( 6.959999999999999964, 20.82000000000000028, -2.250000000000001332 ) ) ;
#2366 = DIRECTION ( 'NONE',  ( -1.000000000000000000, -0.000000000000000000, -0.000000000000000000 ) ) ;
#2367 = CARTESIAN_POINT ( 'NONE',  ( 9.245000000000000995, 0.1969615506024410823, 6.749729635533387118 ) ) ;
#2368 = PLANE ( 'NONE',  #7847 ) ;
#2369 = AXIS2_PLACEMENT_3D ( 'NONE', #2877, #1135, #484 ) ;
#2370 = ADVANCED_FACE ( 'NONE', ( #1400 ), #83, .T. ) ;
#2371 = ORIENTED_EDGE ( 'NONE', *, *, #2149, .F. ) ;
#2372 = ORIENTED_EDGE ( 'NONE', *, *, #1362, .F. ) ;
#2373 = ORIENTED_EDGE ( 'NONE', *, *, #2609, .T. ) ;
#2374 = DIRECTION ( 'NONE',  ( 0.000000000000000000, -0.7999734148329924466, -0.6000354452533959160 ) ) ;
#2375 = VECTOR ( 'NONE', #2157, 1000.000000000000000 ) ;
#2376 = LINE ( 'NONE', #2260, #3648 ) ;
#2377 = DIRECTION ( 'NONE',  ( -1.000000000000000000, -0.000000000000000000, -0.000000000000000000 ) ) ;
#2378 = LINE ( 'NONE', #4810, #4287 ) ;
#2379 = ORIENTED_EDGE ( 'NONE', *, *, #6945, .F. ) ;
#2380 =( GEOMETRIC_REPRESENTATION_CONTEXT ( 3 ) GLOBAL_UNCERTAINTY_ASSIGNED_CONTEXT ( ( #297 ) ) GLOBAL_UNIT_ASSIGNED_CONTEXT ( ( #2192, #3045, #6864 ) ) REPRESENTATION_CONTEXT ( 'NONE', 'WORKASPACE' ) );
#2381 = MECHANICAL_DESIGN_GEOMETRIC_PRESENTATION_REPRESENTATION (  '', ( #4222 ), #6441 ) ;
#2382 = VERTEX_POINT ( 'NONE', #6329 ) ;
#2383 = ADVANCED_FACE ( 'NONE', ( #6413 ), #2764, .T. ) ;
#2384 = CYLINDRICAL_SURFACE ( 'NONE', #7436, 0.2000000000000002609 ) ;
#2385 = LINE ( 'NONE', #4931, #1100 ) ;
#2386 = CIRCLE ( 'NONE', #7638, 0.1999999999999996503 ) ;
#2387 = EDGE_CURVE ( 'NONE', #2099, #7177, #3953, .T. ) ;
#2388 = LINE ( 'NONE', #3862, #8 ) ;
#2389 = ORIENTED_EDGE ( 'NONE', *, *, #1435, .F. ) ;
#2390 = ADVANCED_FACE ( 'NONE', ( #4525 ), #7785, .F. ) ;
#2391 = CARTESIAN_POINT ( 'NONE',  ( -5.435000000000001386, 1.935118803897821982, 0.4049999999999996936 ) ) ;
#2392 = PRESENTATION_LAYER_ASSIGNMENT (  '', '', ( #7786 ) ) ;
#2393 = CYLINDRICAL_SURFACE ( 'NONE', #3356, 0.6099999999999998757 ) ;
#2394 = CARTESIAN_POINT ( 'NONE',  ( 7.974999999999999645, 3.200000000000001954, -0.2049999999999992939 ) ) ;
#2395 = EDGE_CURVE ( 'NONE', #6313, #707, #785, .T. ) ;
#2396 = EDGE_CURVE ( 'NONE', #651, #515, #4482, .T. ) ;
#2397 = CARTESIAN_POINT ( 'NONE',  ( 2.184999999999999609, 1.447135020849696696, 0.03897837839542858673 ) ) ;
#2398 = PLANE ( 'NONE',  #3328 ) ;
#2399 = LINE ( 'NONE', #6207, #7420 ) ;
#2400 = ORIENTED_EDGE ( 'NONE', *, *, #939, .F. ) ;
#2401 = CARTESIAN_POINT ( 'NONE',  ( 0.9150000000000009237, 3.200000000000001954, -0.2049999999999996547 ) ) ;
#2402 = ORIENTED_EDGE ( 'NONE', *, *, #2318, .F. ) ;
#2403 = CARTESIAN_POINT ( 'NONE',  ( -8.534999999999998366, 0.000000000000000000, 6.915000000000000924 ) ) ;
#2404 = EDGE_LOOP ( 'NONE', ( #7535, #5084, #3881, #6933 ) ) ;
#2405 = CIRCLE ( 'NONE', #30, 0.1999999999999996503 ) ;
#2406 = CARTESIAN_POINT ( 'NONE',  ( 10.00999999999999979, 14.00999999999999801, 2.249999999999999112 ) ) ;
#2407 = DIRECTION ( 'NONE',  ( -1.000000000000000000, -0.000000000000000000, 0.000000000000000000 ) ) ;
#2408 = DIRECTION ( 'NONE',  ( 1.000000000000000000, 0.000000000000000000, 0.000000000000000000 ) ) ;
#2409 = DIRECTION ( 'NONE',  ( -1.000000000000000000, -0.000000000000000000, -0.000000000000000000 ) ) ;
#2410 = VECTOR ( 'NONE', #7221, 1000.000000000000000 ) ;
#2411 = EDGE_LOOP ( 'NONE', ( #2175, #7710, #3689, #1810 ) ) ;
#2412 = AXIS2_PLACEMENT_3D ( 'NONE', #6467, #261, #7163 ) ;
#2413 = ORIENTED_EDGE ( 'NONE', *, *, #1579, .F. ) ;
#2414 = ORIENTED_EDGE ( 'NONE', *, *, #5744, .F. ) ;
#2415 = LINE ( 'NONE', #404, #919 ) ;
#2416 = EDGE_CURVE ( 'NONE', #7540, #1096, #1356, .T. ) ;
#2417 = DIRECTION ( 'NONE',  ( -1.000000000000000000, -0.000000000000000000, -0.000000000000000000 ) ) ;
#2418 = FACE_OUTER_BOUND ( 'NONE', #7376, .T. ) ;
#2419 = VECTOR ( 'NONE', #2675, 1000.000000000000000 ) ;
#2420 = EDGE_LOOP ( 'NONE', ( #3311, #6953, #2517, #1223 ) ) ;
#2421 = CARTESIAN_POINT ( 'NONE',  ( -4.725000000000001421, 1.935118803897821982, 0.2049999999999994327 ) ) ;
#2422 = MANIFOLD_SOLID_BREP ( 'LPattern1[10]', #3495 ) ;
#2423 = ORIENTED_EDGE ( 'NONE', *, *, #6780, .T. ) ;
#2424 = ORIENTED_EDGE ( 'NONE', *, *, #4927, .F. ) ;
#2425 = CARTESIAN_POINT ( 'NONE',  ( -3.655000000000000249, -3.809999999999997389, 7.325000000000000178 ) ) ;
#2426 = EDGE_LOOP ( 'NONE', ( #3679, #7842, #175, #1778 ) ) ;
#2427 = VECTOR ( 'NONE', #6186, 1000.000000000000000 ) ;
#2428 = DIRECTION ( 'NONE',  ( 0.000000000000000000, -0.000000000000000000, -1.000000000000000000 ) ) ;
#2429 = CARTESIAN_POINT ( 'NONE',  ( -0.3550000000000002598, 0.000000000000000000, 2.245000000000000107 ) ) ;
#2430 = ORIENTED_EDGE ( 'NONE', *, *, #2274, .F. ) ;
#2431 = ORIENTED_EDGE ( 'NONE', *, *, #115, .F. ) ;
#2432 = VECTOR ( 'NONE', #3374, 1000.000000000000114 ) ;
#2433 = DIRECTION ( 'NONE',  ( -1.000000000000000000, -0.000000000000000000, 0.000000000000000000 ) ) ;
#2434 = DIRECTION ( 'NONE',  ( -0.000000000000000000, 0.7999734148329924466, 0.6000354452533958050 ) ) ;
#2435 = EDGE_CURVE ( 'NONE', #4429, #5612, #209, .T. ) ;
#2436 = CYLINDRICAL_SURFACE ( 'NONE', #6745, 0.6099999999999985434 ) ;
#2437 = LINE ( 'NONE', #6166, #5037 ) ;
#2438 = VECTOR ( 'NONE', #3723, 1000.000000000000227 ) ;
#2439 = CARTESIAN_POINT ( 'NONE',  ( -3.454999999999999627, 0.6007327293374460364, 6.820925388376824827 ) ) ;
#2440 = EDGE_CURVE ( 'NONE', #2952, #7490, #7738, .T. ) ;
#2441 = VERTEX_POINT ( 'NONE', #7149 ) ;
#2442 = CARTESIAN_POINT ( 'NONE',  ( -3.454999999999999627, 3.200000000000001954, -0.2049999999999998490 ) ) ;
#2443 = EDGE_CURVE ( 'NONE', #3509, #5109, #7867, .T. ) ;
#2444 = VECTOR ( 'NONE', #6328, 1000.000000000000000 ) ;
#2445 = AXIS2_PLACEMENT_3D ( 'NONE', #2518, #2434, #7524 ) ;
#2446 = VERTEX_POINT ( 'NONE', #7231 ) ;
#2447 = VECTOR ( 'NONE', #5068, 1000.000000000000000 ) ;
#2448 = DIRECTION ( 'NONE',  ( 0.000000000000000000, 0.000000000000000000, -1.000000000000000000 ) ) ;
#2449 = ORIENTED_EDGE ( 'NONE', *, *, #4648, .T. ) ;
#2450 = FACE_OUTER_BOUND ( 'NONE', #6259, .T. ) ;
#2451 = CARTESIAN_POINT ( 'NONE',  ( -1.624999999999999778, 1.738157253295379956, 0.3702703644666152649 ) ) ;
#2452 = CARTESIAN_POINT ( 'NONE',  ( -7.265000000000000568, 1.935118803897821982, 0.4049999999999995826 ) ) ;
#2453 = VERTEX_POINT ( 'NONE', #4816 ) ;
#2454 = LINE ( 'NONE', #4958, #2438 ) ;
#2455 = VECTOR ( 'NONE', #2703, 1000.000000000000000 ) ;
#2456 = ORIENTED_EDGE ( 'NONE', *, *, #7601, .F. ) ;
#2457 = EDGE_CURVE ( 'NONE', #568, #5454, #2308, .T. ) ;
#2458 = CIRCLE ( 'NONE', #4691, 0.6099999999999992095 ) ;
#2459 = ORIENTED_EDGE ( 'NONE', *, *, #7923, .T. ) ;
#2460 = ORIENTED_EDGE ( 'NONE', *, *, #5149, .T. ) ;
#2461 = CARTESIAN_POINT ( 'NONE',  ( 0.3549999999999994271, 1.775124120931223182, 0.2849929109493206658 ) ) ;
#2462 = AXIS2_PLACEMENT_3D ( 'NONE', #2577, #599, #5079 ) ;
#2463 = FACE_OUTER_BOUND ( 'NONE', #227, .T. ) ;
#2464 = CARTESIAN_POINT ( 'NONE',  ( -5.994999999999998330, 0.6007327293374460364, 6.820925388376824827 ) ) ;
#2465 = VECTOR ( 'NONE', #3415, 1000.000000000000114 ) ;
#2466 = FACE_OUTER_BOUND ( 'NONE', #6180, .T. ) ;
#2467 = ORIENTED_EDGE ( 'NONE', *, *, #4885, .T. ) ;
#2468 = ORIENTED_EDGE ( 'NONE', *, *, #1453, .F. ) ;
#2469 = LINE ( 'NONE', #1226, #5538 ) ;
#2470 = ORIENTED_EDGE ( 'NONE', *, *, #2133, .F. ) ;
#2471 = VECTOR ( 'NONE', #7859, 1000.000000000000000 ) ;
#2472 = DIRECTION ( 'NONE',  ( 1.000000000000000000, 0.000000000000000000, -0.000000000000000000 ) ) ;
#2473 = CARTESIAN_POINT ( 'NONE',  ( 6.705000000000000959, 0.000000000000000000, 6.715000000000002522 ) ) ;
#2474 = AXIS2_PLACEMENT_3D ( 'NONE', #1339, #5770, #811 ) ;
#2475 = VERTEX_POINT ( 'NONE', #4693 ) ;
#2476 = EDGE_LOOP ( 'NONE', ( #5236, #49, #2048, #6065 ) ) ;
#2477 = ADVANCED_FACE ( 'NONE', ( #7313 ), #4123, .F. ) ;
#2478 = FACE_OUTER_BOUND ( 'NONE', #5139, .T. ) ;
#2479 = LINE ( 'NONE', #1239, #4875 ) ;
#2480 = DIRECTION ( 'NONE',  ( -0.000000000000000000, 0.9848077530122092416, 0.1736481776669237809 ) ) ;
#2481 = CARTESIAN_POINT ( 'NONE',  ( -2.185000000000001386, 3.200000000000001954, -0.2049999999999997380 ) ) ;
#2482 = LINE ( 'NONE', #7528, #479 ) ;
#2483 = VERTEX_POINT ( 'NONE', #4197 ) ;
#2484 = DIRECTION ( 'NONE',  ( 0.7071067811865436870, -0.7071067811865514585, 0.000000000000000000 ) ) ;
#2485 = EDGE_CURVE ( 'NONE', #5612, #4680, #6663, .T. ) ;
#2486 = VERTEX_POINT ( 'NONE', #4164 ) ;
#2487 = DIRECTION ( 'NONE',  ( 0.000000000000000000, 0.000000000000000000, -1.000000000000000000 ) ) ;
#2488 = EDGE_CURVE ( 'NONE', #5788, #1132, #2349, .T. ) ;
#2489 = ORIENTED_EDGE ( 'NONE', *, *, #6258, .F. ) ;
#2490 = DIRECTION ( 'NONE',  ( -1.000000000000000000, -0.000000000000000000, -0.000000000000000000 ) ) ;
#2491 = MANIFOLD_SOLID_BREP ( 'LPattern1[4]', #7030 ) ;
#2492 = DIRECTION ( 'NONE',  ( 0.000000000000000000, 0.000000000000000000, -1.000000000000000000 ) ) ;
#2493 = EDGE_CURVE ( 'NONE', #3796, #5546, #6037, .T. ) ;
#2494 = DIRECTION ( 'NONE',  ( -1.000000000000000000, -0.000000000000000000, -0.000000000000000000 ) ) ;
#2495 = ORIENTED_EDGE ( 'NONE', *, *, #5354, .F. ) ;
#2496 = CARTESIAN_POINT ( 'NONE',  ( 3.455000000000000515, -3.260504516109076434, 6.915000000000001812 ) ) ;
#2497 = EDGE_CURVE ( 'NONE', #3097, #2297, #988, .T. ) ;
#2498 = EDGE_LOOP ( 'NONE', ( #7863, #3972, #5373, #3927, #4342, #1881, #3319, #2153, #5811, #4388, #1176, #4736 ) ) ;
#2499 = ORIENTED_EDGE ( 'NONE', *, *, #8128, .F. ) ;
#2500 = ADVANCED_FACE ( 'NONE', ( #6000 ), #2225, .F. ) ;
#2501 = VERTEX_POINT ( 'NONE', #3460 ) ;
#2502 = LINE ( 'NONE', #2620, #3286 ) ;
#2503 = AXIS2_PLACEMENT_3D ( 'NONE', #7537, #95, #3220 ) ;
#2504 = CARTESIAN_POINT ( 'NONE',  ( -0.9149999999999991473, 1.334386074560374613, 0.2990746116231763341 ) ) ;
#2505 = EDGE_CURVE ( 'NONE', #140, #1799, #1849, .T. ) ;
#2506 = FACE_OUTER_BOUND ( 'NONE', #1110, .T. ) ;
#2507 = LINE ( 'NONE', #6312, #4689 ) ;
#2508 = ORIENTED_EDGE ( 'NONE', *, *, #3958, .F. ) ;
#2509 = DIRECTION ( 'NONE',  ( -1.000000000000000000, -0.000000000000000000, 0.000000000000000000 ) ) ;
#2510 = ORIENTED_EDGE ( 'NONE', *, *, #6348, .F. ) ;
#2511 = VECTOR ( 'NONE', #6946, 1000.000000000000000 ) ;
#2512 = CARTESIAN_POINT ( 'NONE',  ( 6.705000000000000959, 1.935118803897821982, 0.4050000000000004152 ) ) ;
#2513 = DIRECTION ( 'NONE',  ( -1.000000000000000000, -0.000000000000000000, -0.000000000000000000 ) ) ;
#2514 = CARTESIAN_POINT ( 'NONE',  ( -4.725000000000001421, 3.200000000000001954, 0.2049999999999997380 ) ) ;
#2515 = VECTOR ( 'NONE', #3576, 1000.000000000000000 ) ;
#2516 = STYLED_ITEM ( 'NONE', ( #2636 ), #2422 ) ;
#2517 = ORIENTED_EDGE ( 'NONE', *, *, #4655, .F. ) ;
#2518 = CARTESIAN_POINT ( 'NONE',  ( -7.265000000000000568, 1.447135020849696474, 0.03897837839542823285 ) ) ;
#2519 = SURFACE_SIDE_STYLE ('',( #540 ) ) ;
#2520 = VECTOR ( 'NONE', #5123, 1000.000000000000000 ) ;
#2521 = VECTOR ( 'NONE', #4871, 1000.000000000000000 ) ;
#2522 = DIRECTION ( 'NONE',  ( 0.000000000000000000, 0.000000000000000000, 1.000000000000000000 ) ) ;
#2523 = DIRECTION ( 'NONE',  ( 0.000000000000000000, 0.000000000000000000, 1.000000000000000000 ) ) ;
#2524 = EDGE_CURVE ( 'NONE', #7386, #6960, #2186, .T. ) ;
#2525 = CARTESIAN_POINT ( 'NONE',  ( -6.704999999999999183, 0.000000000000000000, 6.915000000000000924 ) ) ;
#2526 = ORIENTED_EDGE ( 'NONE', *, *, #7800, .T. ) ;
#2527 = LINE ( 'NONE', #7366, #726 ) ;
#2528 = VECTOR ( 'NONE', #280, 1000.000000000000227 ) ;
#2529 = ORIENTED_EDGE ( 'NONE', *, *, #394, .T. ) ;
#2530 = LINE ( 'NONE', #3670, #1346 ) ;
#2531 = ORIENTED_EDGE ( 'NONE', *, *, #1040, .F. ) ;
#2532 = DIRECTION ( 'NONE',  ( -0.7071067811865436870, -0.7071067811865514585, 0.000000000000000000 ) ) ;
#2533 = DIRECTION ( 'NONE',  ( -1.000000000000000000, -0.000000000000000000, -0.000000000000000000 ) ) ;
#2534 = LINE ( 'NONE', #8087, #7977 ) ;
#2535 = VERTEX_POINT ( 'NONE', #948 ) ;
#2536 = ORIENTED_EDGE ( 'NONE', *, *, #384, .F. ) ;
#2537 = DIRECTION ( 'NONE',  ( 0.000000000000000000, -1.285735975631406781E-16, 1.000000000000000000 ) ) ;
#2538 = AXIS2_PLACEMENT_3D ( 'NONE', #3339, #4619, #5835 ) ;
#2539 = ORIENTED_EDGE ( 'NONE', *, *, #959, .F. ) ;
#2540 = ORIENTED_EDGE ( 'NONE', *, *, #6029, .T. ) ;
#2541 = DIRECTION ( 'NONE',  ( -0.000000000000000000, -0.000000000000000000, 1.000000000000000000 ) ) ;
#2542 = EDGE_CURVE ( 'NONE', #1595, #5773, #7826, .T. ) ;
#2543 = LINE ( 'NONE', #8097, #1941 ) ;
#2544 = AXIS2_PLACEMENT_3D ( 'NONE', #2005, #3278, #1345 ) ;
#2545 = DIRECTION ( 'NONE',  ( 0.3420201433256701562, 0.9396926207859078728, 1.026515648286830928E-16 ) ) ;
#2546 = ADVANCED_FACE ( 'NONE', ( #7274 ), #7942, .F. ) ;
#2547 = AXIS2_PLACEMENT_3D ( 'NONE', #6914, #5108, #1768 ) ;
#2548 = ORIENTED_EDGE ( 'NONE', *, *, #7612, .F. ) ;
#2549 = ADVANCED_FACE ( 'NONE', ( #6115 ), #7346, .F. ) ;
#2550 = EDGE_CURVE ( 'NONE', #5531, #763, #1845, .T. ) ;
#2551 = ORIENTED_EDGE ( 'NONE', *, *, #1809, .F. ) ;
#2552 = VECTOR ( 'NONE', #4976, 1000.000000000000000 ) ;
#2553 = CARTESIAN_POINT ( 'NONE',  ( -2.185000000000001386, 0.000000000000000000, 2.245000000000000107 ) ) ;
#2554 = SURFACE_STYLE_FILL_AREA ( #3126 ) ;
#2555 = CARTESIAN_POINT ( 'NONE',  ( -6.505000000000000782, -3.809999999999997389, 6.915000000000000924 ) ) ;
#2556 = PLANE ( 'NONE',  #7909 ) ;
#2557 = EDGE_LOOP ( 'NONE', ( #613, #1903, #3149, #6493 ) ) ;
#2558 = VECTOR ( 'NONE', #4269, 1000.000000000000000 ) ;
#2559 = ORIENTED_EDGE ( 'NONE', *, *, #675, .T. ) ;
#2560 = MANIFOLD_SOLID_BREP ( 'LPattern1[7]', #4933 ) ;
#2561 = CARTESIAN_POINT ( 'NONE',  ( -0.3550000000000002598, 1.775124120931223182, 0.2849929109493206658 ) ) ;
#2562 = LINE ( 'NONE', #8074, #7351 ) ;
#2563 = CARTESIAN_POINT ( 'NONE',  ( -8.534999999999998366, 1.935118803897821982, 0.2049999999999994882 ) ) ;
#2564 = LINE ( 'NONE', #544, #4251 ) ;
#2565 = VECTOR ( 'NONE', #3254, 1000.000000000000000 ) ;
#2566 = CYLINDRICAL_SURFACE ( 'NONE', #349, 0.6099999999999996536 ) ;
#2567 = ORIENTED_EDGE ( 'NONE', *, *, #228, .T. ) ;
#2568 = CARTESIAN_POINT ( 'NONE',  ( 5.995000000000000107, 1.935118803897821982, 0.4050000000000004152 ) ) ;
#2569 = ORIENTED_EDGE ( 'NONE', *, *, #3176, .F. ) ;
#2570 = DIRECTION ( 'NONE',  ( 1.000000000000000000, 0.000000000000000000, 0.000000000000000000 ) ) ;
#2571 = ORIENTED_EDGE ( 'NONE', *, *, #6552, .T. ) ;
#2572 = CARTESIAN_POINT ( 'NONE',  ( 5.995000000000000107, 1.738157253295379956, 0.3702703644666156535 ) ) ;
#2573 = MANIFOLD_SOLID_BREP ( 'LPattern1[6]', #3225 ) ;
#2574 = LINE ( 'NONE', #53, #3302 ) ;
#2575 = FACE_OUTER_BOUND ( 'NONE', #5161, .T. ) ;
#2576 = EDGE_LOOP ( 'NONE', ( #894, #59, #7176, #7753 ) ) ;
#2577 = CARTESIAN_POINT ( 'NONE',  ( 9.245000000000000995, 3.200000000000001954, 0.2050000000000003209 ) ) ;
#2578 = VECTOR ( 'NONE', #4498, 1000.000000000000000 ) ;
#2579 = ORIENTED_EDGE ( 'NONE', *, *, #2223, .F. ) ;
#2580 = EDGE_CURVE ( 'NONE', #1689, #312, #3738, .T. ) ;
#2581 = ORIENTED_EDGE ( 'NONE', *, *, #931, .T. ) ;
#2582 = DIRECTION ( 'NONE',  ( 0.000000000000000000, -0.7999734148329924466, -0.6000354452533959160 ) ) ;
#2583 = SURFACE_SIDE_STYLE ('',( #231 ) ) ;
#2584 = VECTOR ( 'NONE', #589, 999.9999999999998863 ) ;
#2585 = CARTESIAN_POINT ( 'NONE',  ( -4.725000000000001421, -3.969999999999997087, 1.834999999999999298 ) ) ;
#2586 = LINE ( 'NONE', #567, #4552 ) ;
#2587 = EDGE_CURVE ( 'NONE', #1259, #3743, #2386, .T. ) ;
#2588 = ORIENTED_EDGE ( 'NONE', *, *, #158, .F. ) ;
#2589 = ORIENTED_EDGE ( 'NONE', *, *, #6515, .T. ) ;
#2590 = AXIS2_PLACEMENT_3D ( 'NONE', #3935, #7132, #7722 ) ;
#2591 = PLANE ( 'NONE',  #2130 ) ;
#2592 = ORIENTED_EDGE ( 'NONE', *, *, #2196, .F. ) ;
#2593 = CARTESIAN_POINT ( 'NONE',  ( 1.625000000000001332, -3.260504516109076434, 7.325000000000001066 ) ) ;
#2594 = EDGE_CURVE ( 'NONE', #3215, #5099, #6194, .T. ) ;
#2595 = VECTOR ( 'NONE', #2827, 1000.000000000000000 ) ;
#2596 = FACE_OUTER_BOUND ( 'NONE', #3270, .T. ) ;
#2597 = CYLINDRICAL_SURFACE ( 'NONE', #579, 0.1999999999999996503 ) ;
#2598 = EDGE_CURVE ( 'NONE', #197, #7503, #1146, .T. ) ;
#2599 = LINE ( 'NONE', #7562, #2258 ) ;
#2600 = ORIENTED_EDGE ( 'NONE', *, *, #6802, .T. ) ;
#2601 = ORIENTED_EDGE ( 'NONE', *, *, #6658, .T. ) ;
#2602 = ORIENTED_EDGE ( 'NONE', *, *, #4438, .F. ) ;
#2603 = CARTESIAN_POINT ( 'NONE',  ( -4.725000000000001421, -3.420504516109076132, 0.4049999999999996936 ) ) ;
#2604 = DIRECTION ( 'NONE',  ( 0.000000000000000000, 0.000000000000000000, -1.000000000000000000 ) ) ;
#2605 = PLANE ( 'NONE',  #459 ) ;
#2606 = PLANE ( 'NONE',  #2547 ) ;
#2607 =( GEOMETRIC_REPRESENTATION_CONTEXT ( 3 ) GLOBAL_UNCERTAINTY_ASSIGNED_CONTEXT ( ( #6542 ) ) GLOBAL_UNIT_ASSIGNED_CONTEXT ( ( #405, #2879, #2303 ) ) REPRESENTATION_CONTEXT ( 'NONE', 'WORKASPACE' ) );
#2608 = DIRECTION ( 'NONE',  ( -1.000000000000000000, -0.000000000000000000, -0.000000000000000000 ) ) ;
#2609 = EDGE_CURVE ( 'NONE', #4801, #343, #5792, .T. ) ;
#2610 = DIRECTION ( 'NONE',  ( 0.7071067811865514585, 0.7071067811865435759, 0.000000000000000000 ) ) ;
#2611 = ORIENTED_EDGE ( 'NONE', *, *, #7724, .F. ) ;
#2612 = PLANE ( 'NONE',  #2538 ) ;
#2613 = EDGE_LOOP ( 'NONE', ( #6438, #3838, #4740, #1313 ) ) ;
#2614 = DIRECTION ( 'NONE',  ( 0.000000000000000000, 0.000000000000000000, -1.000000000000000000 ) ) ;
#2615 = CARTESIAN_POINT ( 'NONE',  ( -8.734999999999999432, -3.809999999999997389, 6.915000000000000924 ) ) ;
#2616 = CARTESIAN_POINT ( 'NONE',  ( -3.454999999999999627, 1.935118803897821982, 0.2049999999999997380 ) ) ;
#2617 = CARTESIAN_POINT ( 'NONE',  ( -5.994999999999998330, 1.738157253295379956, 0.3702703644666150429 ) ) ;
#2618 = ORIENTED_EDGE ( 'NONE', *, *, #5384, .T. ) ;
#2619 = ORIENTED_EDGE ( 'NONE', *, *, #232, .F. ) ;
#2620 = CARTESIAN_POINT ( 'NONE',  ( -4.725000000000001421, 3.200000000000001954, -0.2049999999999998490 ) ) ;
#2621 = LINE ( 'NONE', #1504, #2520 ) ;
#2622 = LINE ( 'NONE', #5213, #5228 ) ;
#2623 = DIRECTION ( 'NONE',  ( 0.000000000000000000, -1.000000000000000000, -2.184790272011094332E-16 ) ) ;
#2624 = EDGE_CURVE ( 'NONE', #19, #4622, #1105, .T. ) ;
#2625 = VERTEX_POINT ( 'NONE', #1924 ) ;
#2626 = VERTEX_POINT ( 'NONE', #4431 ) ;
#2627 = VERTEX_POINT ( 'NONE', #857 ) ;
#2628 = PLANE ( 'NONE',  #308 ) ;
#2629 = AXIS2_PLACEMENT_3D ( 'NONE', #3394, #4060, #269 ) ;
#2630 = CARTESIAN_POINT ( 'NONE',  ( -4.725000000000001421, 1.775124120931223182, 0.2849929109493203883 ) ) ;
#2631 = PLANE ( 'NONE',  #6927 ) ;
#2632 = CARTESIAN_POINT ( 'NONE',  ( -7.265000000000000568, 0.000000000000000000, 1.635000000000000231 ) ) ;
#2633 = AXIS2_PLACEMENT_3D ( 'NONE', #3450, #1428, #3320 ) ;
#2634 = ORIENTED_EDGE ( 'NONE', *, *, #7882, .T. ) ;
#2635 = CARTESIAN_POINT ( 'NONE',  ( 10.00999999999999979, 14.00999999999999801, -2.250000000000000888 ) ) ;
#2636 = PRESENTATION_STYLE_ASSIGNMENT (( #122 ) ) ;
#2637 = DIRECTION ( 'NONE',  ( 0.000000000000000000, 0.000000000000000000, -1.000000000000000000 ) ) ;
#2638 = DIRECTION ( 'NONE',  ( 0.000000000000000000, 0.000000000000000000, 1.000000000000000000 ) ) ;
#2639 = EDGE_CURVE ( 'NONE', #7126, #3561, #736, .T. ) ;
#2640 = CIRCLE ( 'NONE', #1190, 1.905000000000000027 ) ;
#2641 = VECTOR ( 'NONE', #4623, 1000.000000000000000 ) ;
#2642 = ORIENTED_EDGE ( 'NONE', *, *, #6241, .F. ) ;
#2643 = DIRECTION ( 'NONE',  ( 0.000000000000000000, 0.000000000000000000, 1.000000000000000000 ) ) ;
#2644 = EDGE_CURVE ( 'NONE', #6863, #4380, #776, .T. ) ;
#2645 = VERTEX_POINT ( 'NONE', #3206 ) ;
#2646 = ORIENTED_EDGE ( 'NONE', *, *, #2387, .F. ) ;
#2647 = EDGE_CURVE ( 'NONE', #7752, #19, #5922, .T. ) ;
#2648 = LINE ( 'NONE', #2771, #1619 ) ;
#2649 =( GEOMETRIC_REPRESENTATION_CONTEXT ( 3 ) GLOBAL_UNCERTAINTY_ASSIGNED_CONTEXT ( ( #5959 ) ) GLOBAL_UNIT_ASSIGNED_CONTEXT ( ( #2139, #7145, #1519 ) ) REPRESENTATION_CONTEXT ( 'NONE', 'WORKASPACE' ) );
#2650 = VECTOR ( 'NONE', #376, 1000.000000000000000 ) ;
#2651 = EDGE_CURVE ( 'NONE', #1093, #118, #7105, .T. ) ;
#2652 = FACE_OUTER_BOUND ( 'NONE', #2699, .T. ) ;
#2653 = CARTESIAN_POINT ( 'NONE',  ( 0.3549999999999994271, 3.200000000000001954, 0.2049999999999999600 ) ) ;
#2654 = CARTESIAN_POINT ( 'NONE',  ( -2.185000000000001386, 3.200000000000001954, 0.2049999999999998490 ) ) ;
#2655 = DIRECTION ( 'NONE',  ( 0.000000000000000000, 6.368294698886953826E-17, 1.000000000000000000 ) ) ;
#2656 = VERTEX_POINT ( 'NONE', #1472 ) ;
#2657 = CARTESIAN_POINT ( 'NONE',  ( 0.3549999999999994271, -3.969999999999997087, 2.244999999999999662 ) ) ;
#2658 = VECTOR ( 'NONE', #731, 1000.000000000000000 ) ;
#2659 = AXIS2_PLACEMENT_3D ( 'NONE', #1429, #4517, #199 ) ;
#2660 = ORIENTED_EDGE ( 'NONE', *, *, #5591, .T. ) ;
#2661 = VERTEX_POINT ( 'NONE', #5865 ) ;
#2662 = PLANE ( 'NONE',  #3152 ) ;
#2663 = CARTESIAN_POINT ( 'NONE',  ( -2.895000000000000906, 0.000000000000000000, 1.834999999999999964 ) ) ;
#2664 = CARTESIAN_POINT ( 'NONE',  ( 0.3549999999999994271, 1.775124120931223182, 0.2849929109493206658 ) ) ;
#2665 = DIRECTION ( 'NONE',  ( -0.000000000000000000, 0.6000354452533958050, -0.7999734148329924466 ) ) ;
#2666 = ORIENTED_EDGE ( 'NONE', *, *, #5247, .F. ) ;
#2667 = ORIENTED_EDGE ( 'NONE', *, *, #6583, .F. ) ;
#2668 = DIRECTION ( 'NONE',  ( -1.000000000000000000, -0.000000000000000000, -0.000000000000000000 ) ) ;
#2669 = ORIENTED_EDGE ( 'NONE', *, *, #6427, .F. ) ;
#2670 = FACE_OUTER_BOUND ( 'NONE', #6034, .T. ) ;
#2671 = EDGE_CURVE ( 'NONE', #3312, #1584, #6486, .T. ) ;
#2672 = AXIS2_PLACEMENT_3D ( 'NONE', #1445, #1323, #3962 ) ;
#2673 = DIRECTION ( 'NONE',  ( 0.000000000000000000, 0.000000000000000000, 1.000000000000000000 ) ) ;
#2674 = CARTESIAN_POINT ( 'NONE',  ( -2.185000000000001386, -3.420504516109076132, 2.244999999999999662 ) ) ;
#2675 = DIRECTION ( 'NONE',  ( -0.000000000000000000, 1.000000000000000000, 1.285735975631406781E-16 ) ) ;
#2676 = CARTESIAN_POINT ( 'NONE',  ( -4.165000000000000036, 0.000000000000000000, 6.915000000000000924 ) ) ;
#2677 = VERTEX_POINT ( 'NONE', #3943 ) ;
#2678 = AXIS2_PLACEMENT_3D ( 'NONE', #5270, #3416, #7789 ) ;
#2679 = DIRECTION ( 'NONE',  ( -0.000000000000000000, -1.000000000000000000, 6.368294698886953826E-17 ) ) ;
#2680 = DIRECTION ( 'NONE',  ( -1.000000000000000000, -0.000000000000000000, -0.000000000000000000 ) ) ;
#2681 = LINE ( 'NONE', #336, #492 ) ;
#2682 = DIRECTION ( 'NONE',  ( 0.000000000000000000, -0.1218693434051405233, 0.9925461516413227603 ) ) ;
#2683 = VECTOR ( 'NONE', #4433, 1000.000000000000000 ) ;
#2684 = CARTESIAN_POINT ( 'NONE',  ( -0.3550000000000002598, 1.935118803897821982, 0.4049999999999999711 ) ) ;
#2685 = ORIENTED_EDGE ( 'NONE', *, *, #4328, .F. ) ;
#2686 = EDGE_CURVE ( 'NONE', #6964, #2535, #4473, .T. ) ;
#2687 = ORIENTED_EDGE ( 'NONE', *, *, #5895, .F. ) ;
#2688 = DIRECTION ( 'NONE',  ( -0.000000000000000000, 1.000000000000000000, 2.184790272011093839E-16 ) ) ;
#2689 = DIRECTION ( 'NONE',  ( -1.000000000000000000, -0.000000000000000000, -0.000000000000000000 ) ) ;
#2690 = AXIS2_PLACEMENT_3D ( 'NONE', #2167, #543, #1154 ) ;
#2691 = CARTESIAN_POINT ( 'NONE',  ( -10.00999999999999979, 14.00999999999999801, -0.6999999999999998446 ) ) ;
#2692 = EDGE_CURVE ( 'NONE', #4359, #7700, #6364, .T. ) ;
#2693 = LINE ( 'NONE', #3306, #5410 ) ;
#2694 = CARTESIAN_POINT ( 'NONE',  ( -2.185000000000001386, -3.969999999999997087, 1.834999999999999520 ) ) ;
#2695 = ORIENTED_EDGE ( 'NONE', *, *, #6639, .T. ) ;
#2696 = DIRECTION ( 'NONE',  ( -0.000000000000000000, 0.6000354452533958050, -0.7999734148329924466 ) ) ;
#2697 = EDGE_CURVE ( 'NONE', #3077, #897, #2915, .T. ) ;
#2698 = EDGE_LOOP ( 'NONE', ( #2424, #4271, #2495, #3778, #4571, #5422, #2737, #128, #7921, #6418, #5486, #1672 ) ) ;
#2699 = EDGE_LOOP ( 'NONE', ( #1570, #2531, #1872, #6929 ) ) ;
#2700 = PLANE ( 'NONE',  #6563 ) ;
#2701 = DIRECTION ( 'NONE',  ( 0.000000000000000000, -4.011848926865882589E-17, -1.000000000000000000 ) ) ;
#2702 = DIRECTION ( 'NONE',  ( -1.000000000000000000, -0.000000000000000000, -0.000000000000000000 ) ) ;
#2703 = DIRECTION ( 'NONE',  ( -1.000000000000000000, -0.000000000000000000, -0.000000000000000000 ) ) ;
#2704 = AXIS2_PLACEMENT_3D ( 'NONE', #506, #634, #5633 ) ;
#2705 = ADVANCED_FACE ( 'NONE', ( #7557 ), #3243, .F. ) ;
#2706 = ORIENTED_EDGE ( 'NONE', *, *, #6325, .T. ) ;
#2707 = ORIENTED_EDGE ( 'NONE', *, *, #4769, .T. ) ;
#2708 = ORIENTED_EDGE ( 'NONE', *, *, #6749, .F. ) ;
#2709 = VECTOR ( 'NONE', #39, 1000.000000000000227 ) ;
#2710 = CARTESIAN_POINT ( 'NONE',  ( -2.895000000000000906, 0.1599946829665978842, 1.755007089050679037 ) ) ;
#2711 = ORIENTED_EDGE ( 'NONE', *, *, #631, .T. ) ;
#2712 = DIRECTION ( 'NONE',  ( 0.000000000000000000, -0.000000000000000000, 1.000000000000000000 ) ) ;
#2713 = CIRCLE ( 'NONE', #4031, 0.1999999999999996503 ) ;
#2714 = CYLINDRICAL_SURFACE ( 'NONE', #154, 0.6099999999999996536 ) ;
#2715 = CARTESIAN_POINT ( 'NONE',  ( 0.3549999999999994271, 1.935118803897821982, 0.4049999999999999711 ) ) ;
#2716 = CYLINDRICAL_SURFACE ( 'NONE', #4516, 0.2000000000000003164 ) ;
#2717 = PLANE ( 'NONE',  #1598 ) ;
#2718 = VECTOR ( 'NONE', #2665, 1000.000000000000227 ) ;
#2719 = VERTEX_POINT ( 'NONE', #7063 ) ;
#2720 = VECTOR ( 'NONE', #597, 1000.000000000000000 ) ;
#2721 = CIRCLE ( 'NONE', #3833, 0.1999999999999996503 ) ;
#2722 = LINE ( 'NONE', #5230, #2962 ) ;
#2723 = CARTESIAN_POINT ( 'NONE',  ( -2.185000000000001386, 1.935118803897821982, -0.2049999999999999045 ) ) ;
#2724 = CARTESIAN_POINT ( 'NONE',  ( 9.819683930600504596, 14.00999999999999801, -0.6999999999999998446 ) ) ;
#2725 = FACE_OUTER_BOUND ( 'NONE', #7672, .T. ) ;
#2726 = AXIS2_PLACEMENT_3D ( 'NONE', #2925, #1649, #4165 ) ;
#2727 = DIRECTION ( 'NONE',  ( 0.000000000000000000, -1.000000000000000000, -1.285735975631406781E-16 ) ) ;
#2728 = EDGE_CURVE ( 'NONE', #1763, #2284, #3815, .T. ) ;
#2729 = VERTEX_POINT ( 'NONE', #2630 ) ;
#2730 = VERTEX_POINT ( 'NONE', #2055 ) ;
#2731 = FACE_OUTER_BOUND ( 'NONE', #2322, .T. ) ;
#2732 = ORIENTED_EDGE ( 'NONE', *, *, #4893, .T. ) ;
#2733 = AXIS2_PLACEMENT_3D ( 'NONE', #2715, #3366, #1560 ) ;
#2734 = DIRECTION ( 'NONE',  ( 0.000000000000000000, 0.000000000000000000, 1.000000000000000000 ) ) ;
#2735 = LINE ( 'NONE', #4012, #7506 ) ;
#2736 = DIRECTION ( 'NONE',  ( 0.000000000000000000, 1.285735975631406781E-16, -1.000000000000000000 ) ) ;
#2737 = ORIENTED_EDGE ( 'NONE', *, *, #4800, .F. ) ;
#2738 = DIRECTION ( 'NONE',  ( -1.000000000000000000, -0.000000000000000000, -0.000000000000000000 ) ) ;
#2739 = ADVANCED_FACE ( 'NONE', ( #5741 ), #6319, .F. ) ;
#2740 = VERTEX_POINT ( 'NONE', #2007 ) ;
#2741 = VERTEX_POINT ( 'NONE', #5134 ) ;
#2742 = CARTESIAN_POINT ( 'NONE',  ( -4.165000000000000036, 3.200000000000001954, -0.2049999999999998490 ) ) ;
#2743 = EDGE_CURVE ( 'NONE', #7666, #5937, #4566, .T. ) ;
#2744 = DIRECTION ( 'NONE',  ( 0.000000000000000000, 1.000000000000000000, 1.285735975631406781E-16 ) ) ;
#2745 = CARTESIAN_POINT ( 'NONE',  ( 9.245000000000000995, 1.935118803897821982, 0.4050000000000005262 ) ) ;
#2746 = VERTEX_POINT ( 'NONE', #3903 ) ;
#2747 = ADVANCED_FACE ( 'NONE', ( #2596 ), #6975, .F. ) ;
#2748 = CARTESIAN_POINT ( 'NONE',  ( 4.724999999999999645, 3.200000000000001954, 0.2050000000000002098 ) ) ;
#2749 = ORIENTED_EDGE ( 'NONE', *, *, #2138, .F. ) ;
#2750 = EDGE_CURVE ( 'NONE', #5109, #5941, #6850, .T. ) ;
#2751 = ORIENTED_EDGE ( 'NONE', *, *, #6092, .F. ) ;
#2752 = FACE_OUTER_BOUND ( 'NONE', #831, .T. ) ;
#2753 = ORIENTED_EDGE ( 'NONE', *, *, #6950, .T. ) ;
#2754 = CARTESIAN_POINT ( 'NONE',  ( 1.625000000000001332, 3.200000000000001954, 0.2049999999999999600 ) ) ;
#2755 = ADVANCED_FACE ( 'NONE', ( #1391 ), #2714, .T. ) ;
#2756 = CARTESIAN_POINT ( 'NONE',  ( 9.245000000000000995, 1.738157253295379956, 0.3702703644666157645 ) ) ;
#2757 = LINE ( 'NONE', #900, #7448 ) ;
#2758 = DIRECTION ( 'NONE',  ( 0.000000000000000000, -1.285735975631406781E-16, 1.000000000000000000 ) ) ;
#2759 = LINE ( 'NONE', #1318, #3497 ) ;
#2760 = PRESENTATION_STYLE_ASSIGNMENT (( #7103 ) ) ;
#2761 = EDGE_LOOP ( 'NONE', ( #7735, #5650, #6692, #4640 ) ) ;
#2762 = AXIS2_PLACEMENT_3D ( 'NONE', #1300, #6270, #7585 ) ;
#2763 = CYLINDRICAL_SURFACE ( 'NONE', #6235, 0.6099999999999995426 ) ;
#2764 = PLANE ( 'NONE',  #3432 ) ;
#2765 = FACE_OUTER_BOUND ( 'NONE', #6181, .T. ) ;
#2766 = CYLINDRICAL_SURFACE ( 'NONE', #2678, 0.1999999999999996503 ) ;
#2767 = VECTOR ( 'NONE', #969, 1000.000000000000000 ) ;
#2768 = CARTESIAN_POINT ( 'NONE',  ( 4.165000000000000924, 3.200000000000001954, -0.2049999999999995437 ) ) ;
#2769 = EDGE_LOOP ( 'NONE', ( #2792, #562, #926, #7343, #6804, #402 ) ) ;
#2770 = VERTEX_POINT ( 'NONE', #7410 ) ;
#2771 = CARTESIAN_POINT ( 'NONE',  ( 0.3549999999999994271, 3.200000000000001954, -0.2049999999999996547 ) ) ;
#2772 = PLANE ( 'NONE',  #1387 ) ;
#2773 = LINE ( 'NONE', #2653, #3814 ) ;
#2774 = EDGE_CURVE ( 'NONE', #3643, #1160, #3636, .T. ) ;
#2775 = VECTOR ( 'NONE', #4953, 1000.000000000000000 ) ;
#2776 = CARTESIAN_POINT ( 'NONE',  ( -7.265000000000000568, -3.420504516109076132, 1.834999999999999520 ) ) ;
#2777 = CARTESIAN_POINT ( 'NONE',  ( -10.00999999999999979, 14.00999999999999801, -0.7000000000000002887 ) ) ;
#2778 = VERTEX_POINT ( 'NONE', #1164 ) ;
#2779 = DIRECTION ( 'NONE',  ( -1.000000000000000000, -0.000000000000000000, -0.000000000000000000 ) ) ;
#2780 = COLOUR_RGB ( '',0.7921568627450980005, 0.8196078431372548767, 0.9333333333333333481 ) ;
#2781 = COLOUR_RGB ( '',0.7921568627450980005, 0.8196078431372548767, 0.9333333333333333481 ) ;
#2782 = EDGE_LOOP ( 'NONE', ( #6469, #4761, #3422, #2789, #5316, #3854, #7167, #2430, #2194, #3130, #3631, #6381 ) ) ;
#2783 = EDGE_LOOP ( 'NONE', ( #1830, #5128, #5150, #3591 ) ) ;
#2784 = CARTESIAN_POINT ( 'NONE',  ( 5.434999999999998721, 0.1599946829665978842, 1.755007089050679259 ) ) ;
#2785 = DIRECTION ( 'NONE',  ( 0.000000000000000000, 0.000000000000000000, 1.000000000000000000 ) ) ;
#2786 = PRESENTATION_LAYER_ASSIGNMENT (  '', '', ( #6713 ) ) ;
#2787 = AXIS2_PLACEMENT_3D ( 'NONE', #8105, #2472, #6735 ) ;
#2788 = PLANE ( 'NONE',  #5608 ) ;
#2789 = ORIENTED_EDGE ( 'NONE', *, *, #184, .F. ) ;
#2790 = DIRECTION ( 'NONE',  ( 1.000000000000000000, 0.000000000000000000, 0.000000000000000000 ) ) ;
#2791 = ORIENTED_EDGE ( 'NONE', *, *, #5207, .F. ) ;
#2792 = ORIENTED_EDGE ( 'NONE', *, *, #1632, .T. ) ;
#2793 = VERTEX_POINT ( 'NONE', #6136 ) ;
#2794 = EDGE_CURVE ( 'NONE', #7122, #4681, #2124, .T. ) ;
#2795 = LINE ( 'NONE', #7683, #4902 ) ;
#2796 = PLANE ( 'NONE',  #6843 ) ;
#2797 = CARTESIAN_POINT ( 'NONE',  ( 3.654999999999999361, -3.809999999999997389, 6.915000000000001812 ) ) ;
#2798 = ADVANCED_FACE ( 'NONE', ( #4218 ), #438, .T. ) ;
#2799 = PLANE ( 'NONE',  #6879 ) ;
#2800 = CARTESIAN_POINT ( 'NONE',  ( -1.905000000000000027, 18.03000000000000114, -2.250000000000001332 ) ) ;
#2801 = EDGE_CURVE ( 'NONE', #771, #1801, #8036, .T. ) ;
#2802 = EDGE_CURVE ( 'NONE', #4697, #771, #899, .T. ) ;
#2803 = ORIENTED_EDGE ( 'NONE', *, *, #7743, .F. ) ;
#2804 = VECTOR ( 'NONE', #48, 1000.000000000000000 ) ;
#2805 = CARTESIAN_POINT ( 'NONE',  ( 10.00999999999999979, 14.00999999999999801, -2.250000000000000888 ) ) ;
#2806 = CYLINDRICAL_SURFACE ( 'NONE', #5731, 0.2000000000000002054 ) ;
#2807 = LINE ( 'NONE', #747, #8061 ) ;
#2808 = VECTOR ( 'NONE', #71, 1000.000000000000000 ) ;
#2809 = CARTESIAN_POINT ( 'NONE',  ( -3.454999999999999627, -3.260504516109076434, 6.915000000000000924 ) ) ;
#2810 = VECTOR ( 'NONE', #1076, 1000.000000000000114 ) ;
#2811 = ORIENTED_EDGE ( 'NONE', *, *, #4703, .T. ) ;
#2812 = VERTEX_POINT ( 'NONE', #5489 ) ;
#2813 = FACE_OUTER_BOUND ( 'NONE', #3842, .T. ) ;
#2814 = DIRECTION ( 'NONE',  ( 0.000000000000000000, 0.000000000000000000, 1.000000000000000000 ) ) ;
#2815 = FACE_OUTER_BOUND ( 'NONE', #5443, .T. ) ;
#2816 = LINE ( 'NONE', #5240, #3970 ) ;
#2817 = VECTOR ( 'NONE', #7233, 1000.000000000000000 ) ;
#2818 = CARTESIAN_POINT ( 'NONE',  ( 5.434999999999998721, 0.000000000000000000, 2.245000000000000551 ) ) ;
#2819 = DIRECTION ( 'NONE',  ( 0.000000000000000000, -0.000000000000000000, -1.000000000000000000 ) ) ;
#2820 = EDGE_CURVE ( 'NONE', #3727, #2677, #5906, .T. ) ;
#2821 = VECTOR ( 'NONE', #4845, 1000.000000000000227 ) ;
#2822 = ORIENTED_EDGE ( 'NONE', *, *, #4158, .F. ) ;
#2823 = CARTESIAN_POINT ( 'NONE',  ( 8.734999999999999432, -3.809999999999997389, 6.915000000000001812 ) ) ;
#2824 = ORIENTED_EDGE ( 'NONE', *, *, #7903, .F. ) ;
#2825 = DIRECTION ( 'NONE',  ( 0.000000000000000000, 1.092395136005547166E-16, -1.000000000000000000 ) ) ;
#2826 = PLANE ( 'NONE',  #2163 ) ;
#2827 = DIRECTION ( 'NONE',  ( -1.000000000000000000, -0.000000000000000000, -0.000000000000000000 ) ) ;
#2828 = ORIENTED_EDGE ( 'NONE', *, *, #5301, .T. ) ;
#2829 = LINE ( 'NONE', #7890, #3237 ) ;
#2830 = EDGE_CURVE ( 'NONE', #655, #3519, #8003, .T. ) ;
#2831 = VERTEX_POINT ( 'NONE', #7963 ) ;
#2832 = ORIENTED_EDGE ( 'NONE', *, *, #5301, .F. ) ;
#2833 = ORIENTED_EDGE ( 'NONE', *, *, #7005, .T. ) ;
#2834 = DIRECTION ( 'NONE',  ( 0.000000000000000000, 0.000000000000000000, -1.000000000000000000 ) ) ;
#2835 = AXIS2_PLACEMENT_3D ( 'NONE', #3667, #1118, #4291 ) ;
#2836 = CARTESIAN_POINT ( 'NONE',  ( -2.695000000000002061, -3.969999999999997087, 1.834999999999999520 ) ) ;
#2837 = CARTESIAN_POINT ( 'NONE',  ( -4.165000000000000036, -3.260504516109076434, 7.325000000000000178 ) ) ;
#2838 = DIRECTION ( 'NONE',  ( -1.000000000000000000, 0.000000000000000000, -0.000000000000000000 ) ) ;
#2839 = EDGE_CURVE ( 'NONE', #3796, #7551, #285, .T. ) ;
#2840 = CARTESIAN_POINT ( 'NONE',  ( -4.725000000000001421, 1.935118803897821982, 0.4049999999999996936 ) ) ;
#2841 = VERTEX_POINT ( 'NONE', #5523 ) ;
#2842 = EDGE_LOOP ( 'NONE', ( #911, #6561, #3611, #602 ) ) ;
#2843 = VECTOR ( 'NONE', #4094, 1000.000000000000000 ) ;
#2844 = EDGE_CURVE ( 'NONE', #3759, #3486, #6316, .T. ) ;
#2845 = CARTESIAN_POINT ( 'NONE',  ( -7.775000000000001243, -3.969999999999997087, 2.244999999999999218 ) ) ;
#2846 = SURFACE_STYLE_FILL_AREA ( #7191 ) ;
#2847 = EDGE_CURVE ( 'NONE', #3312, #4680, #1559, .T. ) ;
#2848 = DIRECTION ( 'NONE',  ( 0.000000000000000000, 0.000000000000000000, 1.000000000000000000 ) ) ;
#2849 = CARTESIAN_POINT ( 'NONE',  ( -0.9149999999999991473, 0.000000000000000000, 7.325000000000000178 ) ) ;
#2850 = AXIS2_PLACEMENT_3D ( 'NONE', #4023, #2790, #5815 ) ;
#2851 = UNCERTAINTY_MEASURE_WITH_UNIT (LENGTH_MEASURE( 1.000000000000000082E-05 ), #5144, 'distance_accuracy_value', 'NONE');
#2852 = EDGE_CURVE ( 'NONE', #2627, #2501, #3824, .T. ) ;
#2853 = CARTESIAN_POINT ( 'NONE',  ( 5.995000000000000107, -3.260504516109076434, 7.325000000000001066 ) ) ;
#2854 = VECTOR ( 'NONE', #2249, 1000.000000000000000 ) ;
#2855 = ORIENTED_EDGE ( 'NONE', *, *, #2878, .T. ) ;
#2856 = ORIENTED_EDGE ( 'NONE', *, *, #5637, .T. ) ;
#2857 = VECTOR ( 'NONE', #8099, 1000.000000000000000 ) ;
#2858 = CARTESIAN_POINT ( 'NONE',  ( 5.434999999999998721, 1.775124120931223182, 0.2849929109493208879 ) ) ;
#2859 = FACE_OUTER_BOUND ( 'NONE', #5451, .T. ) ;
#2860 = LINE ( 'NONE', #4824, #4868 ) ;
#2861 = EDGE_CURVE ( 'NONE', #2049, #4021, #475, .T. ) ;
#2862 = DIRECTION ( 'NONE',  ( -1.000000000000000000, -0.000000000000000000, -0.000000000000000000 ) ) ;
#2863 = DIRECTION ( 'NONE',  ( 1.000000000000000000, -0.000000000000000000, -0.000000000000000000 ) ) ;
#2864 = CARTESIAN_POINT ( 'NONE',  ( 2.894999999999999130, 0.000000000000000000, 2.245000000000000107 ) ) ;
#2865 = PRESENTATION_LAYER_ASSIGNMENT (  '', '', ( #6536 ) ) ;
#2866 = ORIENTED_EDGE ( 'NONE', *, *, #1111, .F. ) ;
#2867 = DIRECTION ( 'NONE',  ( 0.000000000000000000, 1.092395136005547166E-16, -1.000000000000000000 ) ) ;
#2868 = VERTEX_POINT ( 'NONE', #2945 ) ;
#2869 = DIRECTION ( 'NONE',  ( -1.000000000000000000, -0.000000000000000000, -0.000000000000000000 ) ) ;
#2870 = CARTESIAN_POINT ( 'NONE',  ( 5.434999999999998721, 0.000000000000000000, 1.635000000000000675 ) ) ;
#2871 = EDGE_LOOP ( 'NONE', ( #2256, #3380, #1060, #965 ) ) ;
#2872 = VECTOR ( 'NONE', #1392, 1000.000000000000000 ) ;
#2873 = DIRECTION ( 'NONE',  ( -1.000000000000000000, -0.000000000000000000, -0.000000000000000000 ) ) ;
#2874 = ORIENTED_EDGE ( 'NONE', *, *, #5733, .F. ) ;
#2875 = ORIENTED_EDGE ( 'NONE', *, *, #864, .T. ) ;
#2876 = VERTEX_POINT ( 'NONE', #5259 ) ;
#2877 = CARTESIAN_POINT ( 'NONE',  ( -6.704999999999999183, 0.000000000000000000, 6.715000000000001634 ) ) ;
#2878 = EDGE_CURVE ( 'NONE', #4727, #7752, #6569, .T. ) ;
#2879 =( NAMED_UNIT ( * ) PLANE_ANGLE_UNIT ( ) SI_UNIT ( $, .RADIAN. ) );
#2880 = DIRECTION ( 'NONE',  ( 0.000000000000000000, 1.285735975631406781E-16, -1.000000000000000000 ) ) ;
#2881 = DIRECTION ( 'NONE',  ( -0.000000000000000000, 1.000000000000000000, 1.285735975631406781E-16 ) ) ;
#2882 =( NAMED_UNIT ( * ) PLANE_ANGLE_UNIT ( ) SI_UNIT ( $, .RADIAN. ) );
#2883 = ORIENTED_EDGE ( 'NONE', *, *, #1327, .T. ) ;
#2884 = DIRECTION ( 'NONE',  ( 1.000000000000000000, 0.000000000000000000, 0.000000000000000000 ) ) ;
#2885 = CARTESIAN_POINT ( 'NONE',  ( -1.114999999999999769, -3.809999999999997389, 7.325000000000000178 ) ) ;
#2886 = CARTESIAN_POINT ( 'NONE',  ( 6.705000000000000959, 1.935118803897821982, 0.4050000000000004152 ) ) ;
#2887 = DIRECTION ( 'NONE',  ( 0.000000000000000000, 0.000000000000000000, -1.000000000000000000 ) ) ;
#2888 = FILL_AREA_STYLE_COLOUR ( '', #2780 ) ;
#2889 = ORIENTED_EDGE ( 'NONE', *, *, #2038, .F. ) ;
#2890 = ORIENTED_EDGE ( 'NONE', *, *, #4499, .F. ) ;
#2891 = PLANE ( 'NONE',  #4642 ) ;
#2892 = LINE ( 'NONE', #998, #6506 ) ;
#2893 = ADVANCED_FACE ( 'NONE', ( #1514 ), #2796, .F. ) ;
#2894 = CARTESIAN_POINT ( 'NONE',  ( -7.265000000000000568, 0.4879837830481246197, 2.001021621604571088 ) ) ;
#2895 = AXIS2_PLACEMENT_3D ( 'NONE', #4589, #4714, #1376 ) ;
#2896 = CARTESIAN_POINT ( 'NONE',  ( -1.624999999999999778, 3.200000000000001954, 0.2049999999999998490 ) ) ;
#2897 = LINE ( 'NONE', #7324, #5848 ) ;
#2898 = EDGE_CURVE ( 'NONE', #3802, #2746, #940, .T. ) ;
#2899 = DIRECTION ( 'NONE',  ( 0.000000000000000000, 0.000000000000000000, 1.000000000000000000 ) ) ;
#2900 = EDGE_CURVE ( 'NONE', #5676, #4014, #5447, .T. ) ;
#2901 = EDGE_CURVE ( 'NONE', #2741, #3235, #3597, .T. ) ;
#2902 = ORIENTED_EDGE ( 'NONE', *, *, #3596, .T. ) ;
#2903 = CARTESIAN_POINT ( 'NONE',  ( -8.534999999999998366, -3.809999999999997389, 7.325000000000000178 ) ) ;
#2904 = VECTOR ( 'NONE', #6994, 1000.000000000000000 ) ;
#2905 = VERTEX_POINT ( 'NONE', #6958 ) ;
#2906 = CARTESIAN_POINT ( 'NONE',  ( -1.624999999999999778, 0.6007327293374460364, 6.820925388376824827 ) ) ;
#2907 = DIRECTION ( 'NONE',  ( -0.000000000000000000, 1.000000000000000000, 2.184790272011093839E-16 ) ) ;
#2908 = ORIENTED_EDGE ( 'NONE', *, *, #6700, .F. ) ;
#2909 = CARTESIAN_POINT ( 'NONE',  ( -0.9149999999999991473, 0.000000000000000000, 6.915000000000000924 ) ) ;
#2910 = AXIS2_PLACEMENT_3D ( 'NONE', #2568, #5713, #90 ) ;
#2911 = ORIENTED_EDGE ( 'NONE', *, *, #5367, .F. ) ;
#2912 = EDGE_LOOP ( 'NONE', ( #2078, #1192, #4520, #7437, #4037, #5117, #6642 ) ) ;
#2913 = ORIENTED_EDGE ( 'NONE', *, *, #6239, .T. ) ;
#2914 = LINE ( 'NONE', #1097, #1183 ) ;
#2915 = CIRCLE ( 'NONE', #3702, 0.2000000000000003164 ) ;
#2916 = LINE ( 'NONE', #6571, #5691 ) ;
#2917 = PLANE ( 'NONE',  #7563 ) ;
#2918 = VECTOR ( 'NONE', #4028, 1000.000000000000000 ) ;
#2919 = AXIS2_PLACEMENT_3D ( 'NONE', #756, #2074, #3386 ) ;
#2920 = ORIENTED_EDGE ( 'NONE', *, *, #333, .F. ) ;
#2921 = ORIENTED_EDGE ( 'NONE', *, *, #6703, .F. ) ;
#2922 = ADVANCED_FACE ( 'NONE', ( #7538 ), #96, .F. ) ;
#2923 = LINE ( 'NONE', #7312, #440 ) ;
#2924 = CARTESIAN_POINT ( 'NONE',  ( -8.534999999999998366, 0.000000000000000000, 6.715000000000001634 ) ) ;
#2925 = CARTESIAN_POINT ( 'NONE',  ( -6.704999999999999183, 0.000000000000000000, 6.715000000000001634 ) ) ;
#2926 = DIRECTION ( 'NONE',  ( -0.1218693434051412172, -0.000000000000000000, -0.9925461516413227603 ) ) ;
#2927 = AXIS2_PLACEMENT_3D ( 'NONE', #2067, #6416, #6377 ) ;
#2928 = DIRECTION ( 'NONE',  ( -0.000000000000000000, 1.000000000000000000, 0.000000000000000000 ) ) ;
#2929 = EDGE_LOOP ( 'NONE', ( #5103, #6026, #7639, #1667 ) ) ;
#2930 = DIRECTION ( 'NONE',  ( 0.000000000000000000, 0.000000000000000000, 1.000000000000000000 ) ) ;
#2931 = LINE ( 'NONE', #3580, #347 ) ;
#2932 = DIRECTION ( 'NONE',  ( 0.000000000000000000, -1.000000000000000000, -1.285735975631406781E-16 ) ) ;
#2933 = CARTESIAN_POINT ( 'NONE',  ( -4.725000000000001421, 0.000000000000000000, 2.245000000000000107 ) ) ;
#2934 = AXIS2_PLACEMENT_3D ( 'NONE', #1029, #375, #6623 ) ;
#2935 = DIRECTION ( 'NONE',  ( 0.000000000000000000, 0.000000000000000000, 1.000000000000000000 ) ) ;
#2936 = VECTOR ( 'NONE', #5399, 1000.000000000000000 ) ;
#2937 = DIRECTION ( 'NONE',  ( -1.000000000000000000, -0.000000000000000000, -0.000000000000000000 ) ) ;
#2938 = ADVANCED_FACE ( 'NONE', ( #8086 ), #3062, .F. ) ;
#2939 = ORIENTED_EDGE ( 'NONE', *, *, #2457, .T. ) ;
#2940 = CARTESIAN_POINT ( 'NONE',  ( 2.894999999999999130, 1.935118803897821982, -0.2049999999999997102 ) ) ;
#2941 = EDGE_CURVE ( 'NONE', #5632, #6229, #2574, .T. ) ;
#2942 = ORIENTED_EDGE ( 'NONE', *, *, #3958, .T. ) ;
#2943 = AXIS2_PLACEMENT_3D ( 'NONE', #6069, #3407, #3532 ) ;
#2944 = CARTESIAN_POINT ( 'NONE',  ( -8.534999999999998366, -3.260504516109076434, 6.915000000000000924 ) ) ;
#2945 = CARTESIAN_POINT ( 'NONE',  ( 1.425000000000000933, -3.809999999999997389, 7.325000000000001066 ) ) ;
#2946 = EDGE_CURVE ( 'NONE', #3275, #1739, #4453, .T. ) ;
#2947 = DIRECTION ( 'NONE',  ( 0.000000000000000000, 0.000000000000000000, -1.000000000000000000 ) ) ;
#2948 = LINE ( 'NONE', #5938, #5469 ) ;
#2949 = AXIS2_PLACEMENT_3D ( 'NONE', #5990, #3568, #2261 ) ;
#2950 = VERTEX_POINT ( 'NONE', #3879 ) ;
#2951 = VERTEX_POINT ( 'NONE', #6995 ) ;
#2952 = VERTEX_POINT ( 'NONE', #7454 ) ;
#2953 = DIRECTION ( 'NONE',  ( 0.000000000000000000, 0.1736481776669237254, -0.9848077530122092416 ) ) ;
#2954 = CIRCLE ( 'NONE', #5571, 0.1999999999999996503 ) ;
#2955 = DIRECTION ( 'NONE',  ( -1.000000000000000000, -0.000000000000000000, -0.000000000000000000 ) ) ;
#2956 = ADVANCED_FACE ( 'NONE', ( #1989 ), #4496, .F. ) ;
#2957 = CARTESIAN_POINT ( 'NONE',  ( 2.894999999999999130, 3.200000000000001954, 0.2050000000000000711 ) ) ;
#2958 = DIRECTION ( 'NONE',  ( 0.000000000000000000, 0.000000000000000000, 1.000000000000000000 ) ) ;
#2959 = ORIENTED_EDGE ( 'NONE', *, *, #3899, .F. ) ;
#2960 = ORIENTED_EDGE ( 'NONE', *, *, #2898, .F. ) ;
#2961 = LINE ( 'NONE', #455, #4635 ) ;
#2962 = VECTOR ( 'NONE', #4653, 1000.000000000000000 ) ;
#2963 = DIRECTION ( 'NONE',  ( 0.000000000000000000, 0.000000000000000000, -1.000000000000000000 ) ) ;
#2964 = DIRECTION ( 'NONE',  ( -1.000000000000000000, -0.000000000000000000, -0.000000000000000000 ) ) ;
#2965 = AXIS2_PLACEMENT_3D ( 'NONE', #4242, #6044, #1073 ) ;
#2966 = VECTOR ( 'NONE', #1361, 1000.000000000000000 ) ;
#2967 = ORIENTED_EDGE ( 'NONE', *, *, #7545, .F. ) ;
#2968 = FACE_OUTER_BOUND ( 'NONE', #719, .T. ) ;
#2969 = DIRECTION ( 'NONE',  ( 0.000000000000000000, -0.000000000000000000, -1.000000000000000000 ) ) ;
#2970 = DIRECTION ( 'NONE',  ( 0.000000000000000000, -1.000000000000000000, -1.092395136005546919E-16 ) ) ;
#2971 = AXIS2_PLACEMENT_3D ( 'NONE', #880, #3549, #5280 ) ;
#2972 = DIRECTION ( 'NONE',  ( 0.000000000000000000, 2.571471951262813563E-16, -1.000000000000000000 ) ) ;
#2973 = DIRECTION ( 'NONE',  ( 0.3420201433256701562, 0.9396926207859078728, 1.026515648286830928E-16 ) ) ;
#2974 = ADVANCED_FACE ( 'NONE', ( #7495 ), #1822, .F. ) ;
#2975 = LINE ( 'NONE', #1243, #608 ) ;
#2976 = ORIENTED_EDGE ( 'NONE', *, *, #5266, .F. ) ;
#2977 = LINE ( 'NONE', #4669, #735 ) ;
#2978 = VECTOR ( 'NONE', #1917, 1000.000000000000000 ) ;
#2979 = VERTEX_POINT ( 'NONE', #8124 ) ;
#2980 = FACE_OUTER_BOUND ( 'NONE', #7893, .T. ) ;
#2981 = VERTEX_POINT ( 'NONE', #1251 ) ;
#2982 = AXIS2_PLACEMENT_3D ( 'NONE', #6062, #1011, #2947 ) ;
#2983 = CARTESIAN_POINT ( 'NONE',  ( -3.454999999999999627, 1.334386074560374613, 0.2990746116231762231 ) ) ;
#2984 = DIRECTION ( 'NONE',  ( 0.000000000000000000, 0.000000000000000000, 1.000000000000000000 ) ) ;
#2985 = FACE_OUTER_BOUND ( 'NONE', #8057, .T. ) ;
#2986 = CARTESIAN_POINT ( 'NONE',  ( -6.505000000000000782, -3.809999999999997389, 6.915000000000000924 ) ) ;
#2987 = AXIS2_PLACEMENT_3D ( 'NONE', #4360, #1925, #5055 ) ;
#2988 = ORIENTED_EDGE ( 'NONE', *, *, #158, .T. ) ;
#2989 = ORIENTED_EDGE ( 'NONE', *, *, #3590, .T. ) ;
#2990 = EDGE_CURVE ( 'NONE', #3410, #4412, #1866, .T. ) ;
#2991 = ORIENTED_EDGE ( 'NONE', *, *, #7300, .F. ) ;
#2992 = LINE ( 'NONE', #6689, #4463 ) ;
#2993 = CIRCLE ( 'NONE', #235, 0.6099999999999992095 ) ;
#2994 = EDGE_CURVE ( 'NONE', #5682, #5919, #4414, .T. ) ;
#2995 = LINE ( 'NONE', #5497, #6668 ) ;
#2996 = DIRECTION ( 'NONE',  ( -1.000000000000000000, -0.000000000000000000, -0.000000000000000000 ) ) ;
#2997 = CARTESIAN_POINT ( 'NONE',  ( 1.625000000000001332, -3.809999999999997389, 7.325000000000001066 ) ) ;
#2998 = EDGE_CURVE ( 'NONE', #3727, #7564, #6216, .T. ) ;
#2999 = VERTEX_POINT ( 'NONE', #2615 ) ;
#3000 = ADVANCED_FACE ( 'NONE', ( #6881 ), #3761, .F. ) ;
#3001 = EDGE_CURVE ( 'NONE', #6132, #3355, #1211, .T. ) ;
#3002 = FILL_AREA_STYLE_COLOUR ( '', #284 ) ;
#3003 = LINE ( 'NONE', #4817, #94 ) ;
#3004 = LINE ( 'NONE', #1805, #185 ) ;
#3005 = DIRECTION ( 'NONE',  ( 0.000000000000000000, 0.000000000000000000, -1.000000000000000000 ) ) ;
#3006 = ORIENTED_EDGE ( 'NONE', *, *, #3527, .F. ) ;
#3007 = CARTESIAN_POINT ( 'NONE',  ( -1.624999999999999778, 1.334386074560374835, 0.2990746116231765006 ) ) ;
#3008 = DIRECTION ( 'NONE',  ( -0.3420201433256698231, 0.9396926207859079838, 2.053031296573661856E-16 ) ) ;
#3009 = DIRECTION ( 'NONE',  ( -0.000000000000000000, -0.000000000000000000, 1.000000000000000000 ) ) ;
#3010 = DIRECTION ( 'NONE',  ( -1.000000000000000000, 0.000000000000000000, 0.000000000000000000 ) ) ;
#3011 = LINE ( 'NONE', #7323, #6734 ) ;
#3012 = CARTESIAN_POINT ( 'NONE',  ( -2.185000000000001386, 0.1599946829665978842, 1.755007089050679037 ) ) ;
#3013 = DIRECTION ( 'NONE',  ( -0.9396926207859084279, -0.3420201433256688794, 0.000000000000000000 ) ) ;
#3014 = ORIENTED_EDGE ( 'NONE', *, *, #5163, .T. ) ;
#3015 = ADVANCED_FACE ( 'NONE', ( #1328 ), #1905, .F. ) ;
#3016 = VECTOR ( 'NONE', #5246, 1000.000000000000000 ) ;
#3017 = DIRECTION ( 'NONE',  ( 1.000000000000000000, 0.000000000000000000, -0.000000000000000000 ) ) ;
#3018 = ORIENTED_EDGE ( 'NONE', *, *, #1078, .T. ) ;
#3019 = CARTESIAN_POINT ( 'NONE',  ( 6.705000000000000959, 0.000000000000000000, 6.715000000000002522 ) ) ;
#3020 = CARTESIAN_POINT ( 'NONE',  ( -6.704999999999999183, 0.000000000000000000, 7.325000000000000178 ) ) ;
#3021 = CARTESIAN_POINT ( 'NONE',  ( 3.455000000000000515, 0.1969615506024410823, 6.749729635533387118 ) ) ;
#3022 = DIRECTION ( 'NONE',  ( 0.000000000000000000, 0.000000000000000000, 1.000000000000000000 ) ) ;
#3023 = CIRCLE ( 'NONE', #4082, 0.2000000000000003164 ) ;
#3024 = ORIENTED_EDGE ( 'NONE', *, *, #5670, .F. ) ;
#3025 = ORIENTED_EDGE ( 'NONE', *, *, #2488, .F. ) ;
#3026 = ORIENTED_EDGE ( 'NONE', *, *, #7970, .F. ) ;
#3027 = DIRECTION ( 'NONE',  ( -1.000000000000000000, -0.000000000000000000, 0.000000000000000000 ) ) ;
#3028 = VECTOR ( 'NONE', #3009, 1000.000000000000000 ) ;
#3029 = CARTESIAN_POINT ( 'NONE',  ( -4.725000000000001421, 1.935118803897821982, 0.4049999999999996936 ) ) ;
#3030 = DIRECTION ( 'NONE',  ( -1.000000000000000000, -0.000000000000000000, -0.000000000000000000 ) ) ;
#3031 = ORIENTED_EDGE ( 'NONE', *, *, #7402, .F. ) ;
#3032 = CARTESIAN_POINT ( 'NONE',  ( 2.894999999999999130, -3.420504516109076132, 0.4050000000000000822 ) ) ;
#3033 = ORIENTED_EDGE ( 'NONE', *, *, #7780, .T. ) ;
#3034 = EDGE_CURVE ( 'NONE', #3435, #5109, #1948, .T. ) ;
#3035 = VERTEX_POINT ( 'NONE', #5679 ) ;
#3036 = FACE_OUTER_BOUND ( 'NONE', #3744, .T. ) ;
#3037 = PRESENTATION_LAYER_ASSIGNMENT (  '', '', ( #6582 ) ) ;
#3038 = ORIENTED_EDGE ( 'NONE', *, *, #5254, .T. ) ;
#3039 = EDGE_CURVE ( 'NONE', #5910, #118, #3835, .T. ) ;
#3040 = FACE_OUTER_BOUND ( 'NONE', #527, .T. ) ;
#3041 = CARTESIAN_POINT ( 'NONE',  ( 3.455000000000000515, 3.200000000000001954, 0.2050000000000000711 ) ) ;
#3042 = ORIENTED_EDGE ( 'NONE', *, *, #7935, .F. ) ;
#3043 = EDGE_CURVE ( 'NONE', #1374, #5676, #2816, .T. ) ;
#3044 = AXIS2_PLACEMENT_3D ( 'NONE', #5567, #674, #553 ) ;
#3045 =( NAMED_UNIT ( * ) PLANE_ANGLE_UNIT ( ) SI_UNIT ( $, .RADIAN. ) );
#3046 = ORIENTED_EDGE ( 'NONE', *, *, #5251, .F. ) ;
#3047 = VERTEX_POINT ( 'NONE', #4537 ) ;
#3048 = CARTESIAN_POINT ( 'NONE',  ( -8.534999999999998366, 1.935118803897821982, -0.2050000000000002653 ) ) ;
#3049 =( GEOMETRIC_REPRESENTATION_CONTEXT ( 3 ) GLOBAL_UNCERTAINTY_ASSIGNED_CONTEXT ( ( #5842 ) ) GLOBAL_UNIT_ASSIGNED_CONTEXT ( ( #5175, #5091, #1468 ) ) REPRESENTATION_CONTEXT ( 'NONE', 'WORKASPACE' ) );
#3050 = DIRECTION ( 'NONE',  ( -1.000000000000000000, -0.000000000000000000, -0.000000000000000000 ) ) ;
#3051 = CARTESIAN_POINT ( 'NONE',  ( -8.534999999999998366, 1.334386074560374835, 0.2990746116231761675 ) ) ;
#3052 = CARTESIAN_POINT ( 'NONE',  ( 10.00999999999999979, 14.00999999999999801, -0.6999999999999998446 ) ) ;
#3053 = CARTESIAN_POINT ( 'NONE',  ( 9.245000000000000995, 1.935118803897821982, 0.2050000000000002931 ) ) ;
#3054 = LINE ( 'NONE', #5559, #5205 ) ;
#3055 = EDGE_CURVE ( 'NONE', #5737, #361, #2735, .T. ) ;
#3056 = CARTESIAN_POINT ( 'NONE',  ( 10.00999999999999979, 17.77000000000003510, -0.6999999999999990674 ) ) ;
#3057 = ORIENTED_EDGE ( 'NONE', *, *, #2091, .F. ) ;
#3058 = CARTESIAN_POINT ( 'NONE',  ( -7.265000000000000568, 0.000000000000000000, 2.244999999999999662 ) ) ;
#3059 = ORIENTED_EDGE ( 'NONE', *, *, #6538, .F. ) ;
#3060 = AXIS2_PLACEMENT_3D ( 'NONE', #3058, #7491, #7407 ) ;
#3061 = CARTESIAN_POINT ( 'NONE',  ( 4.724999999999999645, 3.200000000000001954, -0.2049999999999994049 ) ) ;
#3062 = PLANE ( 'NONE',  #4228 ) ;
#3063 = CARTESIAN_POINT ( 'NONE',  ( 7.264999999999999680, 3.200000000000001954, 0.2050000000000003209 ) ) ;
#3064 = ORIENTED_EDGE ( 'NONE', *, *, #2416, .T. ) ;
#3065 = CARTESIAN_POINT ( 'NONE',  ( 6.505000000000000782, -3.809999999999997389, 6.915000000000001812 ) ) ;
#3066 = ORIENTED_EDGE ( 'NONE', *, *, #2100, .F. ) ;
#3067 = AXIS2_PLACEMENT_3D ( 'NONE', #1659, #1731, #4246 ) ;
#3068 = VERTEX_POINT ( 'NONE', #7749 ) ;
#3069 = VERTEX_POINT ( 'NONE', #7838 ) ;
#3070 = DIRECTION ( 'NONE',  ( 0.000000000000000000, -1.000000000000000000, 0.000000000000000000 ) ) ;
#3071 = DIRECTION ( 'NONE',  ( -1.000000000000000000, -0.000000000000000000, -0.000000000000000000 ) ) ;
#3072 = CARTESIAN_POINT ( 'NONE',  ( -3.965000000000001634, -3.809999999999997389, 6.915000000000000924 ) ) ;
#3073 = VECTOR ( 'NONE', #4081, 1000.000000000000000 ) ;
#3074 = EDGE_LOOP ( 'NONE', ( #1465, #2120, #516, #1623 ) ) ;
#3075 = DIRECTION ( 'NONE',  ( 0.3420201433256687684, -0.9396926207859083169, 0.000000000000000000 ) ) ;
#3076 = EDGE_CURVE ( 'NONE', #4558, #1259, #7040, .T. ) ;
#3077 = VERTEX_POINT ( 'NONE', #7706 ) ;
#3078 = ORIENTED_EDGE ( 'NONE', *, *, #6661, .F. ) ;
#3079 =( NAMED_UNIT ( * ) SI_UNIT ( $, .STERADIAN. ) SOLID_ANGLE_UNIT ( ) );
#3080 = ORIENTED_EDGE ( 'NONE', *, *, #3618, .T. ) ;
#3081 = VECTOR ( 'NONE', #7936, 1000.000000000000000 ) ;
#3082 = PRESENTATION_STYLE_ASSIGNMENT (( #4235 ) ) ;
#3083 = CARTESIAN_POINT ( 'NONE',  ( 10.00999999999999979, 14.00999999999999801, -2.250000000000000888 ) ) ;
#3084 = ADVANCED_FACE ( 'NONE', ( #138 ), #2158, .T. ) ;
#3085 = ORIENTED_EDGE ( 'NONE', *, *, #1589, .F. ) ;
#3086 = SURFACE_STYLE_USAGE ( .BOTH. , #6779 ) ;
#3087 = EDGE_CURVE ( 'NONE', #7325, #5785, #1576, .T. ) ;
#3088 = ORIENTED_EDGE ( 'NONE', *, *, #1832, .F. ) ;
#3089 = ORIENTED_EDGE ( 'NONE', *, *, #3896, .T. ) ;
#3090 = ADVANCED_FACE ( 'NONE', ( #3924 ), #4624, .F. ) ;
#3091 = DIRECTION ( 'NONE',  ( 0.000000000000000000, 0.000000000000000000, 1.000000000000000000 ) ) ;
#3092 = CARTESIAN_POINT ( 'NONE',  ( -7.974999999999999645, 0.000000000000000000, 2.244999999999999662 ) ) ;
#3093 = CARTESIAN_POINT ( 'NONE',  ( -1.624999999999999778, 1.935118803897821982, 0.4050000000000000266 ) ) ;
#3094 = EDGE_CURVE ( 'NONE', #6017, #7541, #6549, .T. ) ;
#3095 = VECTOR ( 'NONE', #5118, 1000.000000000000000 ) ;
#3096 = CARTESIAN_POINT ( 'NONE',  ( 2.894999999999999130, 0.000000000000000000, 1.835000000000000631 ) ) ;
#3097 = VERTEX_POINT ( 'NONE', #7204 ) ;
#3098 = PLANE ( 'NONE',  #6640 ) ;
#3099 = CLOSED_SHELL ( 'NONE', ( #1844, #6607, #4546, #4754, #2705, #1233, #6193, #3554, #6852 ) ) ;
#3100 = ORIENTED_EDGE ( 'NONE', *, *, #3138, .T. ) ;
#3101 = VECTOR ( 'NONE', #706, 1000.000000000000000 ) ;
#3102 = DIRECTION ( 'NONE',  ( 0.000000000000000000, -1.000000000000000000, 0.000000000000000000 ) ) ;
#3103 = ADVANCED_FACE ( 'NONE', ( #6384 ), #3344, .F. ) ;
#3104 = EDGE_LOOP ( 'NONE', ( #1258, #7656, #4016, #783 ) ) ;
#3105 = CARTESIAN_POINT ( 'NONE',  ( -2.185000000000001386, 1.935118803897821982, 0.4049999999999998046 ) ) ;
#3106 = CARTESIAN_POINT ( 'NONE',  ( 6.705000000000000959, 0.000000000000000000, 7.325000000000001066 ) ) ;
#3107 = DIRECTION ( 'NONE',  ( -0.000000000000000000, -0.000000000000000000, 1.000000000000000000 ) ) ;
#3108 = CARTESIAN_POINT ( 'NONE',  ( 4.724999999999999645, -3.420504516109077908, 2.245000000000000107 ) ) ;
#3109 = VECTOR ( 'NONE', #2001, 1000.000000000000000 ) ;
#3110 = ORIENTED_EDGE ( 'NONE', *, *, #1772, .F. ) ;
#3111 = VECTOR ( 'NONE', #839, 1000.000000000000000 ) ;
#3112 = ORIENTED_EDGE ( 'NONE', *, *, #5802, .F. ) ;
#3113 = ORIENTED_EDGE ( 'NONE', *, *, #2485, .F. ) ;
#3114 = LINE ( 'NONE', #5613, #6428 ) ;
#3115 = DIRECTION ( 'NONE',  ( 0.000000000000000000, -1.000000000000000000, -2.571471951262813563E-16 ) ) ;
#3116 = PLANE ( 'NONE',  #713 ) ;
#3117 = MECHANICAL_DESIGN_GEOMETRIC_PRESENTATION_REPRESENTATION (  '', ( #7577 ), #1145 ) ;
#3118 = CARTESIAN_POINT ( 'NONE',  ( 0.3549999999999994271, 0.4879837830481246197, 2.001021621604571532 ) ) ;
#3119 = ORIENTED_EDGE ( 'NONE', *, *, #2802, .T. ) ;
#3120 = ORIENTED_EDGE ( 'NONE', *, *, #2728, .T. ) ;
#3121 = DIRECTION ( 'NONE',  ( -1.000000000000000000, -0.000000000000000000, 0.000000000000000000 ) ) ;
#3122 = ORIENTED_EDGE ( 'NONE', *, *, #3323, .F. ) ;
#3123 = VECTOR ( 'NONE', #3244, 1000.000000000000000 ) ;
#3124 = ADVANCED_FACE ( 'NONE', ( #5841 ), #5760, .F. ) ;
#3125 =( NAMED_UNIT ( * ) SI_UNIT ( $, .STERADIAN. ) SOLID_ANGLE_UNIT ( ) );
#3126 = FILL_AREA_STYLE ('',( #4319 ) ) ;
#3127 = CARTESIAN_POINT ( 'NONE',  ( -1.425000000000000933, -3.809999999999997389, 7.325000000000000178 ) ) ;
#3128 =( LENGTH_UNIT ( ) NAMED_UNIT ( * ) SI_UNIT ( .MILLI., .METRE. ) );
#3129 = VERTEX_POINT ( 'NONE', #220 ) ;
#3130 = ORIENTED_EDGE ( 'NONE', *, *, #18, .F. ) ;
#3131 = CARTESIAN_POINT ( 'NONE',  ( -10.00999999999999979, 14.00999999999999801, -0.6999999999999998446 ) ) ;
#3132 = CARTESIAN_POINT ( 'NONE',  ( 6.959999999999999964, 20.82000000000000028, -0.6999999999999990674 ) ) ;
#3133 = CYLINDRICAL_SURFACE ( 'NONE', #4263, 0.6099999999999997646 ) ;
#3134 = DIRECTION ( 'NONE',  ( -0.000000000000000000, 0.1736481776669237531, -0.9848077530122092416 ) ) ;
#3135 = CARTESIAN_POINT ( 'NONE',  ( -7.974999999999999645, -3.420504516109077908, 2.244999999999999218 ) ) ;
#3136 = EDGE_LOOP ( 'NONE', ( #848, #6149, #4764, #3793 ) ) ;
#3137 = DIRECTION ( 'NONE',  ( 0.000000000000000000, 0.000000000000000000, -1.000000000000000000 ) ) ;
#3138 = EDGE_CURVE ( 'NONE', #7414, #986, #2693, .T. ) ;
#3139 = ORIENTED_EDGE ( 'NONE', *, *, #7050, .F. ) ;
#3140 = CARTESIAN_POINT ( 'NONE',  ( 7.974999999999999645, 3.200000000000001954, -0.2049999999999992939 ) ) ;
#3141 = ORIENTED_EDGE ( 'NONE', *, *, #5795, .F. ) ;
#3142 = FACE_OUTER_BOUND ( 'NONE', #7056, .T. ) ;
#3143 = ADVANCED_FACE ( 'NONE', ( #916 ), #5805, .T. ) ;
#3144 = DIRECTION ( 'NONE',  ( -0.000000000000000000, 1.000000000000000000, 2.184790272011093839E-16 ) ) ;
#3145 = CARTESIAN_POINT ( 'NONE',  ( -4.165000000000000036, 3.200000000000001954, 0.2049999999999997380 ) ) ;
#3146 = ORIENTED_EDGE ( 'NONE', *, *, #4728, .T. ) ;
#3147 = CARTESIAN_POINT ( 'NONE',  ( 7.974999999999999645, 3.200000000000001954, -0.2049999999999992939 ) ) ;
#3148 = EDGE_CURVE ( 'NONE', #6188, #4856, #7663, .T. ) ;
#3149 = ORIENTED_EDGE ( 'NONE', *, *, #5498, .F. ) ;
#3150 = ORIENTED_EDGE ( 'NONE', *, *, #8083, .T. ) ;
#3151 = FACE_OUTER_BOUND ( 'NONE', #6008, .T. ) ;
#3152 = AXIS2_PLACEMENT_3D ( 'NONE', #764, #2825, #922 ) ;
#3153 = DIRECTION ( 'NONE',  ( 0.000000000000000000, -1.000000000000000000, 4.011848926865882589E-17 ) ) ;
#3154 = LINE ( 'NONE', #7588, #3630 ) ;
#3155 = VERTEX_POINT ( 'NONE', #7120 ) ;
#3156 = CARTESIAN_POINT ( 'NONE',  ( -4.165000000000000036, 0.000000000000000000, 6.715000000000001634 ) ) ;
#3157 = ORIENTED_EDGE ( 'NONE', *, *, #2878, .F. ) ;
#3158 = AXIS2_PLACEMENT_3D ( 'NONE', #3760, #6215, #5678 ) ;
#3159 = SURFACE_SIDE_STYLE ('',( #5542 ) ) ;
#3160 = CARTESIAN_POINT ( 'NONE',  ( 5.434999999999998721, -3.969999999999997087, 2.245000000000000107 ) ) ;
#3161 = LINE ( 'NONE', #3041, #2552 ) ;
#3162 = FACE_OUTER_BOUND ( 'NONE', #6517, .T. ) ;
#3163 = ADVANCED_FACE ( 'NONE', ( #2031 ), #3966, .F. ) ;
#3164 = PRESENTATION_LAYER_ASSIGNMENT (  '', '', ( #4091 ) ) ;
#3165 = VECTOR ( 'NONE', #2102, 1000.000000000000000 ) ;
#3166 = ORIENTED_EDGE ( 'NONE', *, *, #5877, .F. ) ;
#3167 = EDGE_LOOP ( 'NONE', ( #6052, #408, #1806, #549 ) ) ;
#3168 = LINE ( 'NONE', #1852, #1261 ) ;
#3169 =( LENGTH_UNIT ( ) NAMED_UNIT ( * ) SI_UNIT ( .MILLI., .METRE. ) );
#3170 = COLOUR_RGB ( '',0.7921568627450980005, 0.8196078431372548767, 0.9333333333333333481 ) ;
#3171 = VECTOR ( 'NONE', #6404, 1000.000000000000000 ) ;
#3172 = CARTESIAN_POINT ( 'NONE',  ( 5.235000000000000320, -3.969999999999997087, 1.834999999999999742 ) ) ;
#3173 = CARTESIAN_POINT ( 'NONE',  ( -3.454999999999999627, 1.935118803897821982, 0.4049999999999999156 ) ) ;
#3174 = DIRECTION ( 'NONE',  ( 0.000000000000000000, 0.000000000000000000, -1.000000000000000000 ) ) ;
#3175 = DIRECTION ( 'NONE',  ( 0.000000000000000000, -1.285735975631406781E-16, 1.000000000000000000 ) ) ;
#3176 = EDGE_CURVE ( 'NONE', #3442, #1820, #838, .T. ) ;
#3177 = AXIS2_PLACEMENT_3D ( 'NONE', #4481, #2062, #3996 ) ;
#3178 = ORIENTED_EDGE ( 'NONE', *, *, #4876, .T. ) ;
#3179 = LINE ( 'NONE', #7, #4375 ) ;
#3180 = VERTEX_POINT ( 'NONE', #1539 ) ;
#3181 = DIRECTION ( 'NONE',  ( 0.000000000000000000, 0.000000000000000000, 1.000000000000000000 ) ) ;
#3182 = CARTESIAN_POINT ( 'NONE',  ( 2.184999999999999609, 0.000000000000000000, 1.835000000000000631 ) ) ;
#3183 = PLANE ( 'NONE',  #3768 ) ;
#3184 = ORIENTED_EDGE ( 'NONE', *, *, #5740, .F. ) ;
#3185 = ADVANCED_FACE ( 'NONE', ( #4054 ), #304, .T. ) ;
#3186 = EDGE_LOOP ( 'NONE', ( #151, #7254, #8146, #4374 ) ) ;
#3187 = FACE_OUTER_BOUND ( 'NONE', #444, .T. ) ;
#3188 = EDGE_CURVE ( 'NONE', #2453, #2770, #3583, .T. ) ;
#3189 = CIRCLE ( 'NONE', #3458, 0.6099999999999998757 ) ;
#3190 = VERTEX_POINT ( 'NONE', #5515 ) ;
#3191 = EDGE_LOOP ( 'NONE', ( #1365, #6987, #2230, #7327 ) ) ;
#3192 = CARTESIAN_POINT ( 'NONE',  ( 2.894999999999999130, 0.000000000000000000, 1.635000000000000675 ) ) ;
#3193 = ADVANCED_FACE ( 'NONE', ( #2279 ), #7995, .F. ) ;
#3194 = DIRECTION ( 'NONE',  ( 0.3420201433256713774, 0.9396926207859073177, -0.000000000000000000 ) ) ;
#3195 = FACE_OUTER_BOUND ( 'NONE', #1901, .T. ) ;
#3196 = CIRCLE ( 'NONE', #7801, 0.2000000000000002609 ) ;
#3197 = PLANE ( 'NONE',  #5724 ) ;
#3198 = VECTOR ( 'NONE', #7483, 1000.000000000000000 ) ;
#3199 = VERTEX_POINT ( 'NONE', #4175 ) ;
#3200 = ORIENTED_EDGE ( 'NONE', *, *, #2820, .F. ) ;
#3201 = PLANE ( 'NONE',  #422 ) ;
#3202 = ORIENTED_EDGE ( 'NONE', *, *, #2697, .T. ) ;
#3203 = DIRECTION ( 'NONE',  ( -0.000000000000000000, 0.1736481776669237531, -0.9848077530122092416 ) ) ;
#3204 = ADVANCED_FACE ( 'NONE', ( #7284 ), #6674, .F. ) ;
#3205 = AXIS2_PLACEMENT_3D ( 'NONE', #5420, #450, #6031 ) ;
#3206 = CARTESIAN_POINT ( 'NONE',  ( 1.625000000000001332, 0.000000000000000000, 6.915000000000001812 ) ) ;
#3207 =( NAMED_UNIT ( * ) PLANE_ANGLE_UNIT ( ) SI_UNIT ( $, .RADIAN. ) );
#3208 = PLANE ( 'NONE',  #4135 ) ;
#3209 = ORIENTED_EDGE ( 'NONE', *, *, #4008, .F. ) ;
#3210 = LINE ( 'NONE', #6869, #7957 ) ;
#3211 = DIRECTION ( 'NONE',  ( 0.000000000000000000, 0.000000000000000000, 1.000000000000000000 ) ) ;
#3212 = PLANE ( 'NONE',  #1507 ) ;
#3213 = CARTESIAN_POINT ( 'NONE',  ( 4.165000000000000924, 1.935118803897821982, 0.2050000000000000433 ) ) ;
#3214 = LINE ( 'NONE', #7820, #3757 ) ;
#3215 = VERTEX_POINT ( 'NONE', #960 ) ;
#3216 = DIRECTION ( 'NONE',  ( -0.000000000000000000, 0.9848077530122092416, 0.1736481776669237809 ) ) ;
#3217 = VERTEX_POINT ( 'NONE', #4746 ) ;
#3218 = FACE_OUTER_BOUND ( 'NONE', #578, .T. ) ;
#3219 = ORIENTED_EDGE ( 'NONE', *, *, #6445, .F. ) ;
#3220 = DIRECTION ( 'NONE',  ( 0.000000000000000000, 0.1736481776669237254, -0.9848077530122092416 ) ) ;
#3221 = ADVANCED_FACE ( 'NONE', ( #6087 ), #6710, .F. ) ;
#3222 = DIRECTION ( 'NONE',  ( -1.000000000000000000, -0.000000000000000000, -0.000000000000000000 ) ) ;
#3223 = DIRECTION ( 'NONE',  ( -1.000000000000000000, -0.000000000000000000, 0.000000000000000000 ) ) ;
#3224 = CARTESIAN_POINT ( 'NONE',  ( -3.454999999999999627, -3.260504516109076434, 0.4049999999999999156 ) ) ;
#3225 = CLOSED_SHELL ( 'NONE', ( #4996, #4115, #6208, #5312, #7308, #4582, #1234, #4685, #7055, #7571, #6244, #3204, #2500, #7157, #2010, #4698 ) ) ;
#3226 = AXIS2_PLACEMENT_3D ( 'NONE', #4829, #5364, #1661 ) ;
#3227 = ORIENTED_EDGE ( 'NONE', *, *, #2253, .F. ) ;
#3228 = ORIENTED_EDGE ( 'NONE', *, *, #2774, .F. ) ;
#3229 = PLANE ( 'NONE',  #6821 ) ;
#3230 =( NAMED_UNIT ( * ) PLANE_ANGLE_UNIT ( ) SI_UNIT ( $, .RADIAN. ) );
#3231 = VECTOR ( 'NONE', #3610, 1000.000000000000227 ) ;
#3232 = LINE ( 'NONE', #2664, #3525 ) ;
#3233 = DIRECTION ( 'NONE',  ( -1.000000000000000000, -0.000000000000000000, 0.000000000000000000 ) ) ;
#3234 = EDGE_CURVE ( 'NONE', #4014, #763, #2287, .T. ) ;
#3235 = VERTEX_POINT ( 'NONE', #2896 ) ;
#3236 = ORIENTED_EDGE ( 'NONE', *, *, #4896, .F. ) ;
#3237 = VECTOR ( 'NONE', #3558, 1000.000000000000227 ) ;
#3238 = CARTESIAN_POINT ( 'NONE',  ( 1.114999999999999769, -3.809999999999997389, 6.915000000000001812 ) ) ;
#3239 = ORIENTED_EDGE ( 'NONE', *, *, #6455, .F. ) ;
#3240 = EDGE_CURVE ( 'NONE', #7125, #7188, #4862, .T. ) ;
#3241 = CARTESIAN_POINT ( 'NONE',  ( 8.535000000000000142, 1.334386074560374613, 0.2990746116231768337 ) ) ;
#3242 = VECTOR ( 'NONE', #6101, 999.9999999999998863 ) ;
#3243 = PLANE ( 'NONE',  #6056 ) ;
#3244 = DIRECTION ( 'NONE',  ( -0.000000000000000000, 1.000000000000000000, 1.285735975631406781E-16 ) ) ;
#3245 = ADVANCED_FACE ( 'NONE', ( #7362 ), #7400, .T. ) ;
#3246 = CARTESIAN_POINT ( 'NONE',  ( -3.454999999999999627, -3.260504516109076434, 7.325000000000000178 ) ) ;
#3247 = ORIENTED_EDGE ( 'NONE', *, *, #381, .F. ) ;
#3248 = EDGE_CURVE ( 'NONE', #6313, #2740, #427, .T. ) ;
#3249 = EDGE_CURVE ( 'NONE', #4981, #6368, #4134, .T. ) ;
#3250 = CIRCLE ( 'NONE', #3902, 0.6099999999999985434 ) ;
#3251 = ORIENTED_EDGE ( 'NONE', *, *, #2231, .T. ) ;
#3252 = LINE ( 'NONE', #5142, #7788 ) ;
#3253 = DIRECTION ( 'NONE',  ( -1.000000000000000000, -0.000000000000000000, -0.000000000000000000 ) ) ;
#3254 = DIRECTION ( 'NONE',  ( -0.000000000000000000, 1.000000000000000000, 1.285735975631406781E-16 ) ) ;
#3255 = CARTESIAN_POINT ( 'NONE',  ( -6.704999999999999183, -3.260504516109076434, 7.325000000000000178 ) ) ;
#3256 = AXIS2_PLACEMENT_3D ( 'NONE', #4385, #8134, #3649 ) ;
#3257 = ORIENTED_EDGE ( 'NONE', *, *, #363, .T. ) ;
#3258 = CARTESIAN_POINT ( 'NONE',  ( -6.704999999999999183, 1.935118803897821982, -0.2050000000000001543 ) ) ;
#3259 = ORIENTED_EDGE ( 'NONE', *, *, #3349, .T. ) ;
#3260 = ORIENTED_EDGE ( 'NONE', *, *, #5952, .T. ) ;
#3261 = LINE ( 'NONE', #7745, #7257 ) ;
#3262 = ORIENTED_EDGE ( 'NONE', *, *, #4249, .F. ) ;
#3263 = CARTESIAN_POINT ( 'NONE',  ( 6.705000000000000959, 0.000000000000000000, 6.915000000000001812 ) ) ;
#3264 = DIRECTION ( 'NONE',  ( -1.000000000000000000, -0.000000000000000000, 0.000000000000000000 ) ) ;
#3265 = CARTESIAN_POINT ( 'NONE',  ( -5.994999999999998330, 3.200000000000001954, 0.2049999999999996270 ) ) ;
#3266 = ORIENTED_EDGE ( 'NONE', *, *, #6127, .T. ) ;
#3267 = DIRECTION ( 'NONE',  ( -1.000000000000000000, -0.000000000000000000, -0.000000000000000000 ) ) ;
#3268 = EDGE_CURVE ( 'NONE', #2483, #3069, #7246, .T. ) ;
#3269 = ORIENTED_EDGE ( 'NONE', *, *, #1786, .T. ) ;
#3270 = EDGE_LOOP ( 'NONE', ( #862, #461, #3066, #4711 ) ) ;
#3271 = CARTESIAN_POINT ( 'NONE',  ( -8.534999999999998366, 1.935118803897821982, -0.2050000000000002653 ) ) ;
#3272 = CARTESIAN_POINT ( 'NONE',  ( 6.705000000000000959, 1.935118803897821982, 0.2050000000000001821 ) ) ;
#3273 = DIRECTION ( 'NONE',  ( 0.000000000000000000, -0.6000354452533959160, 0.7999734148329924466 ) ) ;
#3274 = CARTESIAN_POINT ( 'NONE',  ( -5.435000000000001386, 1.447135020849696474, 0.03897837839542834387 ) ) ;
#3275 = VERTEX_POINT ( 'NONE', #5437 ) ;
#3276 = ORIENTED_EDGE ( 'NONE', *, *, #4435, .F. ) ;
#3277 = ORIENTED_EDGE ( 'NONE', *, *, #4201, .F. ) ;
#3278 = DIRECTION ( 'NONE',  ( 1.000000000000000000, 0.000000000000000000, -0.000000000000000000 ) ) ;
#3279 = VECTOR ( 'NONE', #6475, 1000.000000000000000 ) ;
#3280 = DIRECTION ( 'NONE',  ( 0.000000000000000000, 0.000000000000000000, -1.000000000000000000 ) ) ;
#3281 = PLANE ( 'NONE',  #7988 ) ;
#3282 = DIRECTION ( 'NONE',  ( 0.000000000000000000, 0.000000000000000000, -1.000000000000000000 ) ) ;
#3283 = EDGE_CURVE ( 'NONE', #1043, #5971, #350, .T. ) ;
#3284 = SURFACE_STYLE_FILL_AREA ( #3906 ) ;
#3285 = ORIENTED_EDGE ( 'NONE', *, *, #7152, .T. ) ;
#3286 = VECTOR ( 'NONE', #8133, 1000.000000000000000 ) ;
#3287 = ORIENTED_EDGE ( 'NONE', *, *, #3349, .F. ) ;
#3288 = AXIS2_PLACEMENT_3D ( 'NONE', #2111, #5882, #7747 ) ;
#3289 = EDGE_CURVE ( 'NONE', #3069, #2076, #3011, .T. ) ;
#3290 = DIRECTION ( 'NONE',  ( 0.000000000000000000, 0.000000000000000000, -1.000000000000000000 ) ) ;
#3291 = DIRECTION ( 'NONE',  ( -0.000000000000000000, -0.000000000000000000, 1.000000000000000000 ) ) ;
#3292 = EDGE_CURVE ( 'NONE', #2325, #6264, #1693, .T. ) ;
#3293 = PLANE ( 'NONE',  #6921 ) ;
#3294 = CARTESIAN_POINT ( 'NONE',  ( -10.00999999999999979, 3.200000000000001954, 0.2049999999999999878 ) ) ;
#3295 = AXIS2_PLACEMENT_3D ( 'NONE', #3703, #6199, #1890 ) ;
#3296 = VECTOR ( 'NONE', #6984, 1000.000000000000227 ) ;
#3297 = CARTESIAN_POINT ( 'NONE',  ( -10.00999999999999979, 17.77000000000003510, -0.6999999999999990674 ) ) ;
#3298 = ORIENTED_EDGE ( 'NONE', *, *, #6982, .F. ) ;
#3299 = ORIENTED_EDGE ( 'NONE', *, *, #4486, .T. ) ;
#3300 = CARTESIAN_POINT ( 'NONE',  ( -7.265000000000000568, 3.200000000000001954, 0.2049999999999996270 ) ) ;
#3301 = VECTOR ( 'NONE', #6476, 1000.000000000000000 ) ;
#3302 = VECTOR ( 'NONE', #7618, 1000.000000000000000 ) ;
#3303 = ORIENTED_EDGE ( 'NONE', *, *, #6402, .T. ) ;
#3304 = CARTESIAN_POINT ( 'NONE',  ( 5.434999999999998721, 3.200000000000001954, 0.2050000000000002098 ) ) ;
#3305 = ADVANCED_FACE ( 'NONE', ( #503 ), #2398, .F. ) ;
#3306 = CARTESIAN_POINT ( 'NONE',  ( 6.705000000000000959, 0.000000000000000000, 6.915000000000001812 ) ) ;
#3307 = DIRECTION ( 'NONE',  ( -1.000000000000000000, -0.000000000000000000, -0.000000000000000000 ) ) ;
#3308 = ORIENTED_EDGE ( 'NONE', *, *, #1431, .T. ) ;
#3309 = CARTESIAN_POINT ( 'NONE',  ( 5.434999999999998721, 0.4879837830481246197, 2.001021621604571976 ) ) ;
#3310 = AXIS2_PLACEMENT_3D ( 'NONE', #5926, #3264, #6509 ) ;
#3311 = ORIENTED_EDGE ( 'NONE', *, *, #2587, .T. ) ;
#3312 = VERTEX_POINT ( 'NONE', #6634 ) ;
#3313 = DIRECTION ( 'NONE',  ( 0.1209742911513484454, 0.1209742911513477653, 0.9852565360152947260 ) ) ;
#3314 = FACE_OUTER_BOUND ( 'NONE', #8017, .T. ) ;
#3315 = CARTESIAN_POINT ( 'NONE',  ( -5.435000000000001386, 3.200000000000001954, -0.2049999999999998490 ) ) ;
#3316 = DIRECTION ( 'NONE',  ( -1.000000000000000000, -0.000000000000000000, -0.000000000000000000 ) ) ;
#3317 = ORIENTED_EDGE ( 'NONE', *, *, #4204, .F. ) ;
#3318 = ORIENTED_EDGE ( 'NONE', *, *, #3001, .F. ) ;
#3319 = ORIENTED_EDGE ( 'NONE', *, *, #4811, .F. ) ;
#3320 = DIRECTION ( 'NONE',  ( -0.1218693434051412450, 0.000000000000000000, 0.9925461516413227603 ) ) ;
#3321 = VECTOR ( 'NONE', #2930, 1000.000000000000000 ) ;
#3322 = DIRECTION ( 'NONE',  ( -0.1218693434051412172, 0.000000000000000000, -0.9925461516413227603 ) ) ;
#3323 = EDGE_CURVE ( 'NONE', #3743, #1093, #1002, .T. ) ;
#3324 = CARTESIAN_POINT ( 'NONE',  ( -5.235000000000002984, -3.969999999999997087, 2.244999999999999662 ) ) ;
#3325 = DIRECTION ( 'NONE',  ( 0.000000000000000000, -1.285735975631406781E-16, 1.000000000000000000 ) ) ;
#3326 =( NAMED_UNIT ( * ) SI_UNIT ( $, .STERADIAN. ) SOLID_ANGLE_UNIT ( ) );
#3327 = ORIENTED_EDGE ( 'NONE', *, *, #1665, .T. ) ;
#3328 = AXIS2_PLACEMENT_3D ( 'NONE', #1618, #4901, #2238 ) ;
#3329 = CARTESIAN_POINT ( 'NONE',  ( 7.974999999999999645, 0.1599946829665978842, 1.755007089050679481 ) ) ;
#3330 = CARTESIAN_POINT ( 'NONE',  ( 10.00999999999999979, 17.77000000000003865, -2.250000000000001332 ) ) ;
#3331 = CARTESIAN_POINT ( 'NONE',  ( -7.265000000000000568, 0.000000000000000000, 1.635000000000000231 ) ) ;
#3332 = EDGE_CURVE ( 'NONE', #3155, #2217, #1155, .T. ) ;
#3333 = VERTEX_POINT ( 'NONE', #3665 ) ;
#3334 = AXIS2_PLACEMENT_3D ( 'NONE', #2849, #5350, #5429 ) ;
#3335 = DIRECTION ( 'NONE',  ( -1.000000000000000000, -0.000000000000000000, -0.000000000000000000 ) ) ;
#3336 = EDGE_LOOP ( 'NONE', ( #7173, #1084, #5217, #5728 ) ) ;
#3337 = ADVANCED_FACE ( 'NONE', ( #4984 ), #6206, .F. ) ;
#3338 = VERTEX_POINT ( 'NONE', #5594 ) ;
#3339 = CARTESIAN_POINT ( 'NONE',  ( 9.245000000000000995, 3.200000000000001954, 0.2050000000000003209 ) ) ;
#3340 = VERTEX_POINT ( 'NONE', #1282 ) ;
#3341 = ADVANCED_FACE ( 'NONE', ( #4289 ), #1857, .T. ) ;
#3342 = VECTOR ( 'NONE', #2996, 1000.000000000000000 ) ;
#3343 = CARTESIAN_POINT ( 'NONE',  ( -3.454999999999999627, -3.809999999999997389, 7.325000000000000178 ) ) ;
#3344 = PLANE ( 'NONE',  #2919 ) ;
#3345 = FACE_BOUND ( 'NONE', #910, .T. ) ;
#3346 = EDGE_CURVE ( 'NONE', #4981, #2446, #2437, .T. ) ;
#3347 = ORIENTED_EDGE ( 'NONE', *, *, #2994, .T. ) ;
#3348 = DIRECTION ( 'NONE',  ( 0.000000000000000000, -1.000000000000000000, -1.285735975631406781E-16 ) ) ;
#3349 = EDGE_CURVE ( 'NONE', #2535, #361, #1815, .T. ) ;
#3350 = ORIENTED_EDGE ( 'NONE', *, *, #2440, .F. ) ;
#3351 = ORIENTED_EDGE ( 'NONE', *, *, #2396, .F. ) ;
#3352 = LINE ( 'NONE', #5328, #5119 ) ;
#3353 = FILL_AREA_STYLE_COLOUR ( '', #3565 ) ;
#3354 = CARTESIAN_POINT ( 'NONE',  ( -4.725000000000001421, 0.1599946829665978842, 1.755007089050678815 ) ) ;
#3355 = VERTEX_POINT ( 'NONE', #1317 ) ;
#3356 = AXIS2_PLACEMENT_3D ( 'NONE', #1038, #424, #6632 ) ;
#3357 = DIRECTION ( 'NONE',  ( -0.000000000000000000, 0.6000354452533958050, -0.7999734148329924466 ) ) ;
#3358 = AXIS2_PLACEMENT_3D ( 'NONE', #6210, #3013, #5561 ) ;
#3359 = ORIENTED_EDGE ( 'NONE', *, *, #7729, .T. ) ;
#3360 = ORIENTED_EDGE ( 'NONE', *, *, #5695, .F. ) ;
#3361 = LINE ( 'NONE', #7636, #2918 ) ;
#3362 = VERTEX_POINT ( 'NONE', #4442 ) ;
#3363 = CARTESIAN_POINT ( 'NONE',  ( 2.894999999999999130, 0.000000000000000000, 1.835000000000000187 ) ) ;
#3364 = AXIS2_PLACEMENT_3D ( 'NONE', #87, #3992, #5226 ) ;
#3365 = CARTESIAN_POINT ( 'NONE',  ( 6.705000000000000959, 3.200000000000001954, -0.2049999999999994049 ) ) ;
#3366 = DIRECTION ( 'NONE',  ( -1.000000000000000000, -0.000000000000000000, 0.000000000000000000 ) ) ;
#3367 = CARTESIAN_POINT ( 'NONE',  ( -0.9149999999999991473, 0.000000000000000000, 7.325000000000000178 ) ) ;
#3368 = LINE ( 'NONE', #7185, #1776 ) ;
#3369 = FACE_OUTER_BOUND ( 'NONE', #2557, .T. ) ;
#3370 = VECTOR ( 'NONE', #4108, 1000.000000000000000 ) ;
#3371 = VERTEX_POINT ( 'NONE', #704 ) ;
#3372 = EDGE_CURVE ( 'NONE', #7093, #5798, #1940, .T. ) ;
#3373 = VECTOR ( 'NONE', #5322, 1000.000000000000000 ) ;
#3374 = DIRECTION ( 'NONE',  ( 0.1209742911513484731, 0.1209742911513477653, -0.9852565360152947260 ) ) ;
#3375 = LINE ( 'NONE', #1482, #2117 ) ;
#3376 = CARTESIAN_POINT ( 'NONE',  ( 9.245000000000000995, -3.809999999999997389, 7.325000000000001066 ) ) ;
#3377 = CARTESIAN_POINT ( 'NONE',  ( 4.165000000000000924, 3.200000000000001954, -0.2049999999999995437 ) ) ;
#3378 = AXIS2_PLACEMENT_3D ( 'NONE', #3954, #3461, #4694 ) ;
#3379 = CARTESIAN_POINT ( 'NONE',  ( -0.3550000000000002598, 0.4879837830481246197, 2.001021621604571532 ) ) ;
#3380 = ORIENTED_EDGE ( 'NONE', *, *, #2550, .F. ) ;
#3381 = ORIENTED_EDGE ( 'NONE', *, *, #1370, .T. ) ;
#3382 = DIRECTION ( 'NONE',  ( -0.000000000000000000, -1.000000000000000000, 6.368294698886953826E-17 ) ) ;
#3383 = CARTESIAN_POINT ( 'NONE',  ( 4.724999999999999645, 1.935118803897821982, 0.4050000000000001932 ) ) ;
#3384 = AXIS2_PLACEMENT_3D ( 'NONE', #7975, #4844, #1600 ) ;
#3385 = LINE ( 'NONE', #4011, #7897 ) ;
#3386 = DIRECTION ( 'NONE',  ( 0.000000000000000000, -0.000000000000000000, 1.000000000000000000 ) ) ;
#3387 = DIRECTION ( 'NONE',  ( 0.000000000000000000, -0.6000354452533959160, 0.7999734148329924466 ) ) ;
#3388 = ORIENTED_EDGE ( 'NONE', *, *, #102, .T. ) ;
#3389 = DIRECTION ( 'NONE',  ( -1.000000000000000000, -0.000000000000000000, -0.000000000000000000 ) ) ;
#3390 = ADVANCED_FACE ( 'NONE', ( #42 ), #5669, .F. ) ;
#3391 = ORIENTED_EDGE ( 'NONE', *, *, #8022, .T. ) ;
#3392 = EDGE_CURVE ( 'NONE', #4557, #2981, #2564, .T. ) ;
#3393 = ORIENTED_EDGE ( 'NONE', *, *, #6258, .T. ) ;
#3394 = CARTESIAN_POINT ( 'NONE',  ( -3.454999999999999627, 0.000000000000000000, 6.715000000000001634 ) ) ;
#3395 = DIRECTION ( 'NONE',  ( 0.3420201433256713774, 0.9396926207859073177, -0.000000000000000000 ) ) ;
#3396 = EDGE_CURVE ( 'NONE', #3874, #4429, #1354, .T. ) ;
#3397 = DIRECTION ( 'NONE',  ( 0.000000000000000000, -1.000000000000000000, -2.184790272011094332E-16 ) ) ;
#3398 = ORIENTED_EDGE ( 'NONE', *, *, #2624, .F. ) ;
#3399 = DIRECTION ( 'NONE',  ( 0.000000000000000000, 0.000000000000000000, 1.000000000000000000 ) ) ;
#3400 = VERTEX_POINT ( 'NONE', #3711 ) ;
#3401 = EDGE_LOOP ( 'NONE', ( #7388, #3298, #2824, #8100 ) ) ;
#3402 = LINE ( 'NONE', #3855, #8042 ) ;
#3403 = EDGE_LOOP ( 'NONE', ( #6809, #7792, #4971, #6565 ) ) ;
#3404 = CARTESIAN_POINT ( 'NONE',  ( -5.994999999999998330, 0.000000000000000000, 6.715000000000001634 ) ) ;
#3405 = DIRECTION ( 'NONE',  ( 1.000000000000000000, 0.000000000000000000, 0.000000000000000000 ) ) ;
#3406 = FACE_OUTER_BOUND ( 'NONE', #277, .T. ) ;
#3407 = DIRECTION ( 'NONE',  ( 0.000000000000000000, 2.571471951262813563E-16, -1.000000000000000000 ) ) ;
#3408 = CARTESIAN_POINT ( 'NONE',  ( -2.895000000000000906, -3.420504516109077908, 2.244999999999999662 ) ) ;
#3409 = DIRECTION ( 'NONE',  ( -0.000000000000000000, -0.000000000000000000, 1.000000000000000000 ) ) ;
#3410 = VERTEX_POINT ( 'NONE', #4368 ) ;
#3411 = ORIENTED_EDGE ( 'NONE', *, *, #6406, .F. ) ;
#3412 = CIRCLE ( 'NONE', #6288, 0.6099999999999989875 ) ;
#3413 = CARTESIAN_POINT ( 'NONE',  ( -7.974999999999999645, 1.935118803897821982, 0.2049999999999992939 ) ) ;
#3414 =( NAMED_UNIT ( * ) SI_UNIT ( $, .STERADIAN. ) SOLID_ANGLE_UNIT ( ) );
#3415 = DIRECTION ( 'NONE',  ( -0.000000000000000000, 0.1736481776669237531, -0.9848077530122092416 ) ) ;
#3416 = DIRECTION ( 'NONE',  ( -1.000000000000000000, -0.000000000000000000, -0.000000000000000000 ) ) ;
#3417 = AXIS2_PLACEMENT_3D ( 'NONE', #3606, #3564, #1749 ) ;
#3418 = UNCERTAINTY_MEASURE_WITH_UNIT (LENGTH_MEASURE( 1.000000000000000082E-05 ), #574, 'distance_accuracy_value', 'NONE');
#3419 = EDGE_CURVE ( 'NONE', #3817, #3886, #7569, .T. ) ;
#3420 = LINE ( 'NONE', #5353, #3431 ) ;
#3421 = EDGE_LOOP ( 'NONE', ( #804, #2600, #6449, #4888, #1533, #7038, #560, #4353, #621, #1443, #7854, #4416 ) ) ;
#3422 = ORIENTED_EDGE ( 'NONE', *, *, #1172, .F. ) ;
#3423 = DIRECTION ( 'NONE',  ( -1.000000000000000000, -0.000000000000000000, 0.000000000000000000 ) ) ;
#3424 = CARTESIAN_POINT ( 'NONE',  ( -0.3550000000000002598, 1.447135020849696474, 0.03897837839542857286 ) ) ;
#3425 = LINE ( 'NONE', #7077, #1448 ) ;
#3426 = VECTOR ( 'NONE', #4899, 1000.000000000000000 ) ;
#3427 = DIRECTION ( 'NONE',  ( -1.000000000000000000, -0.000000000000000000, -0.000000000000000000 ) ) ;
#3428 = EDGE_CURVE ( 'NONE', #5674, #7520, #5816, .T. ) ;
#3429 = LINE ( 'NONE', #4136, #4162 ) ;
#3430 = DIRECTION ( 'NONE',  ( -1.000000000000000000, -0.000000000000000000, -0.000000000000000000 ) ) ;
#3431 = VECTOR ( 'NONE', #341, 1000.000000000000114 ) ;
#3432 = AXIS2_PLACEMENT_3D ( 'NONE', #5873, #2019, #702 ) ;
#3433 = EDGE_LOOP ( 'NONE', ( #33, #3863, #6725, #5766, #7034, #4339 ) ) ;
#3434 = DIRECTION ( 'NONE',  ( -0.3420201433256687684, 0.9396926207859083169, -0.000000000000000000 ) ) ;
#3435 = VERTEX_POINT ( 'NONE', #3053 ) ;
#3436 = CARTESIAN_POINT ( 'NONE',  ( -2.695000000000002061, -3.969999999999997087, 2.244999999999999662 ) ) ;
#3437 = ADVANCED_FACE ( 'NONE', ( #4942 ), #2606, .F. ) ;
#3438 = FACE_OUTER_BOUND ( 'NONE', #3074, .T. ) ;
#3439 = VECTOR ( 'NONE', #7186, 1000.000000000000000 ) ;
#3440 = AXIS2_PLACEMENT_3D ( 'NONE', #6755, #2407, #7773 ) ;
#3441 = LINE ( 'NONE', #5935, #2595 ) ;
#3442 = VERTEX_POINT ( 'NONE', #4327 ) ;
#3443 = DIRECTION ( 'NONE',  ( -0.000000000000000000, 0.1736481776669237531, -0.9848077530122092416 ) ) ;
#3444 = EDGE_CURVE ( 'NONE', #4021, #2778, #6829, .T. ) ;
#3445 = EDGE_LOOP ( 'NONE', ( #4980, #1839, #7155, #3894 ) ) ;
#3446 = EDGE_LOOP ( 'NONE', ( #5141, #5564, #3717, #5242 ) ) ;
#3447 = EDGE_CURVE ( 'NONE', #3555, #8056, #1094, .T. ) ;
#3448 = CIRCLE ( 'NONE', #4758, 0.2000000000000002054 ) ;
#3449 = ORIENTED_EDGE ( 'NONE', *, *, #927, .F. ) ;
#3450 = CARTESIAN_POINT ( 'NONE',  ( 10.00999999999999979, 3.200000000000002398, -2.250000000000000888 ) ) ;
#3451 = DIRECTION ( 'NONE',  ( -1.000000000000000000, -0.000000000000000000, -0.000000000000000000 ) ) ;
#3452 = SURFACE_SIDE_STYLE ('',( #4154 ) ) ;
#3453 = CARTESIAN_POINT ( 'NONE',  ( -4.165000000000000036, 0.6007327293374460364, 6.820925388376824827 ) ) ;
#3454 = CARTESIAN_POINT ( 'NONE',  ( 4.924999999999998934, -3.969999999999997087, 1.834999999999999742 ) ) ;
#3455 = SURFACE_STYLE_FILL_AREA ( #247 ) ;
#3456 = ORIENTED_EDGE ( 'NONE', *, *, #6141, .F. ) ;
#3457 = EDGE_CURVE ( 'NONE', #187, #1954, #5025, .T. ) ;
#3458 = AXIS2_PLACEMENT_3D ( 'NONE', #6696, #7866, #2268 ) ;
#3459 = CARTESIAN_POINT ( 'NONE',  ( -5.435000000000001386, -3.420504516109077908, 2.244999999999999662 ) ) ;
#3460 = CARTESIAN_POINT ( 'NONE',  ( -5.994999999999998330, 0.1969615506024410823, 6.749729635533386229 ) ) ;
#3461 = DIRECTION ( 'NONE',  ( 1.000000000000000000, 0.000000000000000000, 0.000000000000000000 ) ) ;
#3462 = CARTESIAN_POINT ( 'NONE',  ( 7.974999999999999645, 1.775124120931223182, 0.2849929109493209989 ) ) ;
#3463 = ORIENTED_EDGE ( 'NONE', *, *, #4960, .T. ) ;
#3464 = AXIS2_PLACEMENT_3D ( 'NONE', #385, #1572, #7991 ) ;
#3465 = CARTESIAN_POINT ( 'NONE',  ( -3.454999999999999627, 1.935118803897821982, 0.2049999999999997380 ) ) ;
#3466 = AXIS2_PLACEMENT_3D ( 'NONE', #6373, #4574, #6541 ) ;
#3467 = ORIENTED_EDGE ( 'NONE', *, *, #5284, .F. ) ;
#3468 = ORIENTED_EDGE ( 'NONE', *, *, #80, .F. ) ;
#3469 = DIRECTION ( 'NONE',  ( 0.000000000000000000, 0.000000000000000000, 1.000000000000000000 ) ) ;
#3470 = LINE ( 'NONE', #2316, #1774 ) ;
#3471 = DIRECTION ( 'NONE',  ( -1.000000000000000000, -0.000000000000000000, -0.000000000000000000 ) ) ;
#3472 = DIRECTION ( 'NONE',  ( 0.000000000000000000, 0.000000000000000000, -1.000000000000000000 ) ) ;
#3473 = CIRCLE ( 'NONE', #6738, 1.905000000000000027 ) ;
#3474 = CARTESIAN_POINT ( 'NONE',  ( -0.9149999999999991473, 1.935118803897821982, 0.2049999999999998213 ) ) ;
#3475 = FACE_OUTER_BOUND ( 'NONE', #6082, .T. ) ;
#3476 = ORIENTED_EDGE ( 'NONE', *, *, #6602, .T. ) ;
#3477 = ADVANCED_FACE ( 'NONE', ( #6986 ), #2147, .F. ) ;
#3478 = LINE ( 'NONE', #4834, #1758 ) ;
#3479 = EDGE_LOOP ( 'NONE', ( #6500, #1734, #7791, #2489 ) ) ;
#3480 = FACE_OUTER_BOUND ( 'NONE', #6750, .T. ) ;
#3481 = LINE ( 'NONE', #5976, #5442 ) ;
#3482 = CARTESIAN_POINT ( 'NONE',  ( 4.165000000000000924, 0.000000000000000000, 6.715000000000002522 ) ) ;
#3483 = ORIENTED_EDGE ( 'NONE', *, *, #5060, .F. ) ;
#3484 = LINE ( 'NONE', #7375, #1792 ) ;
#3485 = ORIENTED_EDGE ( 'NONE', *, *, #6806, .T. ) ;
#3486 = VERTEX_POINT ( 'NONE', #826 ) ;
#3487 = ORIENTED_EDGE ( 'NONE', *, *, #7678, .T. ) ;
#3488 = CARTESIAN_POINT ( 'NONE',  ( 8.535000000000000142, -3.260504516109076434, 7.325000000000001066 ) ) ;
#3489 = CIRCLE ( 'NONE', #2704, 0.6099999999999997646 ) ;
#3490 = DIRECTION ( 'NONE',  ( -1.000000000000000000, -0.000000000000000000, -0.000000000000000000 ) ) ;
#3491 = DIRECTION ( 'NONE',  ( 0.000000000000000000, -0.000000000000000000, 1.000000000000000000 ) ) ;
#3492 = LINE ( 'NONE', #372, #1658 ) ;
#3493 = ORIENTED_EDGE ( 'NONE', *, *, #5457, .F. ) ;
#3494 = ADVANCED_FACE ( 'NONE', ( #3999 ), #4043, .F. ) ;
#3495 = CLOSED_SHELL ( 'NONE', ( #5126, #2747, #2922, #1543, #3245, #2956, #291, #4057, #3571, #985, #6962, #5452, #5101, #3084, #3185, #1891 ) ) ;
#3496 = ORIENTED_EDGE ( 'NONE', *, *, #6703, .T. ) ;
#3497 = VECTOR ( 'NONE', #6490, 1000.000000000000000 ) ;
#3498 = ADVANCED_FACE ( 'NONE', ( #7740 ), #1527, .F. ) ;
#3499 = CARTESIAN_POINT ( 'NONE',  ( -9.849012804078867589, 14.03932887347835923, -0.9388645059500262402 ) ) ;
#3500 = DIRECTION ( 'NONE',  ( -1.000000000000000000, -0.000000000000000000, -0.000000000000000000 ) ) ;
#3501 = CARTESIAN_POINT ( 'NONE',  ( -5.435000000000001386, 1.775124120931223182, 0.2849929109493203883 ) ) ;
#3502 = CARTESIAN_POINT ( 'NONE',  ( -0.9149999999999991473, -3.260504516109076434, 6.915000000000000924 ) ) ;
#3503 = ADVANCED_FACE ( 'NONE', ( #6415 ), #5232, .F. ) ;
#3504 = AXIS2_PLACEMENT_3D ( 'NONE', #5656, #3233, #25 ) ;
#3505 = EDGE_CURVE ( 'NONE', #2195, #7249, #2807, .T. ) ;
#3506 = CARTESIAN_POINT ( 'NONE',  ( -2.185000000000001386, 0.4879837830481246197, 2.001021621604571532 ) ) ;
#3507 = AXIS2_PLACEMENT_3D ( 'NONE', #925, #1049, #6721 ) ;
#3508 = ORIENTED_EDGE ( 'NONE', *, *, #437, .T. ) ;
#3509 = VERTEX_POINT ( 'NONE', #1358 ) ;
#3510 = VECTOR ( 'NONE', #8127, 1000.000000000000000 ) ;
#3511 = CARTESIAN_POINT ( 'NONE',  ( 0.3549999999999994271, 1.447135020849696474, 0.03897837839542857286 ) ) ;
#3512 = CARTESIAN_POINT ( 'NONE',  ( 8.535000000000000142, 1.738157253295379956, 0.3702703644666157645 ) ) ;
#3513 = DIRECTION ( 'NONE',  ( -0.000000000000000000, 1.000000000000000000, 1.285735975631406781E-16 ) ) ;
#3514 = CARTESIAN_POINT ( 'NONE',  ( -5.994999999999998330, -3.260504516109076434, 7.325000000000000178 ) ) ;
#3515 = CIRCLE ( 'NONE', #6530, 0.1999999999999996503 ) ;
#3516 = PLANE ( 'NONE',  #5981 ) ;
#3517 = CARTESIAN_POINT ( 'NONE',  ( 10.00999999999999979, 14.00999999999999801, -2.250000000000000888 ) ) ;
#3518 = AXIS2_PLACEMENT_3D ( 'NONE', #5125, #6968, #3397 ) ;
#3519 = VERTEX_POINT ( 'NONE', #3255 ) ;
#3520 = FACE_OUTER_BOUND ( 'NONE', #1851, .T. ) ;
#3521 = ORIENTED_EDGE ( 'NONE', *, *, #2387, .T. ) ;
#3522 = CARTESIAN_POINT ( 'NONE',  ( -4.165000000000000036, 0.000000000000000000, 6.915000000000000924 ) ) ;
#3523 = CARTESIAN_POINT ( 'NONE',  ( -4.725000000000001421, 0.4879837830481246197, 2.001021621604571532 ) ) ;
#3524 = EDGE_LOOP ( 'NONE', ( #5862, #5077, #2611, #98 ) ) ;
#3525 = VECTOR ( 'NONE', #5730, 1000.000000000000114 ) ;
#3526 = CARTESIAN_POINT ( 'NONE',  ( -9.758905572953572971, 3.200000000000001954, -0.2049999999999997380 ) ) ;
#3527 = EDGE_CURVE ( 'NONE', #118, #5412, #7605, .T. ) ;
#3528 = ORIENTED_EDGE ( 'NONE', *, *, #769, .T. ) ;
#3529 = EDGE_LOOP ( 'NONE', ( #7635, #571, #8081, #2811 ) ) ;
#3530 = ORIENTED_EDGE ( 'NONE', *, *, #4358, .F. ) ;
#3531 = DIRECTION ( 'NONE',  ( 0.000000000000000000, -0.000000000000000000, -1.000000000000000000 ) ) ;
#3532 = DIRECTION ( 'NONE',  ( 0.000000000000000000, 1.000000000000000000, 2.571471951262813563E-16 ) ) ;
#3533 = CARTESIAN_POINT ( 'NONE',  ( -7.265000000000000568, 1.447135020849696696, 0.03897837839542812183 ) ) ;
#3534 = VERTEX_POINT ( 'NONE', #5751 ) ;
#3535 = FACE_OUTER_BOUND ( 'NONE', #2087, .T. ) ;
#3536 = CYLINDRICAL_SURFACE ( 'NONE', #4304, 0.2000000000000002054 ) ;
#3537 = FACE_OUTER_BOUND ( 'NONE', #3604, .T. ) ;
#3538 = EDGE_CURVE ( 'NONE', #693, #4987, #7112, .T. ) ;
#3539 = DIRECTION ( 'NONE',  ( -0.000000000000000000, -0.000000000000000000, 1.000000000000000000 ) ) ;
#3540 = ADVANCED_FACE ( 'NONE', ( #787 ), #867, .F. ) ;
#3541 = VERTEX_POINT ( 'NONE', #5148 ) ;
#3542 = EDGE_CURVE ( 'NONE', #1850, #193, #167, .T. ) ;
#3543 = FACE_OUTER_BOUND ( 'NONE', #5648, .T. ) ;
#3544 = ADVANCED_FACE ( 'NONE', ( #2725 ), #7652, .F. ) ;
#3545 = CARTESIAN_POINT ( 'NONE',  ( -8.534999999999998366, 3.200000000000001954, 0.2049999999999995159 ) ) ;
#3546 = CARTESIAN_POINT ( 'NONE',  ( 4.724999999999999645, 3.200000000000001954, 0.2050000000000002098 ) ) ;
#3547 = VECTOR ( 'NONE', #673, 1000.000000000000000 ) ;
#3548 = DIRECTION ( 'NONE',  ( 0.000000000000000000, 0.000000000000000000, -1.000000000000000000 ) ) ;
#3549 = DIRECTION ( 'NONE',  ( 1.000000000000000000, 0.000000000000000000, 0.000000000000000000 ) ) ;
#3550 = VERTEX_POINT ( 'NONE', #1402 ) ;
#3551 = DIRECTION ( 'NONE',  ( -0.1218693434051412727, 0.000000000000000000, 0.9925461516413227603 ) ) ;
#3552 = ORIENTED_EDGE ( 'NONE', *, *, #1687, .T. ) ;
#3553 = DIRECTION ( 'NONE',  ( 0.000000000000000000, 1.000000000000000000, 1.092395136005547166E-16 ) ) ;
#3554 = ADVANCED_FACE ( 'NONE', ( #252 ), #3915, .F. ) ;
#3555 = VERTEX_POINT ( 'NONE', #5190 ) ;
#3556 = DIRECTION ( 'NONE',  ( 0.000000000000000000, 0.000000000000000000, -1.000000000000000000 ) ) ;
#3557 = CARTESIAN_POINT ( 'NONE',  ( -2.185000000000001386, -3.420504516109076132, 2.244999999999999662 ) ) ;
#3558 = DIRECTION ( 'NONE',  ( -0.000000000000000000, 0.6000354452533958050, -0.7999734148329924466 ) ) ;
#3559 = AXIS2_PLACEMENT_3D ( 'NONE', #6080, #1109, #3005 ) ;
#3560 = AXIS2_PLACEMENT_3D ( 'NONE', #1609, #1684, #1065 ) ;
#3561 = VERTEX_POINT ( 'NONE', #7694 ) ;
#3562 = ORIENTED_EDGE ( 'NONE', *, *, #6297, .F. ) ;
#3563 = VERTEX_POINT ( 'NONE', #2064 ) ;
#3564 = DIRECTION ( 'NONE',  ( 0.000000000000000000, 0.000000000000000000, -1.000000000000000000 ) ) ;
#3565 = COLOUR_RGB ( '',0.7921568627450980005, 0.8196078431372548767, 0.9333333333333333481 ) ;
#3566 = AXIS2_PLACEMENT_3D ( 'NONE', #7595, #7730, #112 ) ;
#3567 = CARTESIAN_POINT ( 'NONE',  ( 9.245000000000000995, 3.200000000000001954, -0.2049999999999992939 ) ) ;
#3568 = DIRECTION ( 'NONE',  ( 0.000000000000000000, -2.184790272011094332E-16, 1.000000000000000000 ) ) ;
#3569 = CYLINDRICAL_SURFACE ( 'NONE', #1663, 0.1999999999999996503 ) ;
#3570 = ORIENTED_EDGE ( 'NONE', *, *, #3687, .F. ) ;
#3571 = ADVANCED_FACE ( 'NONE', ( #1440 ), #2766, .F. ) ;
#3572 = FACE_OUTER_BOUND ( 'NONE', #6042, .T. ) ;
#3573 = PRESENTATION_STYLE_ASSIGNMENT (( #6624 ) ) ;
#3574 = DIRECTION ( 'NONE',  ( 1.000000000000000000, 0.000000000000000000, 0.000000000000000000 ) ) ;
#3575 = DIRECTION ( 'NONE',  ( -0.000000000000000000, 1.000000000000000000, -0.000000000000000000 ) ) ;
#3576 = DIRECTION ( 'NONE',  ( 0.000000000000000000, -1.000000000000000000, -2.571471951262813563E-16 ) ) ;
#3577 = CIRCLE ( 'NONE', #6988, 0.6099999999999985434 ) ;
#3578 = ORIENTED_EDGE ( 'NONE', *, *, #1719, .T. ) ;
#3579 = LINE ( 'NONE', #7242, #2142 ) ;
#3580 = CARTESIAN_POINT ( 'NONE',  ( -7.775000000000001243, -3.969999999999997087, 1.834999999999999298 ) ) ;
#3581 = DIRECTION ( 'NONE',  ( 0.000000000000000000, 0.000000000000000000, 1.000000000000000000 ) ) ;
#3582 = EDGE_CURVE ( 'NONE', #3919, #2446, #6457, .T. ) ;
#3583 = LINE ( 'NONE', #7917, #6874 ) ;
#3584 = VECTOR ( 'NONE', #7019, 1000.000000000000114 ) ;
#3585 = PLANE ( 'NONE',  #4813 ) ;
#3586 = ORIENTED_EDGE ( 'NONE', *, *, #442, .F. ) ;
#3587 = AXIS2_PLACEMENT_3D ( 'NONE', #296, #2104, #3870 ) ;
#3588 = DIRECTION ( 'NONE',  ( -1.000000000000000000, -0.000000000000000000, 0.000000000000000000 ) ) ;
#3589 = EDGE_CURVE ( 'NONE', #6169, #278, #7664, .T. ) ;
#3590 = EDGE_CURVE ( 'NONE', #7529, #6359, #5388, .T. ) ;
#3591 = ORIENTED_EDGE ( 'NONE', *, *, #7309, .T. ) ;
#3592 = CARTESIAN_POINT ( 'NONE',  ( -1.624999999999999778, 3.200000000000001954, 0.2049999999999998490 ) ) ;
#3593 = ORIENTED_EDGE ( 'NONE', *, *, #7858, .F. ) ;
#3594 = CIRCLE ( 'NONE', #45, 0.6099999999999992095 ) ;
#3595 = CARTESIAN_POINT ( 'NONE',  ( 9.245000000000000995, 0.000000000000000000, 6.915000000000001812 ) ) ;
#3596 = EDGE_CURVE ( 'NONE', #3047, #149, #1032, .T. ) ;
#3597 = LINE ( 'NONE', #5115, #1069 ) ;
#3598 = DIRECTION ( 'NONE',  ( -1.000000000000000000, -0.000000000000000000, 0.000000000000000000 ) ) ;
#3599 = DIRECTION ( 'NONE',  ( -0.000000000000000000, 1.000000000000000000, -4.011848926865882589E-17 ) ) ;
#3600 = EDGE_CURVE ( 'NONE', #361, #7414, #378, .T. ) ;
#3601 = ADVANCED_FACE ( 'NONE', ( #3537 ), #6580, .F. ) ;
#3602 = CIRCLE ( 'NONE', #2690, 0.6099999999999985434 ) ;
#3603 = ORIENTED_EDGE ( 'NONE', *, *, #5508, .T. ) ;
#3604 = EDGE_LOOP ( 'NONE', ( #4097, #3806, #3786, #3844 ) ) ;
#3605 = VERTEX_POINT ( 'NONE', #1611 ) ;
#3606 = CARTESIAN_POINT ( 'NONE',  ( -3.454999999999999627, 0.000000000000000000, 7.325000000000000178 ) ) ;
#3607 = VECTOR ( 'NONE', #5064, 1000.000000000000000 ) ;
#3608 = CARTESIAN_POINT ( 'NONE',  ( -4.725000000000001421, 0.000000000000000000, 1.835000000000000187 ) ) ;
#3609 = DIRECTION ( 'NONE',  ( 0.3420201433256713774, 0.9396926207859073177, -0.000000000000000000 ) ) ;
#3610 = DIRECTION ( 'NONE',  ( -0.000000000000000000, 0.6000354452533958050, -0.7999734148329924466 ) ) ;
#3611 = ORIENTED_EDGE ( 'NONE', *, *, #7729, .F. ) ;
#3612 = ORIENTED_EDGE ( 'NONE', *, *, #4249, .T. ) ;
#3613 = CARTESIAN_POINT ( 'NONE',  ( 0.9150000000000009237, 1.334386074560374835, 0.2990746116231766671 ) ) ;
#3614 = DIRECTION ( 'NONE',  ( 0.000000000000000000, 0.000000000000000000, -1.000000000000000000 ) ) ;
#3615 = DIRECTION ( 'NONE',  ( 0.000000000000000000, -1.000000000000000000, -2.571471951262813563E-16 ) ) ;
#3616 = VECTOR ( 'NONE', #5022, 1000.000000000000000 ) ;
#3617 = DIRECTION ( 'NONE',  ( 0.000000000000000000, -0.6000354452533959160, 0.7999734148329924466 ) ) ;
#3618 = EDGE_CURVE ( 'NONE', #2501, #623, #7908, .T. ) ;
#3619 = VECTOR ( 'NONE', #3430, 1000.000000000000000 ) ;
#3620 = ORIENTED_EDGE ( 'NONE', *, *, #6591, .T. ) ;
#3621 = DIRECTION ( 'NONE',  ( -1.000000000000000000, -0.000000000000000000, -0.000000000000000000 ) ) ;
#3622 = PLANE ( 'NONE',  #7554 ) ;
#3623 = CARTESIAN_POINT ( 'NONE',  ( 1.114999999999999769, -3.809999999999997389, 7.325000000000001066 ) ) ;
#3624 = VECTOR ( 'NONE', #4248, 1000.000000000000000 ) ;
#3625 = CARTESIAN_POINT ( 'NONE',  ( 1.625000000000001332, 0.000000000000000000, 6.715000000000002522 ) ) ;
#3626 = CARTESIAN_POINT ( 'NONE',  ( 5.995000000000000107, 1.334386074560374835, 0.2990746116231768892 ) ) ;
#3627 = DIRECTION ( 'NONE',  ( 0.000000000000000000, -1.000000000000000000, -1.285735975631406781E-16 ) ) ;
#3628 = ORIENTED_EDGE ( 'NONE', *, *, #109, .F. ) ;
#3629 = FACE_OUTER_BOUND ( 'NONE', #3769, .T. ) ;
#3630 = VECTOR ( 'NONE', #3075, 1000.000000000000227 ) ;
#3631 = ORIENTED_EDGE ( 'NONE', *, *, #7561, .F. ) ;
#3632 = CARTESIAN_POINT ( 'NONE',  ( -9.045000000000001705, -3.809999999999997389, 6.915000000000000924 ) ) ;
#3633 = EDGE_LOOP ( 'NONE', ( #6482, #5509, #2913, #6638, #5365, #4773 ) ) ;
#3634 = VECTOR ( 'NONE', #5977, 1000.000000000000000 ) ;
#3635 = DIRECTION ( 'NONE',  ( 0.3420201433256698231, -0.9396926207859079838, -1.026515648286830928E-16 ) ) ;
#3636 = LINE ( 'NONE', #1742, #1993 ) ;
#3637 = CARTESIAN_POINT ( 'NONE',  ( 5.434999999999998721, 1.935118803897821982, 0.2049999999999998768 ) ) ;
#3638 = ADVANCED_FACE ( 'NONE', ( #6737 ), #7193, .T. ) ;
#3639 = DIRECTION ( 'NONE',  ( 0.000000000000000000, 0.000000000000000000, 1.000000000000000000 ) ) ;
#3640 = VECTOR ( 'NONE', #251, 1000.000000000000000 ) ;
#3641 = ORIENTED_EDGE ( 'NONE', *, *, #3724, .T. ) ;
#3642 = EDGE_CURVE ( 'NONE', #4029, #773, #7276, .T. ) ;
#3643 = VERTEX_POINT ( 'NONE', #1568 ) ;
#3644 = ORIENTED_EDGE ( 'NONE', *, *, #7345, .F. ) ;
#3645 = LINE ( 'NONE', #6143, #528 ) ;
#3646 = EDGE_CURVE ( 'NONE', #5900, #507, #4125, .T. ) ;
#3647 = EDGE_CURVE ( 'NONE', #2729, #4840, #6626, .T. ) ;
#3648 = VECTOR ( 'NONE', #3490, 1000.000000000000000 ) ;
#3649 = DIRECTION ( 'NONE',  ( 0.000000000000000000, 0.1736481776669237254, -0.9848077530122092416 ) ) ;
#3650 = DIRECTION ( 'NONE',  ( 0.000000000000000000, 0.000000000000000000, -1.000000000000000000 ) ) ;
#3651 = LINE ( 'NONE', #524, #740 ) ;
#3652 = ORIENTED_EDGE ( 'NONE', *, *, #6759, .T. ) ;
#3653 = EDGE_LOOP ( 'NONE', ( #7504, #4148, #6846, #954 ) ) ;
#3654 = VERTEX_POINT ( 'NONE', #1718 ) ;
#3655 =( NAMED_UNIT ( * ) PLANE_ANGLE_UNIT ( ) SI_UNIT ( $, .RADIAN. ) );
#3656 = CARTESIAN_POINT ( 'NONE',  ( 5.995000000000000107, 0.000000000000000000, 6.915000000000001812 ) ) ;
#3657 = LINE ( 'NONE', #3816, #5178 ) ;
#3658 =( NAMED_UNIT ( * ) PLANE_ANGLE_UNIT ( ) SI_UNIT ( $, .RADIAN. ) );
#3659 = ORIENTED_EDGE ( 'NONE', *, *, #3741, .F. ) ;
#3660 = CARTESIAN_POINT ( 'NONE',  ( -4.165000000000000036, -3.260504516109076434, 6.915000000000000924 ) ) ;
#3661 = FACE_OUTER_BOUND ( 'NONE', #3421, .T. ) ;
#3662 = LINE ( 'NONE', #3709, #7624 ) ;
#3663 = AXIS2_PLACEMENT_3D ( 'NONE', #7691, #5789, #249 ) ;
#3664 = DIRECTION ( 'NONE',  ( 0.000000000000000000, 0.000000000000000000, 1.000000000000000000 ) ) ;
#3665 = CARTESIAN_POINT ( 'NONE',  ( 3.455000000000000515, 1.334386074560374613, 0.2990746116231766116 ) ) ;
#3666 = LINE ( 'NONE', #1, #2584 ) ;
#3667 = CARTESIAN_POINT ( 'NONE',  ( 1.625000000000001332, 0.000000000000000000, 7.325000000000001066 ) ) ;
#3668 = EDGE_LOOP ( 'NONE', ( #5453, #4577, #3971, #1158 ) ) ;
#3669 = VECTOR ( 'NONE', #5975, 1000.000000000000000 ) ;
#3670 = CARTESIAN_POINT ( 'NONE',  ( 7.264999999999999680, 3.200000000000001954, 0.2050000000000003209 ) ) ;
#3671 = VERTEX_POINT ( 'NONE', #1067 ) ;
#3672 = FACE_OUTER_BOUND ( 'NONE', #5665, .T. ) ;
#3673 = EDGE_CURVE ( 'NONE', #5070, #2325, #4733, .T. ) ;
#3674 = CARTESIAN_POINT ( 'NONE',  ( -2.185000000000001386, 3.200000000000001954, -0.2049999999999997380 ) ) ;
#3675 = CARTESIAN_POINT ( 'NONE',  ( -8.534999999999998366, 1.334386074560374613, 0.2990746116231760010 ) ) ;
#3676 = EDGE_LOOP ( 'NONE', ( #5953, #5860, #932, #268, #3088, #1748 ) ) ;
#3677 = CARTESIAN_POINT ( 'NONE',  ( 4.165000000000000924, -3.260504516109076434, 6.915000000000001812 ) ) ;
#3678 = AXIS2_PLACEMENT_3D ( 'NONE', #2340, #4267, #3531 ) ;
#3679 = ORIENTED_EDGE ( 'NONE', *, *, #7097, .F. ) ;
#3680 = EDGE_LOOP ( 'NONE', ( #2883, #6609, #1310, #5480 ) ) ;
#3681 = EDGE_LOOP ( 'NONE', ( #6367, #4307, #2642, #1913 ) ) ;
#3682 = EDGE_CURVE ( 'NONE', #5481, #8006, #990, .T. ) ;
#3683 = DIRECTION ( 'NONE',  ( -0.000000000000000000, 1.000000000000000000, 0.000000000000000000 ) ) ;
#3684 = VECTOR ( 'NONE', #6040, 1000.000000000000000 ) ;
#3685 = AXIS2_PLACEMENT_3D ( 'NONE', #4859, #1657, #1574 ) ;
#3686 = CARTESIAN_POINT ( 'NONE',  ( 2.894999999999999130, 3.200000000000001954, 0.2050000000000000711 ) ) ;
#3687 = EDGE_CURVE ( 'NONE', #2741, #669, #6665, .T. ) ;
#3688 = LINE ( 'NONE', #488, #2427 ) ;
#3689 = ORIENTED_EDGE ( 'NONE', *, *, #8018, .F. ) ;
#3690 = FACE_OUTER_BOUND ( 'NONE', #7634, .T. ) ;
#3691 = EDGE_CURVE ( 'NONE', #693, #6863, #7829, .T. ) ;
#3692 = VERTEX_POINT ( 'NONE', #7315 ) ;
#3693 = VERTEX_POINT ( 'NONE', #495 ) ;
#3694 = DIRECTION ( 'NONE',  ( -0.3420201433256687684, 0.9396926207859083169, -0.000000000000000000 ) ) ;
#3695 = AXIS2_PLACEMENT_3D ( 'NONE', #5768, #4462, #846 ) ;
#3696 = STYLED_ITEM ( 'NONE', ( #3082 ), #2560 ) ;
#3697 = ORIENTED_EDGE ( 'NONE', *, *, #5046, .F. ) ;
#3698 = EDGE_CURVE ( 'NONE', #6387, #5682, #5311, .T. ) ;
#3699 = CARTESIAN_POINT ( 'NONE',  ( 8.535000000000000142, 0.000000000000000000, 6.715000000000002522 ) ) ;
#3700 = DIRECTION ( 'NONE',  ( -1.000000000000000000, -0.000000000000000000, -0.000000000000000000 ) ) ;
#3701 = LINE ( 'NONE', #4361, #7134 ) ;
#3702 = AXIS2_PLACEMENT_3D ( 'NONE', #6936, #5781, #2673 ) ;
#3703 = CARTESIAN_POINT ( 'NONE',  ( -1.425000000000000933, -3.809999999999997389, 7.325000000000000178 ) ) ;
#3704 = ADVANCED_FACE ( 'NONE', ( #4818 ), #5958, .F. ) ;
#3705 = EDGE_LOOP ( 'NONE', ( #6833, #3393, #3578, #5714, #6420, #6295, #4594, #4864, #5550, #710, #4534, #6963 ) ) ;
#3706 = VERTEX_POINT ( 'NONE', #7869 ) ;
#3707 = CARTESIAN_POINT ( 'NONE',  ( -5.994999999999998330, 0.000000000000000000, 6.915000000000000924 ) ) ;
#3708 = CARTESIAN_POINT ( 'NONE',  ( 4.165000000000000924, 1.935118803897821982, -0.2049999999999997102 ) ) ;
#3709 = CARTESIAN_POINT ( 'NONE',  ( -5.994999999999998330, 1.738157253295379956, 0.3702703644666150429 ) ) ;
#3710 = DIRECTION ( 'NONE',  ( 0.000000000000000000, 0.000000000000000000, 1.000000000000000000 ) ) ;
#3711 = CARTESIAN_POINT ( 'NONE',  ( -4.725000000000001421, 3.200000000000001954, 0.2049999999999997380 ) ) ;
#3712 = DIRECTION ( 'NONE',  ( -1.000000000000000000, -0.000000000000000000, -0.000000000000000000 ) ) ;
#3713 = ORIENTED_EDGE ( 'NONE', *, *, #827, .F. ) ;
#3714 = DIRECTION ( 'NONE',  ( 0.7071067811865513475, 0.7071067811865435759, 0.000000000000000000 ) ) ;
#3715 = ORIENTED_EDGE ( 'NONE', *, *, #5891, .T. ) ;
#3716 = CARTESIAN_POINT ( 'NONE',  ( -6.505000000000000782, -3.809999999999997389, 7.325000000000000178 ) ) ;
#3717 = ORIENTED_EDGE ( 'NONE', *, *, #5432, .F. ) ;
#3718 = CIRCLE ( 'NONE', #7383, 0.6099999999999999867 ) ;
#3719 = LINE ( 'NONE', #714, #6035 ) ;
#3720 = CARTESIAN_POINT ( 'NONE',  ( 7.974999999999999645, 1.935118803897821982, 0.4050000000000003042 ) ) ;
#3721 = DIRECTION ( 'NONE',  ( -1.000000000000000000, -0.000000000000000000, -0.000000000000000000 ) ) ;
#3722 = EDGE_CURVE ( 'NONE', #7947, #5788, #7944, .T. ) ;
#3723 = DIRECTION ( 'NONE',  ( 0.3420201433256687684, -0.9396926207859083169, 0.000000000000000000 ) ) ;
#3724 = EDGE_CURVE ( 'NONE', #781, #1052, #6280, .T. ) ;
#3725 = ORIENTED_EDGE ( 'NONE', *, *, #431, .T. ) ;
#3726 = AXIS2_PLACEMENT_3D ( 'NONE', #3751, #628, #6249 ) ;
#3727 = VERTEX_POINT ( 'NONE', #4320 ) ;
#3728 = ORIENTED_EDGE ( 'NONE', *, *, #78, .T. ) ;
#3729 = FACE_OUTER_BOUND ( 'NONE', #7939, .T. ) ;
#3730 = DIRECTION ( 'NONE',  ( -1.000000000000000000, -0.000000000000000000, -0.000000000000000000 ) ) ;
#3731 = CARTESIAN_POINT ( 'NONE',  ( -2.185000000000001386, 0.000000000000000000, 1.635000000000000453 ) ) ;
#3732 = CIRCLE ( 'NONE', #1236, 0.6099999999999989875 ) ;
#3733 = LINE ( 'NONE', #3118, #745 ) ;
#3734 = VERTEX_POINT ( 'NONE', #3127 ) ;
#3735 = ORIENTED_EDGE ( 'NONE', *, *, #4155, .T. ) ;
#3736 = EDGE_LOOP ( 'NONE', ( #2559, #6230, #5697, #645 ) ) ;
#3737 = VECTOR ( 'NONE', #6095, 1000.000000000000114 ) ;
#3738 = LINE ( 'NONE', #530, #1455 ) ;
#3739 = DIRECTION ( 'NONE',  ( 0.000000000000000000, -0.6000354452533959160, 0.7999734148329924466 ) ) ;
#3740 = DIRECTION ( 'NONE',  ( -0.000000000000000000, -0.000000000000000000, 1.000000000000000000 ) ) ;
#3741 = EDGE_CURVE ( 'NONE', #2295, #6429, #3657, .T. ) ;
#3742 = SURFACE_SIDE_STYLE ('',( #533 ) ) ;
#3743 = VERTEX_POINT ( 'NONE', #1272 ) ;
#3744 = EDGE_LOOP ( 'NONE', ( #354, #6845, #3351, #1414 ) ) ;
#3745 = EDGE_CURVE ( 'NONE', #771, #6823, #6777, .T. ) ;
#3746 = PLANE ( 'NONE',  #4544 ) ;
#3747 = PRESENTATION_STYLE_ASSIGNMENT (( #8149 ) ) ;
#3748 = EDGE_CURVE ( 'NONE', #623, #2950, #1148, .T. ) ;
#3749 = EDGE_CURVE ( 'NONE', #3929, #7126, #575, .T. ) ;
#3750 = DIRECTION ( 'NONE',  ( -0.000000000000000000, -0.000000000000000000, 1.000000000000000000 ) ) ;
#3751 = CARTESIAN_POINT ( 'NONE',  ( -0.3550000000000002598, 1.935118803897821982, 0.4049999999999999711 ) ) ;
#3752 = VECTOR ( 'NONE', #6551, 1000.000000000000000 ) ;
#3753 = CARTESIAN_POINT ( 'NONE',  ( -3.454999999999999627, 1.334386074560374835, 0.2990746116231763896 ) ) ;
#3754 = EDGE_LOOP ( 'NONE', ( #3885, #2875, #4835, #5252, #7546, #4878, #920, #6512, #4316, #3907, #3910, #1170 ) ) ;
#3755 = DIRECTION ( 'NONE',  ( -0.000000000000000000, 1.000000000000000000, 2.184790272011093839E-16 ) ) ;
#3756 = ORIENTED_EDGE ( 'NONE', *, *, #5693, .F. ) ;
#3757 = VECTOR ( 'NONE', #7570, 1000.000000000000000 ) ;
#3758 = DIRECTION ( 'NONE',  ( 0.000000000000000000, 0.000000000000000000, -1.000000000000000000 ) ) ;
#3759 = VERTEX_POINT ( 'NONE', #5506 ) ;
#3760 = CARTESIAN_POINT ( 'NONE',  ( 6.705000000000000959, 0.000000000000000000, 6.715000000000002522 ) ) ;
#3761 = PLANE ( 'NONE',  #7910 ) ;
#3762 = DIRECTION ( 'NONE',  ( -1.000000000000000000, -0.000000000000000000, -0.000000000000000000 ) ) ;
#3763 = ORIENTED_EDGE ( 'NONE', *, *, #1928, .T. ) ;
#3764 = EDGE_LOOP ( 'NONE', ( #317, #4618, #3570, #2004 ) ) ;
#3765 = CARTESIAN_POINT ( 'NONE',  ( -2.695000000000002061, -3.969999999999997087, 1.834999999999999520 ) ) ;
#3766 = VECTOR ( 'NONE', #1591, 1000.000000000000000 ) ;
#3767 = EDGE_LOOP ( 'NONE', ( #6678, #6598, #2685, #6528, #3228, #7080 ) ) ;
#3768 = AXIS2_PLACEMENT_3D ( 'NONE', #97, #5200, #1949 ) ;
#3769 = EDGE_LOOP ( 'NONE', ( #4393, #8048, #434, #3350 ) ) ;
#3770 = ORIENTED_EDGE ( 'NONE', *, *, #1587, .T. ) ;
#3771 = DIRECTION ( 'NONE',  ( 0.000000000000000000, 0.000000000000000000, -1.000000000000000000 ) ) ;
#3772 = EDGE_CURVE ( 'NONE', #4383, #6680, #5623, .T. ) ;
#3773 = PLANE ( 'NONE',  #7053 ) ;
#3774 = AXIS2_PLACEMENT_3D ( 'NONE', #8062, #5662, #2428 ) ;
#3775 = CARTESIAN_POINT ( 'NONE',  ( -7.265000000000000568, 3.200000000000001954, 0.2049999999999996270 ) ) ;
#3776 = ORIENTED_EDGE ( 'NONE', *, *, #2542, .T. ) ;
#3777 = PRESENTATION_STYLE_ASSIGNMENT (( #1800 ) ) ;
#3778 = ORIENTED_EDGE ( 'NONE', *, *, #4788, .F. ) ;
#3779 = VECTOR ( 'NONE', #1835, 1000.000000000000000 ) ;
#3780 = SURFACE_SIDE_STYLE ('',( #493 ) ) ;
#3781 = EDGE_CURVE ( 'NONE', #7352, #2770, #2385, .T. ) ;
#3782 = CARTESIAN_POINT ( 'NONE',  ( 9.457469475936953529, 3.451094427046427437, 2.250000000000000444 ) ) ;
#3783 = DIRECTION ( 'NONE',  ( -0.000000000000000000, 1.000000000000000000, 1.285735975631406781E-16 ) ) ;
#3784 = DIRECTION ( 'NONE',  ( 0.000000000000000000, 0.000000000000000000, 1.000000000000000000 ) ) ;
#3785 = EDGE_LOOP ( 'NONE', ( #7855, #955, #934, #5859 ) ) ;
#3786 = ORIENTED_EDGE ( 'NONE', *, *, #338, .F. ) ;
#3787 = CARTESIAN_POINT ( 'NONE',  ( 1.625000000000001332, -3.809999999999997389, 7.325000000000001066 ) ) ;
#3788 = EDGE_CURVE ( 'NONE', #986, #5070, #2023, .T. ) ;
#3789 = PLANE ( 'NONE',  #7146 ) ;
#3790 = DIRECTION ( 'NONE',  ( 0.000000000000000000, -1.000000000000000000, -1.092395136005546919E-16 ) ) ;
#3791 = DIRECTION ( 'NONE',  ( -0.000000000000000000, -0.000000000000000000, 1.000000000000000000 ) ) ;
#3792 = EDGE_CURVE ( 'NONE', #3706, #2719, #532, .T. ) ;
#3793 = ORIENTED_EDGE ( 'NONE', *, *, #8021, .T. ) ;
#3794 = CARTESIAN_POINT ( 'NONE',  ( 7.974999999999999645, 1.935118803897821982, 0.2049999999999999878 ) ) ;
#3795 = EDGE_CURVE ( 'NONE', #6368, #568, #3004, .T. ) ;
#3796 = VERTEX_POINT ( 'NONE', #6157 ) ;
#3797 = CARTESIAN_POINT ( 'NONE',  ( -4.165000000000000036, 0.000000000000000000, 7.325000000000000178 ) ) ;
#3798 = ORIENTED_EDGE ( 'NONE', *, *, #808, .F. ) ;
#3799 = LINE ( 'NONE', #6296, #2775 ) ;
#3800 = DIRECTION ( 'NONE',  ( -1.000000000000000000, -0.000000000000000000, -0.000000000000000000 ) ) ;
#3801 = DIRECTION ( 'NONE',  ( -1.000000000000000000, -0.000000000000000000, 0.000000000000000000 ) ) ;
#3802 = VERTEX_POINT ( 'NONE', #4278 ) ;
#3803 = PLANE ( 'NONE',  #2462 ) ;
#3804 = EDGE_CURVE ( 'NONE', #4763, #3886, #3161, .T. ) ;
#3805 = VERTEX_POINT ( 'NONE', #7474 ) ;
#3806 = ORIENTED_EDGE ( 'NONE', *, *, #4114, .F. ) ;
#3807 = CARTESIAN_POINT ( 'NONE',  ( -4.165000000000000036, 3.200000000000001954, -0.2049999999999998490 ) ) ;
#3808 = AXIS2_PLACEMENT_3D ( 'NONE', #2093, #3986, #2834 ) ;
#3809 = PLANE ( 'NONE',  #4831 ) ;
#3810 = CARTESIAN_POINT ( 'NONE',  ( -9.244999999999999218, 0.6007327293374460364, 6.820925388376824827 ) ) ;
#3811 = ORIENTED_EDGE ( 'NONE', *, *, #5081, .T. ) ;
#3812 = CARTESIAN_POINT ( 'NONE',  ( -0.3550000000000002598, 0.000000000000000000, 1.834999999999999964 ) ) ;
#3813 = ORIENTED_EDGE ( 'NONE', *, *, #232, .T. ) ;
#3814 = VECTOR ( 'NONE', #5278, 1000.000000000000000 ) ;
#3815 = LINE ( 'NONE', #7684, #680 ) ;
#3816 = CARTESIAN_POINT ( 'NONE',  ( -7.265000000000000568, 1.447135020849696474, 0.03897837839542823285 ) ) ;
#3817 = VERTEX_POINT ( 'NONE', #5545 ) ;
#3818 = ORIENTED_EDGE ( 'NONE', *, *, #120, .T. ) ;
#3819 = EDGE_LOOP ( 'NONE', ( #108, #6025, #1375, #8147 ) ) ;
#3820 = EDGE_CURVE ( 'NONE', #707, #4559, #1926, .T. ) ;
#3821 = CARTESIAN_POINT ( 'NONE',  ( 5.434999999999998721, 0.000000000000000000, 1.635000000000000675 ) ) ;
#3822 = FILL_AREA_STYLE_COLOUR ( '', #2781 ) ;
#3823 = PRESENTATION_LAYER_ASSIGNMENT (  '', '', ( #541 ) ) ;
#3824 = CIRCLE ( 'NONE', #6589, 0.1999999999999996503 ) ;
#3825 = CARTESIAN_POINT ( 'NONE',  ( -9.244999999999999218, -3.260504516109076434, 7.325000000000000178 ) ) ;
#3826 = DIRECTION ( 'NONE',  ( 0.000000000000000000, 0.000000000000000000, 1.000000000000000000 ) ) ;
#3827 = FACE_OUTER_BOUND ( 'NONE', #1012, .T. ) ;
#3828 = ORIENTED_EDGE ( 'NONE', *, *, #7357, .F. ) ;
#3829 = LINE ( 'NONE', #3959, #6508 ) ;
#3830 = VERTEX_POINT ( 'NONE', #2429 ) ;
#3831 = CARTESIAN_POINT ( 'NONE',  ( 6.705000000000000959, 3.200000000000001954, 0.2050000000000002098 ) ) ;
#3832 = VERTEX_POINT ( 'NONE', #1232 ) ;
#3833 = AXIS2_PLACEMENT_3D ( 'NONE', #7984, #1683, #5425 ) ;
#3834 = DIRECTION ( 'NONE',  ( -0.000000000000000000, 0.9848077530122092416, 0.1736481776669237809 ) ) ;
#3835 = LINE ( 'NONE', #6342, #5012 ) ;
#3836 = EDGE_CURVE ( 'NONE', #4697, #5941, #8142, .T. ) ;
#3837 = DIRECTION ( 'NONE',  ( -1.000000000000000000, -0.000000000000000000, -0.000000000000000000 ) ) ;
#3838 = ORIENTED_EDGE ( 'NONE', *, *, #1274, .F. ) ;
#3839 = LINE ( 'NONE', #7711, #4405 ) ;
#3840 = EDGE_CURVE ( 'NONE', #7512, #7544, #1889, .T. ) ;
#3841 = AXIS2_PLACEMENT_3D ( 'NONE', #1248, #1123, #638 ) ;
#3842 = EDGE_LOOP ( 'NONE', ( #7493, #5850, #4992, #1502 ) ) ;
#3843 = ADVANCED_FACE ( 'NONE', ( #6902 ), #6939, .T. ) ;
#3844 = ORIENTED_EDGE ( 'NONE', *, *, #5449, .T. ) ;
#3845 = DIRECTION ( 'NONE',  ( 0.000000000000000000, 0.000000000000000000, -1.000000000000000000 ) ) ;
#3846 = CARTESIAN_POINT ( 'NONE',  ( -0.9149999999999991473, -3.260504516109076434, 6.915000000000000924 ) ) ;
#3847 = EDGE_CURVE ( 'NONE', #515, #2905, #6195, .T. ) ;
#3848 = DIRECTION ( 'NONE',  ( 1.000000000000000000, 0.000000000000000000, -0.000000000000000000 ) ) ;
#3849 = EDGE_CURVE ( 'NONE', #6283, #7385, #3701, .T. ) ;
#3850 = AXIS2_PLACEMENT_3D ( 'NONE', #4323, #6318, #6740 ) ;
#3851 = CYLINDRICAL_SURFACE ( 'NONE', #6118, 0.1999999999999996503 ) ;
#3852 = VECTOR ( 'NONE', #1241, 1000.000000000000114 ) ;
#3853 = ORIENTED_EDGE ( 'NONE', *, *, #6406, .T. ) ;
#3854 = ORIENTED_EDGE ( 'NONE', *, *, #769, .F. ) ;
#3855 = CARTESIAN_POINT ( 'NONE',  ( -8.534999999999998366, 1.738157253295379956, 0.3702703644666149319 ) ) ;
#3856 = ORIENTED_EDGE ( 'NONE', *, *, #22, .F. ) ;
#3857 = DIRECTION ( 'NONE',  ( -0.000000000000000000, 1.000000000000000000, 2.184790272011093839E-16 ) ) ;
#3858 = VECTOR ( 'NONE', #6003, 1000.000000000000114 ) ;
#3859 = CARTESIAN_POINT ( 'NONE',  ( -2.185000000000001386, 3.200000000000001954, 0.2049999999999998490 ) ) ;
#3860 = LINE ( 'NONE', #1887, #6787 ) ;
#3861 = CARTESIAN_POINT ( 'NONE',  ( -4.725000000000001421, 3.200000000000001954, -0.2049999999999998490 ) ) ;
#3862 = CARTESIAN_POINT ( 'NONE',  ( -1.425000000000000933, -3.809999999999997389, 6.915000000000000924 ) ) ;
#3863 = ORIENTED_EDGE ( 'NONE', *, *, #3332, .T. ) ;
#3864 = ORIENTED_EDGE ( 'NONE', *, *, #6754, .F. ) ;
#3865 = VECTOR ( 'NONE', #6059, 1000.000000000000000 ) ;
#3866 = ORIENTED_EDGE ( 'NONE', *, *, #5744, .T. ) ;
#3867 = DIRECTION ( 'NONE',  ( 0.000000000000000000, 0.000000000000000000, 1.000000000000000000 ) ) ;
#3868 = CARTESIAN_POINT ( 'NONE',  ( -6.704999999999999183, 3.200000000000001954, 0.2049999999999996270 ) ) ;
#3869 = LINE ( 'NONE', #6372, #4664 ) ;
#3870 = DIRECTION ( 'NONE',  ( 0.000000000000000000, -1.000000000000000000, -1.285735975631406781E-16 ) ) ;
#3871 = ADVANCED_FACE ( 'NONE', ( #6238 ), #3208, .F. ) ;
#3872 = ORIENTED_EDGE ( 'NONE', *, *, #2016, .T. ) ;
#3873 = CYLINDRICAL_SURFACE ( 'NONE', #2927, 0.6099999999999989875 ) ;
#3874 = VERTEX_POINT ( 'NONE', #160 ) ;
#3875 = FACE_OUTER_BOUND ( 'NONE', #6103, .T. ) ;
#3876 = ORIENTED_EDGE ( 'NONE', *, *, #1957, .F. ) ;
#3877 = CARTESIAN_POINT ( 'NONE',  ( -9.244999999999999218, 3.200000000000001954, 0.2049999999999995159 ) ) ;
#3878 = AXIS2_PLACEMENT_3D ( 'NONE', #6290, #1860, #668 ) ;
#3879 = CARTESIAN_POINT ( 'NONE',  ( -6.704999999999999183, 1.334386074560374613, 0.2990746116231761120 ) ) ;
#3880 = CARTESIAN_POINT ( 'NONE',  ( 0.3549999999999994271, 0.000000000000000000, 1.834999999999999964 ) ) ;
#3881 = ORIENTED_EDGE ( 'NONE', *, *, #5393, .F. ) ;
#3882 = CARTESIAN_POINT ( 'NONE',  ( -4.725000000000001421, -3.420504516109076132, 1.834999999999999520 ) ) ;
#3883 = CIRCLE ( 'NONE', #2965, 0.2000000000000003719 ) ;
#3884 = VECTOR ( 'NONE', #4290, 1000.000000000000000 ) ;
#3885 = ORIENTED_EDGE ( 'NONE', *, *, #779, .F. ) ;
#3886 = VERTEX_POINT ( 'NONE', #6444 ) ;
#3887 = DIRECTION ( 'NONE',  ( 0.000000000000000000, -0.000000000000000000, 1.000000000000000000 ) ) ;
#3888 = ADVANCED_FACE ( 'NONE', ( #5261 ), #6366, .F. ) ;
#3889 = CIRCLE ( 'NONE', #4167, 0.6099999999999996536 ) ;
#3890 = DIRECTION ( 'NONE',  ( -1.000000000000000000, -0.000000000000000000, -0.000000000000000000 ) ) ;
#3891 = CARTESIAN_POINT ( 'NONE',  ( -3.454999999999999627, 0.6007327293374460364, 6.820925388376824827 ) ) ;
#3892 = ADVANCED_FACE ( 'NONE', ( #5825 ), #2716, .F. ) ;
#3893 = AXIS2_PLACEMENT_3D ( 'NONE', #1823, #6263, #8125 ) ;
#3894 = ORIENTED_EDGE ( 'NONE', *, *, #3820, .F. ) ;
#3895 = VERTEX_POINT ( 'NONE', #7143 ) ;
#3896 = EDGE_CURVE ( 'NONE', #2071, #6620, #7809, .T. ) ;
#3897 = AXIS2_PLACEMENT_3D ( 'NONE', #56, #8088, #4417 ) ;
#3898 = SURFACE_STYLE_USAGE ( .BOTH. , #1385 ) ;
#3899 = EDGE_CURVE ( 'NONE', #8006, #8121, #7732, .T. ) ;
#3900 = EDGE_LOOP ( 'NONE', ( #6179, #2118, #3100, #7131, #99, #6276, #6522, #5463, #6401, #7073, #267, #4297 ) ) ;
#3901 = DIRECTION ( 'NONE',  ( 0.000000000000000000, 0.000000000000000000, -1.000000000000000000 ) ) ;
#3902 = AXIS2_PLACEMENT_3D ( 'NONE', #6496, #2187, #6540 ) ;
#3903 = CARTESIAN_POINT ( 'NONE',  ( -5.435000000000001386, 0.000000000000000000, 1.834999999999999742 ) ) ;
#3904 = CARTESIAN_POINT ( 'NONE',  ( -7.265000000000000568, 1.935118803897821982, -0.2050000000000001543 ) ) ;
#3905 = LINE ( 'NONE', #3990, #2419 ) ;
#3906 = FILL_AREA_STYLE ('',( #2011 ) ) ;
#3907 = ORIENTED_EDGE ( 'NONE', *, *, #3428, .F. ) ;
#3908 = ORIENTED_EDGE ( 'NONE', *, *, #8045, .F. ) ;
#3909 = COLOUR_RGB ( '',0.2509803921568627416, 0.2509803921568627416, 0.2509803921568627416 ) ;
#3910 = ORIENTED_EDGE ( 'NONE', *, *, #78, .F. ) ;
#3911 = EDGE_CURVE ( 'NONE', #3400, #2656, #6489, .T. ) ;
#3912 = FACE_OUTER_BOUND ( 'NONE', #739, .T. ) ;
#3913 = CARTESIAN_POINT ( 'NONE',  ( -4.725000000000001421, 0.000000000000000000, 1.635000000000000231 ) ) ;
#3914 = DIRECTION ( 'NONE',  ( 1.000000000000000000, 0.000000000000000000, 0.000000000000000000 ) ) ;
#3915 = PLANE ( 'NONE',  #5560 ) ;
#3916 = VECTOR ( 'NONE', #147, 1000.000000000000000 ) ;
#3917 = ORIENTED_EDGE ( 'NONE', *, *, #3188, .T. ) ;
#3918 = DIRECTION ( 'NONE',  ( -0.000000000000000000, 0.6000354452533958050, -0.7999734148329924466 ) ) ;
#3919 = VERTEX_POINT ( 'NONE', #6977 ) ;
#3920 = ORIENTED_EDGE ( 'NONE', *, *, #137, .T. ) ;
#3921 = DIRECTION ( 'NONE',  ( 0.000000000000000000, 0.000000000000000000, 1.000000000000000000 ) ) ;
#3922 = LINE ( 'NONE', #1492, #7688 ) ;
#3923 = CARTESIAN_POINT ( 'NONE',  ( -0.3550000000000002598, 1.935118803897821982, 0.2049999999999996547 ) ) ;
#3924 = FACE_OUTER_BOUND ( 'NONE', #3186, .T. ) ;
#3925 = DIRECTION ( 'NONE',  ( 0.000000000000000000, 0.000000000000000000, -1.000000000000000000 ) ) ;
#3926 = VERTEX_POINT ( 'NONE', #6407 ) ;
#3927 = ORIENTED_EDGE ( 'NONE', *, *, #1327, .F. ) ;
#3928 = CARTESIAN_POINT ( 'NONE',  ( 7.264999999999999680, 0.000000000000000000, 1.835000000000000409 ) ) ;
#3929 = VERTEX_POINT ( 'NONE', #5097 ) ;
#3930 = ADVANCED_FACE ( 'NONE', ( #778 ), #2597, .F. ) ;
#3931 = ORIENTED_EDGE ( 'NONE', *, *, #3039, .F. ) ;
#3932 = CARTESIAN_POINT ( 'NONE',  ( -2.185000000000001386, 3.200000000000001954, 0.2049999999999998490 ) ) ;
#3933 = DIRECTION ( 'NONE',  ( -1.000000000000000000, -0.000000000000000000, -0.000000000000000000 ) ) ;
#3934 = LINE ( 'NONE', #5814, #4966 ) ;
#3935 = CARTESIAN_POINT ( 'NONE',  ( 4.165000000000000924, -3.260504516109076434, 0.4050000000000003042 ) ) ;
#3936 = EDGE_LOOP ( 'NONE', ( #7660, #4962, #5283, #7764 ) ) ;
#3937 = EDGE_CURVE ( 'NONE', #2730, #6803, #1633, .T. ) ;
#3938 = VERTEX_POINT ( 'NONE', #2009 ) ;
#3939 = ORIENTED_EDGE ( 'NONE', *, *, #2352, .F. ) ;
#3940 = CARTESIAN_POINT ( 'NONE',  ( 8.535000000000000142, 0.000000000000000000, 6.915000000000001812 ) ) ;
#3941 = AXIS2_PLACEMENT_3D ( 'NONE', #6020, #2869, #2288 ) ;
#3942 = EDGE_CURVE ( 'NONE', #7177, #2071, #5743, .T. ) ;
#3943 = CARTESIAN_POINT ( 'NONE',  ( -5.994999999999998330, 3.200000000000001954, -0.2049999999999999878 ) ) ;
#3944 = DIRECTION ( 'NONE',  ( -0.000000000000000000, 0.7999734148329924466, 0.6000354452533958050 ) ) ;
#3945 = DIRECTION ( 'NONE',  ( -1.000000000000000000, -0.000000000000000000, -0.000000000000000000 ) ) ;
#3946 = ADVANCED_FACE ( 'NONE', ( #1967 ), #114, .F. ) ;
#3947 = FILL_AREA_STYLE_COLOUR ( '', #4614 ) ;
#3948 = EDGE_CURVE ( 'NONE', #4365, #851, #3732, .T. ) ;
#3949 = ORIENTED_EDGE ( 'NONE', *, *, #4800, .T. ) ;
#3950 = MECHANICAL_DESIGN_GEOMETRIC_PRESENTATION_REPRESENTATION (  '', ( #6435 ), #6304 ) ;
#3951 = EDGE_CURVE ( 'NONE', #1342, #3190, #3905, .T. ) ;
#3952 = CYLINDRICAL_SURFACE ( 'NONE', #2040, 0.1999999999999996503 ) ;
#3953 = LINE ( 'NONE', #5268, #4615 ) ;
#3954 = CARTESIAN_POINT ( 'NONE',  ( -2.185000000000001386, 0.000000000000000000, 1.635000000000000453 ) ) ;
#3955 = CARTESIAN_POINT ( 'NONE',  ( -10.00999999999999979, 3.451094427046427437, -2.249999999999999112 ) ) ;
#3956 = VECTOR ( 'NONE', #213, 1000.000000000000000 ) ;
#3957 = PRESENTATION_LAYER_ASSIGNMENT (  '', '', ( #2516 ) ) ;
#3958 = EDGE_CURVE ( 'NONE', #5937, #6142, #3594, .T. ) ;
#3959 = CARTESIAN_POINT ( 'NONE',  ( 0.9150000000000009237, -3.260504516109076434, 7.325000000000001066 ) ) ;
#3960 = ORIENTED_EDGE ( 'NONE', *, *, #3039, .T. ) ;
#3961 = ORIENTED_EDGE ( 'NONE', *, *, #6908, .F. ) ;
#3962 = DIRECTION ( 'NONE',  ( 0.000000000000000000, -0.000000000000000000, 1.000000000000000000 ) ) ;
#3963 = AXIS2_PLACEMENT_3D ( 'NONE', #3720, #5605, #5036 ) ;
#3964 = ORIENTED_EDGE ( 'NONE', *, *, #7353, .T. ) ;
#3965 = CARTESIAN_POINT ( 'NONE',  ( -10.00999999999999979, 17.77000000000003510, -0.6999999999999990674 ) ) ;
#3966 = PLANE ( 'NONE',  #2412 ) ;
#3967 = CARTESIAN_POINT ( 'NONE',  ( 0.9150000000000009237, 3.200000000000001954, 0.2049999999999999600 ) ) ;
#3968 = ORIENTED_EDGE ( 'NONE', *, *, #2647, .T. ) ;
#3969 = DIRECTION ( 'NONE',  ( -1.000000000000000000, -0.000000000000000000, -0.000000000000000000 ) ) ;
#3970 = VECTOR ( 'NONE', #2201, 1000.000000000000000 ) ;
#3971 = ORIENTED_EDGE ( 'NONE', *, *, #2193, .F. ) ;
#3972 = ORIENTED_EDGE ( 'NONE', *, *, #5488, .T. ) ;
#3973 = DIRECTION ( 'NONE',  ( 0.000000000000000000, 0.000000000000000000, 1.000000000000000000 ) ) ;
#3974 = LINE ( 'NONE', #7087, #3301 ) ;
#3975 = EDGE_CURVE ( 'NONE', #7611, #6564, #5181, .T. ) ;
#3976 = FACE_OUTER_BOUND ( 'NONE', #2782, .T. ) ;
#3977 = VERTEX_POINT ( 'NONE', #4568 ) ;
#3978 = CARTESIAN_POINT ( 'NONE',  ( -4.725000000000001421, 1.447135020849696474, 0.03897837839542834387 ) ) ;
#3979 = EDGE_CURVE ( 'NONE', #946, #3796, #2160, .T. ) ;
#3980 = VECTOR ( 'NONE', #5348, 1000.000000000000000 ) ;
#3981 = ORIENTED_EDGE ( 'NONE', *, *, #4253, .F. ) ;
#3982 = VERTEX_POINT ( 'NONE', #4603 ) ;
#3983 = VERTEX_POINT ( 'NONE', #3367 ) ;
#3984 = CARTESIAN_POINT ( 'NONE',  ( -10.00999999999999979, 3.451094427046427437, 2.249999999999999112 ) ) ;
#3985 = ORIENTED_EDGE ( 'NONE', *, *, #1541, .T. ) ;
#3986 = DIRECTION ( 'NONE',  ( -1.000000000000000000, -0.000000000000000000, -0.000000000000000000 ) ) ;
#3987 = AXIS2_PLACEMENT_3D ( 'NONE', #4007, #6338, #6503 ) ;
#3988 = CARTESIAN_POINT ( 'NONE',  ( -10.00999999999999979, 3.200000000000001954, -0.2049999999999999878 ) ) ;
#3989 = DIRECTION ( 'NONE',  ( 0.000000000000000000, -1.000000000000000000, 0.000000000000000000 ) ) ;
#3990 = CARTESIAN_POINT ( 'NONE',  ( 2.184999999999999609, 3.200000000000001954, -0.2049999999999995437 ) ) ;
#3991 = AXIS2_PLACEMENT_3D ( 'NONE', #5915, #1977, #2638 ) ;
#3992 = DIRECTION ( 'NONE',  ( 0.000000000000000000, -2.184790272011094332E-16, 1.000000000000000000 ) ) ;
#3993 = DIRECTION ( 'NONE',  ( 0.000000000000000000, 0.000000000000000000, 1.000000000000000000 ) ) ;
#3994 = ORIENTED_EDGE ( 'NONE', *, *, #3795, .F. ) ;
#3995 = CIRCLE ( 'NONE', #3205, 1.905000000000000027 ) ;
#3996 = DIRECTION ( 'NONE',  ( 0.000000000000000000, 0.000000000000000000, 1.000000000000000000 ) ) ;
#3997 = DIRECTION ( 'NONE',  ( 0.000000000000000000, 0.000000000000000000, -1.000000000000000000 ) ) ;
#3998 = CARTESIAN_POINT ( 'NONE',  ( -9.819683930600508148, 14.00999999999999801, -0.7000000000000002887 ) ) ;
#3999 = FACE_OUTER_BOUND ( 'NONE', #5572, .T. ) ;
#4000 = EDGE_CURVE ( 'NONE', #7503, #7385, #3473, .T. ) ;
#4001 = VECTOR ( 'NONE', #4350, 1000.000000000000000 ) ;
#4002 = DIRECTION ( 'NONE',  ( 0.000000000000000000, 0.000000000000000000, 1.000000000000000000 ) ) ;
#4003 = EDGE_CURVE ( 'NONE', #1103, #2382, #5379, .T. ) ;
#4004 = VERTEX_POINT ( 'NONE', #1602 ) ;
#4005 = ORIENTED_EDGE ( 'NONE', *, *, #3444, .F. ) ;
#4006 = EDGE_CURVE ( 'NONE', #6458, #6473, #7267, .T. ) ;
#4007 = CARTESIAN_POINT ( 'NONE',  ( 1.625000000000001332, 1.935118803897821982, 0.4050000000000001932 ) ) ;
#4008 = EDGE_CURVE ( 'NONE', #7462, #751, #1642, .T. ) ;
#4009 = LINE ( 'NONE', #7201, #2052 ) ;
#4010 = AXIS2_PLACEMENT_3D ( 'NONE', #4181, #6716, #6679 ) ;
#4011 = CARTESIAN_POINT ( 'NONE',  ( -0.1550000000000014977, -3.969999999999997087, 1.834999999999999520 ) ) ;
#4012 = CARTESIAN_POINT ( 'NONE',  ( 6.705000000000000959, 0.000000000000000000, 7.325000000000001066 ) ) ;
#4013 = CARTESIAN_POINT ( 'NONE',  ( 8.535000000000000142, 1.738157253295379956, 0.3702703644666157645 ) ) ;
#4014 = VERTEX_POINT ( 'NONE', #3453 ) ;
#4015 = CARTESIAN_POINT ( 'NONE',  ( -9.244999999999999218, 3.200000000000001954, 0.2049999999999995159 ) ) ;
#4016 = ORIENTED_EDGE ( 'NONE', *, *, #1636, .F. ) ;
#4017 = ORIENTED_EDGE ( 'NONE', *, *, #6911, .F. ) ;
#4018 = LINE ( 'NONE', #6518, #1575 ) ;
#4019 = CARTESIAN_POINT ( 'NONE',  ( -5.435000000000001386, 1.447135020849696696, 0.03897837839542823979 ) ) ;
#4020 = DIRECTION ( 'NONE',  ( 0.000000000000000000, 0.000000000000000000, 1.000000000000000000 ) ) ;
#4021 = VERTEX_POINT ( 'NONE', #7860 ) ;
#4022 = VECTOR ( 'NONE', #6707, 1000.000000000000000 ) ;
#4023 = CARTESIAN_POINT ( 'NONE',  ( -7.974999999999999645, 0.000000000000000000, 1.635000000000000231 ) ) ;
#4024 = AXIS2_PLACEMENT_3D ( 'NONE', #390, #3588, #2899 ) ;
#4025 = VECTOR ( 'NONE', #5828, 1000.000000000000000 ) ;
#4026 = EDGE_LOOP ( 'NONE', ( #3178, #6417, #1079, #2088 ) ) ;
#4027 = ORIENTED_EDGE ( 'NONE', *, *, #8104, .T. ) ;
#4028 = DIRECTION ( 'NONE',  ( 0.000000000000000000, 0.000000000000000000, -1.000000000000000000 ) ) ;
#4029 = VERTEX_POINT ( 'NONE', #6655 ) ;
#4030 = DIRECTION ( 'NONE',  ( -1.000000000000000000, -0.000000000000000000, -0.000000000000000000 ) ) ;
#4031 = AXIS2_PLACEMENT_3D ( 'NONE', #2203, #1660, #1042 ) ;
#4032 = DIRECTION ( 'NONE',  ( 0.000000000000000000, -1.000000000000000000, 0.000000000000000000 ) ) ;
#4033 = LINE ( 'NONE', #6488, #1676 ) ;
#4034 = CARTESIAN_POINT ( 'NONE',  ( 0.3549999999999994271, 0.000000000000000000, 1.835000000000000409 ) ) ;
#4035 = CARTESIAN_POINT ( 'NONE',  ( -6.194999999999999396, -3.809999999999997389, 7.325000000000000178 ) ) ;
#4036 = VECTOR ( 'NONE', #3357, 1000.000000000000227 ) ;
#4037 = ORIENTED_EDGE ( 'NONE', *, *, #5251, .T. ) ;
#4038 = AXIS2_PLACEMENT_3D ( 'NONE', #7042, #2736, #4625 ) ;
#4039 = ADVANCED_FACE ( 'NONE', ( #7819 ), #2799, .F. ) ;
#4040 = LINE ( 'NONE', #6983, #6722 ) ;
#4041 =( LENGTH_UNIT ( ) NAMED_UNIT ( * ) SI_UNIT ( .MILLI., .METRE. ) );
#4042 = CARTESIAN_POINT ( 'NONE',  ( 4.165000000000000924, 1.935118803897821982, 0.4050000000000003042 ) ) ;
#4043 = CYLINDRICAL_SURFACE ( 'NONE', #3991, 0.1999999999999996503 ) ;
#4044 = PRESENTATION_LAYER_ASSIGNMENT (  '', '', ( #7577 ) ) ;
#4045 = LINE ( 'NONE', #6543, #7228 ) ;
#4046 = ORIENTED_EDGE ( 'NONE', *, *, #5802, .T. ) ;
#4047 = EDGE_CURVE ( 'NONE', #7241, #4265, #5298, .T. ) ;
#4048 = VERTEX_POINT ( 'NONE', #7184 ) ;
#4049 = CARTESIAN_POINT ( 'NONE',  ( -3.454999999999999627, 0.000000000000000000, 6.915000000000000924 ) ) ;
#4050 = DIRECTION ( 'NONE',  ( 1.000000000000000000, 0.000000000000000000, 0.000000000000000000 ) ) ;
#4051 = VECTOR ( 'NONE', #5339, 1000.000000000000000 ) ;
#4052 = CARTESIAN_POINT ( 'NONE',  ( -9.045000000000001705, -3.809999999999997389, 7.325000000000000178 ) ) ;
#4053 = EDGE_CURVE ( 'NONE', #7529, #4793, #2304, .T. ) ;
#4054 = FACE_OUTER_BOUND ( 'NONE', #4068, .T. ) ;
#4055 = CARTESIAN_POINT ( 'NONE',  ( -2.185000000000001386, -3.420504516109076132, 1.834999999999999742 ) ) ;
#4056 = LINE ( 'NONE', #7286, #5839 ) ;
#4057 = ADVANCED_FACE ( 'NONE', ( #7899 ), #1561, .F. ) ;
#4058 = ORIENTED_EDGE ( 'NONE', *, *, #1982, .F. ) ;
#4059 = ORIENTED_EDGE ( 'NONE', *, *, #1264, .T. ) ;
#4060 = DIRECTION ( 'NONE',  ( 1.000000000000000000, 0.000000000000000000, 0.000000000000000000 ) ) ;
#4061 = CARTESIAN_POINT ( 'NONE',  ( -3.965000000000001634, -3.809999999999997389, 6.915000000000000924 ) ) ;
#4062 = LINE ( 'NONE', #2333, #6253 ) ;
#4063 = ORIENTED_EDGE ( 'NONE', *, *, #4000, .F. ) ;
#4064 = LINE ( 'NONE', #7632, #2455 ) ;
#4065 = ADVANCED_FACE ( 'NONE', ( #1711 ), #4809, .F. ) ;
#4066 = ORIENTED_EDGE ( 'NONE', *, *, #6153, .F. ) ;
#4067 = ORIENTED_EDGE ( 'NONE', *, *, #1181, .T. ) ;
#4068 = EDGE_LOOP ( 'NONE', ( #7406, #4922, #3057, #2669 ) ) ;
#4069 = DIRECTION ( 'NONE',  ( 0.000000000000000000, 0.000000000000000000, 1.000000000000000000 ) ) ;
#4070 = DIRECTION ( 'NONE',  ( 0.000000000000000000, 0.000000000000000000, -1.000000000000000000 ) ) ;
#4071 = DIRECTION ( 'NONE',  ( -1.000000000000000000, -0.000000000000000000, -0.000000000000000000 ) ) ;
#4072 = LINE ( 'NONE', #7341, #3081 ) ;
#4073 = CARTESIAN_POINT ( 'NONE',  ( 6.705000000000000959, 1.935118803897821982, 0.2050000000000001821 ) ) ;
#4074 = PRESENTATION_STYLE_ASSIGNMENT (( #7270 ) ) ;
#4075 = ORIENTED_EDGE ( 'NONE', *, *, #1228, .F. ) ;
#4076 = EDGE_LOOP ( 'NONE', ( #6436, #4841, #1664, #68 ) ) ;
#4077 = AXIS2_PLACEMENT_3D ( 'NONE', #4630, #7128, #1503 ) ;
#4078 = CARTESIAN_POINT ( 'NONE',  ( 5.434999999999998721, 1.935118803897821982, 0.4050000000000001932 ) ) ;
#4079 = CARTESIAN_POINT ( 'NONE',  ( 8.535000000000000142, 3.200000000000001954, 0.2050000000000003209 ) ) ;
#4080 = CARTESIAN_POINT ( 'NONE',  ( 9.245000000000000995, 1.738157253295379956, 0.3702703644666157645 ) ) ;
#4081 = DIRECTION ( 'NONE',  ( -1.000000000000000000, -0.000000000000000000, -0.000000000000000000 ) ) ;
#4082 = AXIS2_PLACEMENT_3D ( 'NONE', #5532, #1708, #2257 ) ;
#4083 = UNCERTAINTY_MEASURE_WITH_UNIT (LENGTH_MEASURE( 1.000000000000000082E-05 ), #3128, 'distance_accuracy_value', 'NONE');
#4084 = CARTESIAN_POINT ( 'NONE',  ( -2.895000000000000906, 0.000000000000000000, 2.245000000000000107 ) ) ;
#4085 = EDGE_CURVE ( 'NONE', #7385, #7503, #3995, .T. ) ;
#4086 = ORIENTED_EDGE ( 'NONE', *, *, #5727, .T. ) ;
#4087 = ORIENTED_EDGE ( 'NONE', *, *, #5314, .T. ) ;
#4088 = DIRECTION ( 'NONE',  ( -1.000000000000000000, -0.000000000000000000, -0.000000000000000000 ) ) ;
#4089 = CARTESIAN_POINT ( 'NONE',  ( 7.974999999999999645, 3.200000000000001954, 0.2050000000000003209 ) ) ;
#4090 = CARTESIAN_POINT ( 'NONE',  ( 2.894999999999999130, 1.935118803897821982, 0.4050000000000000822 ) ) ;
#4091 = STYLED_ITEM ( 'NONE', ( #1150 ), #7765 ) ;
#4092 = VECTOR ( 'NONE', #1447, 1000.000000000000000 ) ;
#4093 = CARTESIAN_POINT ( 'NONE',  ( -7.265000000000000568, -3.420504516109076132, 0.4049999999999995826 ) ) ;
#4094 = DIRECTION ( 'NONE',  ( -1.000000000000000000, -0.000000000000000000, -0.000000000000000000 ) ) ;
#4095 = CARTESIAN_POINT ( 'NONE',  ( 9.245000000000000995, 0.1969615506024410823, 6.749729635533387118 ) ) ;
#4096 = MECHANICAL_DESIGN_GEOMETRIC_PRESENTATION_REPRESENTATION (  '', ( #7367 ), #5921 ) ;
#4097 = ORIENTED_EDGE ( 'NONE', *, *, #535, .T. ) ;
#4098 = DIRECTION ( 'NONE',  ( -1.000000000000000000, -0.000000000000000000, -0.000000000000000000 ) ) ;
#4099 = ORIENTED_EDGE ( 'NONE', *, *, #7011, .F. ) ;
#4100 = LINE ( 'NONE', #2944, #400 ) ;
#4101 = EDGE_CURVE ( 'NONE', #6337, #3097, #4072, .T. ) ;
#4102 = CARTESIAN_POINT ( 'NONE',  ( 7.974999999999999645, 1.935118803897821982, -0.2049999999999994604 ) ) ;
#4103 = AXIS2_PLACEMENT_3D ( 'NONE', #6527, #1343, #7767 ) ;
#4104 = VECTOR ( 'NONE', #4955, 1000.000000000000114 ) ;
#4105 = CARTESIAN_POINT ( 'NONE',  ( 10.00999999999999979, 17.77000000000003510, -2.250000000000001332 ) ) ;
#4106 = ORIENTED_EDGE ( 'NONE', *, *, #7967, .F. ) ;
#4107 = EDGE_CURVE ( 'NONE', #5070, #2298, #2916, .T. ) ;
#4108 = DIRECTION ( 'NONE',  ( -1.000000000000000000, -0.000000000000000000, -0.000000000000000000 ) ) ;
#4109 = ORIENTED_EDGE ( 'NONE', *, *, #2941, .T. ) ;
#4110 = ADVANCED_FACE ( 'NONE', ( #7305 ), #1678, .F. ) ;
#4111 = EDGE_LOOP ( 'NONE', ( #4915, #5810, #7886, #4936 ) ) ;
#4112 = ORIENTED_EDGE ( 'NONE', *, *, #1124, .T. ) ;
#4113 = DIRECTION ( 'NONE',  ( -0.000000000000000000, 1.000000000000000000, 0.000000000000000000 ) ) ;
#4114 = EDGE_CURVE ( 'NONE', #5220, #2216, #2220, .T. ) ;
#4115 = ADVANCED_FACE ( 'NONE', ( #4192 ), #901, .F. ) ;
#4116 = DIRECTION ( 'NONE',  ( -1.000000000000000000, -0.000000000000000000, -0.000000000000000000 ) ) ;
#4117 = CARTESIAN_POINT ( 'NONE',  ( -1.624999999999999778, -3.260504516109076434, 7.325000000000000178 ) ) ;
#4118 = DIRECTION ( 'NONE',  ( -1.000000000000000000, 0.000000000000000000, -0.000000000000000000 ) ) ;
#4119 = CARTESIAN_POINT ( 'NONE',  ( 3.455000000000000515, 1.935118803897821982, -0.2049999999999997102 ) ) ;
#4120 = VERTEX_POINT ( 'NONE', #5461 ) ;
#4121 = AXIS2_PLACEMENT_3D ( 'NONE', #6294, #670, #5757 ) ;
#4122 = CARTESIAN_POINT ( 'NONE',  ( -0.9149999999999991473, 1.935118803897821982, -0.2049999999999999045 ) ) ;
#4123 = PLANE ( 'NONE',  #3560 ) ;
#4124 = DIRECTION ( 'NONE',  ( 0.000000000000000000, -1.000000000000000000, -1.285735975631406781E-16 ) ) ;
#4125 = LINE ( 'NONE', #4166, #4258 ) ;
#4126 = LINE ( 'NONE', #4084, #8029 ) ;
#4127 = AXIS2_PLACEMENT_3D ( 'NONE', #178, #3427, #5279 ) ;
#4128 = ORIENTED_EDGE ( 'NONE', *, *, #3911, .F. ) ;
#4129 = ORIENTED_EDGE ( 'NONE', *, *, #6189, .T. ) ;
#4130 = DIRECTION ( 'NONE',  ( -0.000000000000000000, 0.1736481776669237531, -0.9848077530122092416 ) ) ;
#4131 = CARTESIAN_POINT ( 'NONE',  ( -9.244999999999999218, 1.935118803897821982, -0.2050000000000002653 ) ) ;
#4132 = PLANE ( 'NONE',  #3685 ) ;
#4133 = EDGE_CURVE ( 'NONE', #7364, #7529, #7976, .T. ) ;
#4134 = LINE ( 'NONE', #2933, #5299 ) ;
#4135 = AXIS2_PLACEMENT_3D ( 'NONE', #3861, #3325, #5701 ) ;
#4136 = CARTESIAN_POINT ( 'NONE',  ( 4.165000000000000924, 0.000000000000000000, 6.915000000000001812 ) ) ;
#4137 = CARTESIAN_POINT ( 'NONE',  ( 1.625000000000001332, -3.260504516109076434, 7.325000000000001066 ) ) ;
#4138 = VECTOR ( 'NONE', #3434, 1000.000000000000227 ) ;
#4139 = ORIENTED_EDGE ( 'NONE', *, *, #3804, .T. ) ;
#4140 = CARTESIAN_POINT ( 'NONE',  ( 5.434999999999998721, -3.420504516109076132, 1.834999999999999964 ) ) ;
#4141 = ORIENTED_EDGE ( 'NONE', *, *, #501, .T. ) ;
#4142 = LINE ( 'NONE', #3595, #4208 ) ;
#4143 = DIRECTION ( 'NONE',  ( -1.000000000000000000, -0.000000000000000000, -0.000000000000000000 ) ) ;
#4144 = ORIENTED_EDGE ( 'NONE', *, *, #2045, .F. ) ;
#4145 = DIRECTION ( 'NONE',  ( 0.000000000000000000, 1.000000000000000000, 2.571471951262813563E-16 ) ) ;
#4146 = EDGE_LOOP ( 'NONE', ( #7811, #6980, #5235, #2833 ) ) ;
#4147 = VECTOR ( 'NONE', #5308, 1000.000000000000000 ) ;
#4148 = ORIENTED_EDGE ( 'NONE', *, *, #8014, .F. ) ;
#4149 = EDGE_LOOP ( 'NONE', ( #4264, #6612, #8119, #967 ) ) ;
#4150 = EDGE_CURVE ( 'NONE', #6408, #2831, #6088, .T. ) ;
#4151 = DIRECTION ( 'NONE',  ( 0.000000000000000000, -0.000000000000000000, -1.000000000000000000 ) ) ;
#4152 = CLOSED_SHELL ( 'NONE', ( #635, #3477, #3337, #1537, #978, #1351, #1601, #5157, #2974, #6151, #412, #7397, #8055, #5905, #4274, #3437 ) ) ;
#4153 = AXIS2_PLACEMENT_3D ( 'NONE', #7668, #1622, #2323 ) ;
#4154 = SURFACE_STYLE_FILL_AREA ( #1641 ) ;
#4155 = EDGE_CURVE ( 'NONE', #3550, #6564, #1175, .T. ) ;
#4156 = DIRECTION ( 'NONE',  ( 0.000000000000000000, 0.000000000000000000, 1.000000000000000000 ) ) ;
#4157 = LINE ( 'NONE', #7269, #7841 ) ;
#4158 = EDGE_CURVE ( 'NONE', #822, #5798, #2954, .T. ) ;
#4159 = VECTOR ( 'NONE', #6944, 1000.000000000000000 ) ;
#4160 = ORIENTED_EDGE ( 'NONE', *, *, #4426, .T. ) ;
#4161 = ORIENTED_EDGE ( 'NONE', *, *, #5143, .T. ) ;
#4162 = VECTOR ( 'NONE', #2321, 1000.000000000000000 ) ;
#4163 = CARTESIAN_POINT ( 'NONE',  ( -5.994999999999998330, 1.334386074560374613, 0.2990746116231761120 ) ) ;
#4164 = CARTESIAN_POINT ( 'NONE',  ( 0.3549999999999994271, 1.935118803897821982, 0.2049999999999996547 ) ) ;
#4165 = DIRECTION ( 'NONE',  ( 0.000000000000000000, 0.000000000000000000, -1.000000000000000000 ) ) ;
#4166 = CARTESIAN_POINT ( 'NONE',  ( -7.974999999999999645, 3.200000000000001954, 0.2049999999999996270 ) ) ;
#4167 = AXIS2_PLACEMENT_3D ( 'NONE', #892, #5856, #3399 ) ;
#4168 = DIRECTION ( 'NONE',  ( 0.000000000000000000, -1.000000000000000000, -1.092395136005546919E-16 ) ) ;
#4169 = ADVANCED_FACE ( 'NONE', ( #4313 ), #3116, .F. ) ;
#4170 = AXIS2_PLACEMENT_3D ( 'NONE', #6386, #2655, #799 ) ;
#4171 = VERTEX_POINT ( 'NONE', #2464 ) ;
#4172 = DIRECTION ( 'NONE',  ( 0.000000000000000000, 0.000000000000000000, 1.000000000000000000 ) ) ;
#4173 = DIRECTION ( 'NONE',  ( 0.000000000000000000, 0.000000000000000000, -1.000000000000000000 ) ) ;
#4174 = CARTESIAN_POINT ( 'NONE',  ( -7.265000000000000568, 0.000000000000000000, 2.244999999999999662 ) ) ;
#4175 = CARTESIAN_POINT ( 'NONE',  ( -7.265000000000000568, -3.420504516109076132, 2.244999999999999218 ) ) ;
#4176 = LINE ( 'NONE', #1540, #6524 ) ;
#4177 = ORIENTED_EDGE ( 'NONE', *, *, #5833, .F. ) ;
#4178 = LINE ( 'NONE', #307, #1382 ) ;
#4179 = VECTOR ( 'NONE', #5782, 1000.000000000000000 ) ;
#4180 = EDGE_LOOP ( 'NONE', ( #795, #5529, #4828, #6105, #1202, #4973, #5418, #2921, #3006, #4932, #3122, #2068 ) ) ;
#4181 = CARTESIAN_POINT ( 'NONE',  ( -4.725000000000001421, 3.200000000000001954, 0.2049999999999997380 ) ) ;
#4182 = ORIENTED_EDGE ( 'NONE', *, *, #5948, .T. ) ;
#4183 = CARTESIAN_POINT ( 'NONE',  ( -0.9149999999999991473, 0.000000000000000000, 6.915000000000000924 ) ) ;
#4184 = PLANE ( 'NONE',  #3507 ) ;
#4185 = LINE ( 'NONE', #2986, #7973 ) ;
#4186 = ADVANCED_FACE ( 'NONE', ( #2418 ), #6146, .F. ) ;
#4187 = VERTEX_POINT ( 'NONE', #6853 ) ;
#4188 = ORIENTED_EDGE ( 'NONE', *, *, #4797, .F. ) ;
#4189 = ORIENTED_EDGE ( 'NONE', *, *, #3138, .F. ) ;
#4190 = FACE_OUTER_BOUND ( 'NONE', #6196, .T. ) ;
#4191 = CARTESIAN_POINT ( 'NONE',  ( -5.235000000000002984, -3.969999999999997087, 1.834999999999999298 ) ) ;
#4192 = FACE_OUTER_BOUND ( 'NONE', #6516, .T. ) ;
#4193 = FACE_OUTER_BOUND ( 'NONE', #47, .T. ) ;
#4194 = VERTEX_POINT ( 'NONE', #8135 ) ;
#4195 = ADVANCED_FACE ( 'NONE', ( #523 ), #1099, .F. ) ;
#4196 = DIRECTION ( 'NONE',  ( 0.3420201433256698231, -0.9396926207859079838, -1.026515648286830928E-16 ) ) ;
#4197 = CARTESIAN_POINT ( 'NONE',  ( -0.3550000000000002598, 3.200000000000001954, -0.2049999999999996547 ) ) ;
#4198 = EDGE_CURVE ( 'NONE', #2730, #5674, #3688, .T. ) ;
#4199 = DIRECTION ( 'NONE',  ( -1.000000000000000000, -0.000000000000000000, -0.000000000000000000 ) ) ;
#4200 = DIRECTION ( 'NONE',  ( -0.9396926207859079838, -0.3420201433256698786, 0.000000000000000000 ) ) ;
#4201 = EDGE_CURVE ( 'NONE', #1394, #7462, #4792, .T. ) ;
#4202 = LINE ( 'NONE', #6585, #6309 ) ;
#4203 = EDGE_LOOP ( 'NONE', ( #3287, #7240, #3236, #6566 ) ) ;
#4204 = EDGE_CURVE ( 'NONE', #6256, #5052, #4968, .T. ) ;
#4205 = CARTESIAN_POINT ( 'NONE',  ( -3.454999999999999627, 0.000000000000000000, 6.715000000000001634 ) ) ;
#4206 = DIRECTION ( 'NONE',  ( 0.000000000000000000, -1.000000000000000000, -1.285735975631406781E-16 ) ) ;
#4207 = FACE_OUTER_BOUND ( 'NONE', #7680, .T. ) ;
#4208 = VECTOR ( 'NONE', #6643, 1000.000000000000000 ) ;
#4209 = EDGE_CURVE ( 'NONE', #1132, #3977, #565, .T. ) ;
#4210 = CARTESIAN_POINT ( 'NONE',  ( 5.434999999999998721, 0.000000000000000000, 2.245000000000000551 ) ) ;
#4211 = CARTESIAN_POINT ( 'NONE',  ( -0.9149999999999991473, 1.935118803897821982, 0.4050000000000000266 ) ) ;
#4212 = FACE_OUTER_BOUND ( 'NONE', #3680, .T. ) ;
#4213 = VERTEX_POINT ( 'NONE', #1219 ) ;
#4214 = CARTESIAN_POINT ( 'NONE',  ( -3.965000000000001634, -3.809999999999997389, 7.325000000000000178 ) ) ;
#4215 = VECTOR ( 'NONE', #7245, 1000.000000000000227 ) ;
#4216 = ORIENTED_EDGE ( 'NONE', *, *, #4443, .F. ) ;
#4217 = LINE ( 'NONE', #1088, #2236 ) ;
#4218 = FACE_OUTER_BOUND ( 'NONE', #480, .T. ) ;
#4219 = CARTESIAN_POINT ( 'NONE',  ( -0.9149999999999991473, 1.334386074560374835, 0.2990746116231765006 ) ) ;
#4220 = LINE ( 'NONE', #6757, #4940 ) ;
#4221 = PRESENTATION_LAYER_ASSIGNMENT (  '', '', ( #2252 ) ) ;
#4222 = STYLED_ITEM ( 'NONE', ( #3573 ), #2491 ) ;
#4223 = ORIENTED_EDGE ( 'NONE', *, *, #4446, .F. ) ;
#4224 = ORIENTED_EDGE ( 'NONE', *, *, #2794, .T. ) ;
#4225 = SHAPE_DEFINITION_REPRESENTATION ( #7501, #7633 ) ;
#4226 = VERTEX_POINT ( 'NONE', #3072 ) ;
#4227 = PLANE ( 'NONE',  #3417 ) ;
#4228 = AXIS2_PLACEMENT_3D ( 'NONE', #3106, #2492, #596 ) ;
#4229 = EDGE_CURVE ( 'NONE', #1801, #7756, #4883, .T. ) ;
#4230 = LINE ( 'NONE', #1677, #1409 ) ;
#4231 = DIRECTION ( 'NONE',  ( 0.000000000000000000, 0.000000000000000000, 1.000000000000000000 ) ) ;
#4232 = DIRECTION ( 'NONE',  ( 0.000000000000000000, 0.000000000000000000, -1.000000000000000000 ) ) ;
#4233 = PRESENTATION_LAYER_ASSIGNMENT (  '', '', ( #6183 ) ) ;
#4234 = ORIENTED_EDGE ( 'NONE', *, *, #4833, .F. ) ;
#4235 = SURFACE_STYLE_USAGE ( .BOTH. , #3780 ) ;
#4236 = DIRECTION ( 'NONE',  ( -1.000000000000000000, -0.000000000000000000, -0.000000000000000000 ) ) ;
#4237 = DIRECTION ( 'NONE',  ( 0.000000000000000000, -1.000000000000000000, 0.000000000000000000 ) ) ;
#4238 =( NAMED_UNIT ( * ) PLANE_ANGLE_UNIT ( ) SI_UNIT ( $, .RADIAN. ) );
#4239 = CIRCLE ( 'NONE', #5549, 0.6099999999999985434 ) ;
#4240 = ORIENTED_EDGE ( 'NONE', *, *, #1713, .T. ) ;
#4241 = LINE ( 'NONE', #5510, #2808 ) ;
#4242 = CARTESIAN_POINT ( 'NONE',  ( -5.435000000000001386, 1.935118803897821982, 0.4049999999999996936 ) ) ;
#4243 = ADVANCED_FACE ( 'NONE', ( #2506 ), #5008, .F. ) ;
#4244 = DIRECTION ( 'NONE',  ( -1.000000000000000000, -0.000000000000000000, -0.000000000000000000 ) ) ;
#4245 = CARTESIAN_POINT ( 'NONE',  ( -5.994999999999998330, -3.260504516109076434, 0.4049999999999998046 ) ) ;
#4246 = DIRECTION ( 'NONE',  ( 0.000000000000000000, 0.000000000000000000, 1.000000000000000000 ) ) ;
#4247 = VECTOR ( 'NONE', #3203, 1000.000000000000114 ) ;
#4248 = DIRECTION ( 'NONE',  ( 0.000000000000000000, -1.000000000000000000, 0.000000000000000000 ) ) ;
#4249 = EDGE_CURVE ( 'NONE', #1249, #4812, #1876, .T. ) ;
#4250 = VERTEX_POINT ( 'NONE', #6768 ) ;
#4251 = VECTOR ( 'NONE', #3826, 1000.000000000000000 ) ;
#4252 = FACE_OUTER_BOUND ( 'NONE', #3191, .T. ) ;
#4253 = EDGE_CURVE ( 'NONE', #2284, #7452, #1138, .T. ) ;
#4254 = EDGE_CURVE ( 'NONE', #2475, #6188, #7885, .T. ) ;
#4255 = ORIENTED_EDGE ( 'NONE', *, *, #993, .T. ) ;
#4256 = PLANE ( 'NONE',  #980 ) ;
#4257 = ORIENTED_EDGE ( 'NONE', *, *, #64, .T. ) ;
#4258 = VECTOR ( 'NONE', #3615, 1000.000000000000000 ) ;
#4259 = FACE_OUTER_BOUND ( 'NONE', #4977, .T. ) ;
#4260 = DIRECTION ( 'NONE',  ( 0.000000000000000000, -0.1736481776669237254, 0.9848077530122092416 ) ) ;
#4261 = DIRECTION ( 'NONE',  ( -1.000000000000000000, -0.000000000000000000, -0.000000000000000000 ) ) ;
#4262 = DIRECTION ( 'NONE',  ( 0.000000000000000000, 0.000000000000000000, 1.000000000000000000 ) ) ;
#4263 = AXIS2_PLACEMENT_3D ( 'NONE', #85, #4367, #3710 ) ;
#4264 = ORIENTED_EDGE ( 'NONE', *, *, #7748, .T. ) ;
#4265 = VERTEX_POINT ( 'NONE', #2363 ) ;
#4266 = ORIENTED_EDGE ( 'NONE', *, *, #607, .T. ) ;
#4267 = DIRECTION ( 'NONE',  ( 0.000000000000000000, -1.000000000000000000, 0.000000000000000000 ) ) ;
#4268 = DIRECTION ( 'NONE',  ( -0.000000000000000000, 0.6000354452533958050, -0.7999734148329924466 ) ) ;
#4269 = DIRECTION ( 'NONE',  ( -0.000000000000000000, -0.000000000000000000, 1.000000000000000000 ) ) ;
#4270 = DIRECTION ( 'NONE',  ( -1.000000000000000000, -0.000000000000000000, -0.000000000000000000 ) ) ;
#4271 = ORIENTED_EDGE ( 'NONE', *, *, #2343, .T. ) ;
#4272 = ORIENTED_EDGE ( 'NONE', *, *, #7084, .F. ) ;
#4273 = CARTESIAN_POINT ( 'NONE',  ( -3.454999999999999627, 1.935118803897821982, 0.4049999999999999156 ) ) ;
#4274 = ADVANCED_FACE ( 'NONE', ( #2980 ), #2245, .T. ) ;
#4275 = ORIENTED_EDGE ( 'NONE', *, *, #6325, .F. ) ;
#4276 = DIRECTION ( 'NONE',  ( 0.000000000000000000, 0.000000000000000000, -1.000000000000000000 ) ) ;
#4277 = CARTESIAN_POINT ( 'NONE',  ( -6.704999999999999183, 3.200000000000001954, 0.2049999999999996270 ) ) ;
#4278 = CARTESIAN_POINT ( 'NONE',  ( -4.725000000000001421, 0.000000000000000000, 1.834999999999999742 ) ) ;
#4279 = AXIS2_PLACEMENT_3D ( 'NONE', #7118, #7794, #4580 ) ;
#4280 = FILL_AREA_STYLE ('',( #4854 ) ) ;
#4281 = VECTOR ( 'NONE', #3267, 1000.000000000000000 ) ;
#4282 = ORIENTED_EDGE ( 'NONE', *, *, #5106, .F. ) ;
#4283 = EDGE_CURVE ( 'NONE', #383, #2746, #4794, .T. ) ;
#4284 = LINE ( 'NONE', #3007, #4247 ) ;
#4285 = LINE ( 'NONE', #3787, #3616 ) ;
#4286 = LINE ( 'NONE', #3051, #7091 ) ;
#4287 = VECTOR ( 'NONE', #1753, 1000.000000000000000 ) ;
#4288 = LINE ( 'NONE', #3052, #6492 ) ;
#4289 = FACE_OUTER_BOUND ( 'NONE', #3936, .T. ) ;
#4290 = DIRECTION ( 'NONE',  ( -0.000000000000000000, 1.000000000000000000, -0.000000000000000000 ) ) ;
#4291 = DIRECTION ( 'NONE',  ( -1.000000000000000000, 0.000000000000000000, -0.000000000000000000 ) ) ;
#4292 = EDGE_CURVE ( 'NONE', #2979, #7872, #1697, .T. ) ;
#4293 = AXIS2_PLACEMENT_3D ( 'NONE', #2214, #4799, #1091 ) ;
#4294 = ORIENTED_EDGE ( 'NONE', *, *, #4085, .T. ) ;
#4295 = PLANE ( 'NONE',  #7654 ) ;
#4296 = ADVANCED_FACE ( 'NONE', ( #1046 ), #4256, .F. ) ;
#4297 = ORIENTED_EDGE ( 'NONE', *, *, #1780, .T. ) ;
#4298 = AXIS2_PLACEMENT_3D ( 'NONE', #2452, #4415, #1165 ) ;
#4299 = PLANE ( 'NONE',  #1704 ) ;
#4300 = CARTESIAN_POINT ( 'NONE',  ( 9.245000000000000995, 0.000000000000000000, 6.715000000000002522 ) ) ;
#4301 = EDGE_CURVE ( 'NONE', #2195, #6841, #3478, .T. ) ;
#4302 = LINE ( 'NONE', #4956, #1923 ) ;
#4303 = PLANE ( 'NONE',  #4678 ) ;
#4304 = AXIS2_PLACEMENT_3D ( 'NONE', #2886, #4778, #415 ) ;
#4305 = EDGE_CURVE ( 'NONE', #6429, #2060, #5931, .T. ) ;
#4306 = VERTEX_POINT ( 'NONE', #4140 ) ;
#4307 = ORIENTED_EDGE ( 'NONE', *, *, #1057, .T. ) ;
#4308 = VERTEX_POINT ( 'NONE', #2326 ) ;
#4309 = CARTESIAN_POINT ( 'NONE',  ( -6.704999999999999183, 1.935118803897821982, 0.2049999999999995992 ) ) ;
#4310 = CIRCLE ( 'NONE', #6004, 0.6099999999999985434 ) ;
#4311 = CARTESIAN_POINT ( 'NONE',  ( -0.9149999999999991473, -3.809999999999997389, 7.325000000000000178 ) ) ;
#4312 = EDGE_CURVE ( 'NONE', #7352, #3692, #5973, .T. ) ;
#4313 = FACE_OUTER_BOUND ( 'NONE', #3767, .T. ) ;
#4314 = DIRECTION ( 'NONE',  ( 0.000000000000000000, 0.000000000000000000, 1.000000000000000000 ) ) ;
#4315 = EDGE_LOOP ( 'NONE', ( #537, #6464, #2832, #1350 ) ) ;
#4316 = ORIENTED_EDGE ( 'NONE', *, *, #2119, .F. ) ;
#4317 = CARTESIAN_POINT ( 'NONE',  ( -8.534999999999998366, 0.1969615506024410823, 6.749729635533386229 ) ) ;
#4318 = ORIENTED_EDGE ( 'NONE', *, *, #4426, .F. ) ;
#4319 = FILL_AREA_STYLE_COLOUR ( '', #884 ) ;
#4320 = CARTESIAN_POINT ( 'NONE',  ( -5.994999999999998330, 1.935118803897821982, -0.2050000000000001543 ) ) ;
#4321 = ORIENTED_EDGE ( 'NONE', *, *, #6666, .T. ) ;
#4322 = ORIENTED_EDGE ( 'NONE', *, *, #631, .F. ) ;
#4323 = CARTESIAN_POINT ( 'NONE',  ( 7.974999999999999645, 0.000000000000000000, 1.635000000000000897 ) ) ;
#4324 = FACE_OUTER_BOUND ( 'NONE', #3479, .T. ) ;
#4325 = CARTESIAN_POINT ( 'NONE',  ( 6.705000000000000959, 1.334386074560374613, 0.2990746116231767227 ) ) ;
#4326 = DIRECTION ( 'NONE',  ( -0.000000000000000000, 1.000000000000000000, 1.285735975631406781E-16 ) ) ;
#4327 = CARTESIAN_POINT ( 'NONE',  ( -7.265000000000000568, -3.420504516109076132, 1.834999999999999520 ) ) ;
#4328 = EDGE_CURVE ( 'NONE', #2841, #1969, #7290, .T. ) ;
#4329 = DIRECTION ( 'NONE',  ( -1.000000000000000000, -0.000000000000000000, -0.000000000000000000 ) ) ;
#4330 = ORIENTED_EDGE ( 'NONE', *, *, #522, .F. ) ;
#4331 = CARTESIAN_POINT ( 'NONE',  ( 3.654999999999999361, -3.809999999999997389, 6.915000000000001812 ) ) ;
#4332 = VERTEX_POINT ( 'NONE', #7843 ) ;
#4333 = VECTOR ( 'NONE', #474, 1000.000000000000000 ) ;
#4334 = LINE ( 'NONE', #6212, #6471 ) ;
#4335 = ORIENTED_EDGE ( 'NONE', *, *, #4847, .F. ) ;
#4336 = DIRECTION ( 'NONE',  ( 0.000000000000000000, -0.1736481776669237809, 0.9848077530122092416 ) ) ;
#4337 = DIRECTION ( 'NONE',  ( 0.000000000000000000, -0.6000354452533959160, 0.7999734148329924466 ) ) ;
#4338 = CARTESIAN_POINT ( 'NONE',  ( 4.165000000000000924, 0.6007327293374460364, 6.820925388376825715 ) ) ;
#4339 = ORIENTED_EDGE ( 'NONE', *, *, #5547, .T. ) ;
#4340 = LINE ( 'NONE', #1952, #4560 ) ;
#4341 = AXIS2_PLACEMENT_3D ( 'NONE', #1171, #7934, #6727 ) ;
#4342 = ORIENTED_EDGE ( 'NONE', *, *, #7265, .F. ) ;
#4343 = CIRCLE ( 'NONE', #3288, 0.6099999999999996536 ) ;
#4344 = ORIENTED_EDGE ( 'NONE', *, *, #3582, .T. ) ;
#4345 = ORIENTED_EDGE ( 'NONE', *, *, #661, .T. ) ;
#4346 = CARTESIAN_POINT ( 'NONE',  ( 9.245000000000000995, 3.200000000000001954, -0.2049999999999992939 ) ) ;
#4347 = EDGE_CURVE ( 'NONE', #7024, #5445, #5366, .T. ) ;
#4348 = CIRCLE ( 'NONE', #5652, 0.6099999999999996536 ) ;
#4349 = CARTESIAN_POINT ( 'NONE',  ( 5.995000000000000107, 0.000000000000000000, 7.325000000000001066 ) ) ;
#4350 = DIRECTION ( 'NONE',  ( 0.3420201433256698231, -0.9396926207859079838, -1.026515648286830928E-16 ) ) ;
#4351 = CARTESIAN_POINT ( 'NONE',  ( -7.265000000000000568, 3.200000000000001954, -0.2049999999999999878 ) ) ;
#4352 = EDGE_CURVE ( 'NONE', #3215, #6142, #5485, .T. ) ;
#4353 = ORIENTED_EDGE ( 'NONE', *, *, #3642, .T. ) ;
#4354 = ORIENTED_EDGE ( 'NONE', *, *, #883, .F. ) ;
#4355 = ADVANCED_FACE ( 'NONE', ( #3520 ), #7250, .F. ) ;
#4356 = CARTESIAN_POINT ( 'NONE',  ( 6.194999999999999396, -3.809999999999997389, 6.915000000000001812 ) ) ;
#4357 = VECTOR ( 'NONE', #3144, 1000.000000000000000 ) ;
#4358 = EDGE_CURVE ( 'NONE', #2625, #1342, #8000, .T. ) ;
#4359 = VERTEX_POINT ( 'NONE', #1007 ) ;
#4360 = CARTESIAN_POINT ( 'NONE',  ( 7.974999999999999645, -3.420504516109076132, 0.4050000000000003042 ) ) ;
#4361 = CARTESIAN_POINT ( 'NONE',  ( -1.905000000000000027, 18.03000000000000114, -2.250000000000001332 ) ) ;
#4362 = ORIENTED_EDGE ( 'NONE', *, *, #7415, .T. ) ;
#4363 = AXIS2_PLACEMENT_3D ( 'NONE', #2654, #5159, #6422 ) ;
#4364 = EDGE_LOOP ( 'NONE', ( #5541, #4075, #4514, #1907 ) ) ;
#4365 = VERTEX_POINT ( 'NONE', #2207 ) ;
#4366 = LINE ( 'NONE', #6825, #996 ) ;
#4367 = DIRECTION ( 'NONE',  ( -1.000000000000000000, -0.000000000000000000, -0.000000000000000000 ) ) ;
#4368 = CARTESIAN_POINT ( 'NONE',  ( -4.725000000000001421, 1.447135020849696696, 0.03897837839542823979 ) ) ;
#4369 = DIRECTION ( 'NONE',  ( 0.000000000000000000, -2.184790272011094332E-16, 1.000000000000000000 ) ) ;
#4370 = LINE ( 'NONE', #8034, #8089 ) ;
#4371 = ORIENTED_EDGE ( 'NONE', *, *, #689, .F. ) ;
#4372 = EDGE_CURVE ( 'NONE', #1257, #2950, #6018, .T. ) ;
#4373 = LINE ( 'NONE', #3140, #5291 ) ;
#4374 = ORIENTED_EDGE ( 'NONE', *, *, #7357, .T. ) ;
#4375 = VECTOR ( 'NONE', #508, 1000.000000000000000 ) ;
#4376 = DIRECTION ( 'NONE',  ( 0.000000000000000000, 0.000000000000000000, 1.000000000000000000 ) ) ;
#4377 = CARTESIAN_POINT ( 'NONE',  ( 0.3549999999999994271, 0.000000000000000000, 2.245000000000000107 ) ) ;
#4378 = DIRECTION ( 'NONE',  ( 0.000000000000000000, 0.000000000000000000, 1.000000000000000000 ) ) ;
#4379 = PLANE ( 'NONE',  #1122 ) ;
#4380 = VERTEX_POINT ( 'NONE', #7922 ) ;
#4381 = VECTOR ( 'NONE', #6125, 1000.000000000000114 ) ;
#4382 = ORIENTED_EDGE ( 'NONE', *, *, #5153, .F. ) ;
#4383 = VERTEX_POINT ( 'NONE', #433 ) ;
#4384 = CARTESIAN_POINT ( 'NONE',  ( -9.244999999999999218, 3.200000000000001954, 0.2049999999999995159 ) ) ;
#4385 = CARTESIAN_POINT ( 'NONE',  ( -5.994999999999998330, 1.738157253295379956, 0.3702703644666150429 ) ) ;
#4386 = CARTESIAN_POINT ( 'NONE',  ( -0.9149999999999991473, -3.260504516109076434, 7.325000000000000178 ) ) ;
#4387 = AXIS2_PLACEMENT_3D ( 'NONE', #1432, #3945, #2096 ) ;
#4388 = ORIENTED_EDGE ( 'NONE', *, *, #6110, .F. ) ;
#4389 = FACE_OUTER_BOUND ( 'NONE', #6525, .T. ) ;
#4390 = EDGE_CURVE ( 'NONE', #3235, #3068, #5444, .T. ) ;
#4391 = EDGE_LOOP ( 'NONE', ( #682, #4637, #1818, #7714, #6526, #7299 ) ) ;
#4392 = DIRECTION ( 'NONE',  ( 0.000000000000000000, 0.000000000000000000, 1.000000000000000000 ) ) ;
#4393 = ORIENTED_EDGE ( 'NONE', *, *, #4398, .F. ) ;
#4394 = VECTOR ( 'NONE', #3395, 1000.000000000000114 ) ;
#4395 = ADVANCED_FACE ( 'NONE', ( #472 ), #7370, .T. ) ;
#4396 =( NAMED_UNIT ( * ) SI_UNIT ( $, .STERADIAN. ) SOLID_ANGLE_UNIT ( ) );
#4397 = DIRECTION ( 'NONE',  ( 0.000000000000000000, -1.000000000000000000, -1.092395136005546919E-16 ) ) ;
#4398 = EDGE_CURVE ( 'NONE', #5445, #2952, #1730, .T. ) ;
#4399 = ORIENTED_EDGE ( 'NONE', *, *, #4896, .T. ) ;
#4400 = LINE ( 'NONE', #2561, #70 ) ;
#4401 = FILL_AREA_STYLE_COLOUR ( '', #5391 ) ;
#4402 = CARTESIAN_POINT ( 'NONE',  ( -2.695000000000002061, -3.969999999999997087, 2.244999999999999662 ) ) ;
#4403 = DIRECTION ( 'NONE',  ( -0.000000000000000000, 0.1736481776669237531, -0.9848077530122092416 ) ) ;
#4404 = CLOSED_SHELL ( 'NONE', ( #856, #1784, #4849, #1639, #1938, #2938, #1532, #3888, #469, #1875, #2755, #3946, #2739, #7999, #5528, #5456 ) ) ;
#4405 = VECTOR ( 'NONE', #6961, 1000.000000000000000 ) ;
#4406 = CARTESIAN_POINT ( 'NONE',  ( 7.974999999999999645, 0.000000000000000000, 1.635000000000000897 ) ) ;
#4407 = EDGE_CURVE ( 'NONE', #7325, #2952, #5476, .T. ) ;
#4408 = CARTESIAN_POINT ( 'NONE',  ( -10.00999999999999979, 14.00999999999999801, -2.250000000000000888 ) ) ;
#4409 = ORIENTED_EDGE ( 'NONE', *, *, #4201, .T. ) ;
#4410 = VECTOR ( 'NONE', #5342, 1000.000000000000000 ) ;
#4411 = CARTESIAN_POINT ( 'NONE',  ( -0.9149999999999991473, 1.935118803897821982, 0.2049999999999998213 ) ) ;
#4412 = VERTEX_POINT ( 'NONE', #4019 ) ;
#4413 = DIRECTION ( 'NONE',  ( 0.000000000000000000, 0.000000000000000000, 1.000000000000000000 ) ) ;
#4414 = LINE ( 'NONE', #5640, #2266 ) ;
#4415 = DIRECTION ( 'NONE',  ( -1.000000000000000000, -0.000000000000000000, 0.000000000000000000 ) ) ;
#4416 = ORIENTED_EDGE ( 'NONE', *, *, #3948, .T. ) ;
#4417 = DIRECTION ( 'NONE',  ( 0.000000000000000000, 0.000000000000000000, 1.000000000000000000 ) ) ;
#4418 = VECTOR ( 'NONE', #4262, 1000.000000000000000 ) ;
#4419 = VECTOR ( 'NONE', #7918, 1000.000000000000000 ) ;
#4420 = ORIENTED_EDGE ( 'NONE', *, *, #1427, .T. ) ;
#4421 = ORIENTED_EDGE ( 'NONE', *, *, #1380, .T. ) ;
#4422 = PLANE ( 'NONE',  #5635 ) ;
#4423 = CARTESIAN_POINT ( 'NONE',  ( 9.245000000000000995, 1.738157253295379956, 0.3702703644666157645 ) ) ;
#4424 = VECTOR ( 'NONE', #4236, 1000.000000000000000 ) ;
#4425 = LINE ( 'NONE', #1958, #5212 ) ;
#4426 = EDGE_CURVE ( 'NONE', #6803, #1249, #1767, .T. ) ;
#4427 = VERTEX_POINT ( 'NONE', #4102 ) ;
#4428 = DIRECTION ( 'NONE',  ( -1.000000000000000000, -0.000000000000000000, -0.000000000000000000 ) ) ;
#4429 = VERTEX_POINT ( 'NONE', #271 ) ;
#4430 = VECTOR ( 'NONE', #4268, 1000.000000000000227 ) ;
#4431 = CARTESIAN_POINT ( 'NONE',  ( -7.265000000000000568, 0.000000000000000000, 1.834999999999999742 ) ) ;
#4432 = DIRECTION ( 'NONE',  ( 0.000000000000000000, -1.000000000000000000, 0.000000000000000000 ) ) ;
#4433 = DIRECTION ( 'NONE',  ( 1.000000000000000000, -0.000000000000000000, -0.000000000000000000 ) ) ;
#4434 = FILL_AREA_STYLE ('',( #1968 ) ) ;
#4435 = EDGE_CURVE ( 'NONE', #2841, #1160, #6124, .T. ) ;
#4436 = ORIENTED_EDGE ( 'NONE', *, *, #5014, .F. ) ;
#4437 = ORIENTED_EDGE ( 'NONE', *, *, #3804, .F. ) ;
#4438 = EDGE_CURVE ( 'NONE', #2740, #3340, #7212, .T. ) ;
#4439 = CARTESIAN_POINT ( 'NONE',  ( 7.264999999999999680, 0.000000000000000000, 2.245000000000000551 ) ) ;
#4440 = CARTESIAN_POINT ( 'NONE',  ( -7.265000000000000568, 0.1599946829665978842, 1.755007089050678815 ) ) ;
#4441 = FACE_OUTER_BOUND ( 'NONE', #1408, .T. ) ;
#4442 = CARTESIAN_POINT ( 'NONE',  ( 5.995000000000000107, 1.935118803897821982, 0.2050000000000001821 ) ) ;
#4443 = EDGE_CURVE ( 'NONE', #6132, #6256, #3481, .T. ) ;
#4444 = CARTESIAN_POINT ( 'NONE',  ( -7.974999999999999645, 3.200000000000001954, -0.2049999999999999878 ) ) ;
#4445 = CARTESIAN_POINT ( 'NONE',  ( 4.165000000000000924, 0.000000000000000000, 7.325000000000001066 ) ) ;
#4446 = EDGE_CURVE ( 'NONE', #2812, #8091, #6627, .T. ) ;
#4447 = ORIENTED_EDGE ( 'NONE', *, *, #4728, .F. ) ;
#4448 = ADVANCED_FACE ( 'NONE', ( #1586 ), #5287, .F. ) ;
#4449 = DIRECTION ( 'NONE',  ( 1.000000000000000000, 0.000000000000000000, 0.000000000000000000 ) ) ;
#4450 = EDGE_CURVE ( 'NONE', #6823, #4466, #3602, .T. ) ;
#4451 = ORIENTED_EDGE ( 'NONE', *, *, #4651, .T. ) ;
#4452 = PLANE ( 'NONE',  #7082 ) ;
#4453 = LINE ( 'NONE', #2451, #4104 ) ;
#4454 = CARTESIAN_POINT ( 'NONE',  ( 4.165000000000000924, 0.000000000000000000, 6.715000000000002522 ) ) ;
#4455 = ORIENTED_EDGE ( 'NONE', *, *, #7234, .T. ) ;
#4456 = VERTEX_POINT ( 'NONE', #7399 ) ;
#4457 = CARTESIAN_POINT ( 'NONE',  ( -5.994999999999998330, 0.000000000000000000, 6.715000000000001634 ) ) ;
#4458 = VECTOR ( 'NONE', #2080, 1000.000000000000000 ) ;
#4459 = ORIENTED_EDGE ( 'NONE', *, *, #3087, .T. ) ;
#4460 = ORIENTED_EDGE ( 'NONE', *, *, #2352, .T. ) ;
#4461 = DIRECTION ( 'NONE',  ( 1.000000000000000000, 0.000000000000000000, 0.000000000000000000 ) ) ;
#4462 = DIRECTION ( 'NONE',  ( -1.000000000000000000, -0.000000000000000000, -0.000000000000000000 ) ) ;
#4463 = VECTOR ( 'NONE', #6028, 999.9999999999998863 ) ;
#4464 = FACE_OUTER_BOUND ( 'NONE', #4203, .T. ) ;
#4465 = DIRECTION ( 'NONE',  ( -1.000000000000000000, -0.000000000000000000, -0.000000000000000000 ) ) ;
#4466 = VERTEX_POINT ( 'NONE', #502 ) ;
#4467 = ORIENTED_EDGE ( 'NONE', *, *, #3346, .F. ) ;
#4468 = DIRECTION ( 'NONE',  ( -1.000000000000000000, -0.000000000000000000, -0.000000000000000000 ) ) ;
#4469 = EDGE_LOOP ( 'NONE', ( #1180, #5324, #4141, #4266, #2828, #1168, #4923, #6799, #6033, #843, #7135, #5030 ) ) ;
#4470 = CYLINDRICAL_SURFACE ( 'NONE', #3850, 0.1999999999999996503 ) ;
#4471 = EDGE_CURVE ( 'NONE', #3693, #2049, #4288, .T. ) ;
#4472 = VECTOR ( 'NONE', #796, 1000.000000000000000 ) ;
#4473 = LINE ( 'NONE', #819, #6972 ) ;
#4474 = DIRECTION ( 'NONE',  ( 0.000000000000000000, 0.000000000000000000, -1.000000000000000000 ) ) ;
#4475 =( NAMED_UNIT ( * ) PLANE_ANGLE_UNIT ( ) SI_UNIT ( $, .RADIAN. ) );
#4476 = ORIENTED_EDGE ( 'NONE', *, *, #5284, .T. ) ;
#4477 = VECTOR ( 'NONE', #2610, 1000.000000000000000 ) ;
#4478 = AXIS2_PLACEMENT_3D ( 'NONE', #7472, #5584, #6155 ) ;
#4479 = ORIENTED_EDGE ( 'NONE', *, *, #137, .F. ) ;
#4480 = ORIENTED_EDGE ( 'NONE', *, *, #6045, .F. ) ;
#4481 = CARTESIAN_POINT ( 'NONE',  ( 9.245000000000000995, 1.935118803897821982, 0.4050000000000005262 ) ) ;
#4482 = LINE ( 'NONE', #7110, #3296 ) ;
#4483 = MECHANICAL_DESIGN_GEOMETRIC_PRESENTATION_REPRESENTATION (  '', ( #541 ), #7637 ) ;
#4484 = AXIS2_PLACEMENT_3D ( 'NONE', #2134, #5947, #1089 ) ;
#4485 = DIRECTION ( 'NONE',  ( -1.000000000000000000, -0.000000000000000000, -0.000000000000000000 ) ) ;
#4486 = EDGE_CURVE ( 'NONE', #3180, #4763, #4673, .T. ) ;
#4487 = DIRECTION ( 'NONE',  ( 0.000000000000000000, 0.000000000000000000, 1.000000000000000000 ) ) ;
#4488 = DIRECTION ( 'NONE',  ( 0.000000000000000000, 0.000000000000000000, 1.000000000000000000 ) ) ;
#4489 = AXIS2_PLACEMENT_3D ( 'NONE', #5255, #2668, #2050 ) ;
#4490 = ADVANCED_FACE ( 'NONE', ( #5556 ), #465, .F. ) ;
#4491 = ORIENTED_EDGE ( 'NONE', *, *, #762, .F. ) ;
#4492 = CARTESIAN_POINT ( 'NONE',  ( 3.455000000000000515, 0.000000000000000000, 6.915000000000001812 ) ) ;
#4493 = ORIENTED_EDGE ( 'NONE', *, *, #6297, .T. ) ;
#4494 = CARTESIAN_POINT ( 'NONE',  ( -7.974999999999999645, 1.447135020849696696, 0.03897837839542812183 ) ) ;
#4495 = EDGE_CURVE ( 'NONE', #7024, #822, #5934, .T. ) ;
#4496 = PLANE ( 'NONE',  #5146 ) ;
#4497 = LINE ( 'NONE', #5761, #3111 ) ;
#4498 = DIRECTION ( 'NONE',  ( -1.000000000000000000, -0.000000000000000000, -0.000000000000000000 ) ) ;
#4499 = EDGE_CURVE ( 'NONE', #2022, #4226, #6743, .T. ) ;
#4500 = EDGE_CURVE ( 'NONE', #343, #7625, #8075, .T. ) ;
#4501 = CIRCLE ( 'NONE', #5424, 0.1999999999999996503 ) ;
#4502 = VERTEX_POINT ( 'NONE', #2397 ) ;
#4503 = ORIENTED_EDGE ( 'NONE', *, *, #7678, .F. ) ;
#4504 = CARTESIAN_POINT ( 'NONE',  ( -0.9149999999999991473, 0.000000000000000000, 7.325000000000000178 ) ) ;
#4505 = CARTESIAN_POINT ( 'NONE',  ( 4.165000000000000924, 3.200000000000001954, 0.2050000000000000711 ) ) ;
#4506 = CARTESIAN_POINT ( 'NONE',  ( 9.045000000000001705, -3.809999999999997389, 7.325000000000001066 ) ) ;
#4507 = VECTOR ( 'NONE', #6362, 1000.000000000000114 ) ;
#4508 = CARTESIAN_POINT ( 'NONE',  ( -2.695000000000002061, -3.969999999999997087, 1.834999999999999520 ) ) ;
#4509 = ADVANCED_FACE ( 'NONE', ( #7361 ), #2436, .T. ) ;
#4510 = VECTOR ( 'NONE', #7071, 1000.000000000000114 ) ;
#4511 = ORIENTED_EDGE ( 'NONE', *, *, #123, .T. ) ;
#4512 = EDGE_LOOP ( 'NONE', ( #3318, #4895, #3085, #2012, #5058, #6, #1825, #395, #7337, #5574, #1296, #4177 ) ) ;
#4513 = FILL_AREA_STYLE ('',( #4639 ) ) ;
#4514 = ORIENTED_EDGE ( 'NONE', *, *, #4769, .F. ) ;
#4515 = LINE ( 'NONE', #1194, #36 ) ;
#4516 = AXIS2_PLACEMENT_3D ( 'NONE', #7022, #2136, #7644 ) ;
#4517 = DIRECTION ( 'NONE',  ( 0.000000000000000000, 2.571471951262813563E-16, -1.000000000000000000 ) ) ;
#4518 = PLANE ( 'NONE',  #7187 ) ;
#4519 = CARTESIAN_POINT ( 'NONE',  ( -4.725000000000001421, 3.200000000000001954, 0.2049999999999997380 ) ) ;
#4520 = ORIENTED_EDGE ( 'NONE', *, *, #7447, .T. ) ;
#4521 = VECTOR ( 'NONE', #6617, 1000.000000000000000 ) ;
#4522 = ORIENTED_EDGE ( 'NONE', *, *, #7606, .F. ) ;
#4523 = CARTESIAN_POINT ( 'NONE',  ( 2.894999999999999130, 0.4879837830481246197, 2.001021621604571532 ) ) ;
#4524 = ORIENTED_EDGE ( 'NONE', *, *, #3942, .T. ) ;
#4525 = FACE_OUTER_BOUND ( 'NONE', #8007, .T. ) ;
#4526 = DIRECTION ( 'NONE',  ( 0.000000000000000000, -1.000000000000000000, 0.000000000000000000 ) ) ;
#4527 = DIRECTION ( 'NONE',  ( -1.000000000000000000, -0.000000000000000000, -0.000000000000000000 ) ) ;
#4528 = ORIENTED_EDGE ( 'NONE', *, *, #3673, .T. ) ;
#4529 = CARTESIAN_POINT ( 'NONE',  ( 0.000000000000000000, 18.03000000000000114, -2.250000000000001332 ) ) ;
#4530 = ADVANCED_FACE ( 'NONE', ( #3438 ), #2826, .T. ) ;
#4531 = ORIENTED_EDGE ( 'NONE', *, *, #1370, .F. ) ;
#4532 = ORIENTED_EDGE ( 'NONE', *, *, #4301, .T. ) ;
#4533 = PLANE ( 'NONE',  #2672 ) ;
#4534 = ORIENTED_EDGE ( 'NONE', *, *, #5997, .T. ) ;
#4535 = LINE ( 'NONE', #7795, #8024 ) ;
#4536 = VECTOR ( 'NONE', #6791, 1000.000000000000000 ) ;
#4537 = CARTESIAN_POINT ( 'NONE',  ( 0.3549999999999994271, 1.775124120931223182, 0.2849929109493206658 ) ) ;
#4538 = PRODUCT_DEFINITION_CONTEXT ( 'detailed design', #5306, 'design' ) ;
#4539 = PLANE ( 'NONE',  #4038 ) ;
#4540 = EDGE_LOOP ( 'NONE', ( #7516, #3468, #2569, #1520 ) ) ;
#4541 = ADVANCED_FACE ( 'NONE', ( #5593 ), #3133, .T. ) ;
#4542 = ORIENTED_EDGE ( 'NONE', *, *, #6515, .F. ) ;
#4543 = FACE_OUTER_BOUND ( 'NONE', #2498, .T. ) ;
#4544 = AXIS2_PLACEMENT_3D ( 'NONE', #82, #8110, #3091 ) ;
#4545 = VECTOR ( 'NONE', #3627, 1000.000000000000000 ) ;
#4546 = ADVANCED_FACE ( 'NONE', ( #1939 ), #664, .F. ) ;
#4547 = EDGE_LOOP ( 'NONE', ( #3269, #3828, #5746, #1754 ) ) ;
#4548 = ORIENTED_EDGE ( 'NONE', *, *, #827, .T. ) ;
#4549 = DIRECTION ( 'NONE',  ( -1.000000000000000000, -0.000000000000000000, -0.000000000000000000 ) ) ;
#4550 = ADVANCED_FACE ( 'NONE', ( #5629 ), #2605, .F. ) ;
#4551 = DIRECTION ( 'NONE',  ( 0.000000000000000000, 0.000000000000000000, -1.000000000000000000 ) ) ;
#4552 = VECTOR ( 'NONE', #1222, 1000.000000000000114 ) ;
#4553 = CARTESIAN_POINT ( 'NONE',  ( -2.185000000000001386, 1.775124120931223182, 0.2849929109493204993 ) ) ;
#4554 = EDGE_CURVE ( 'NONE', #7564, #7540, #4983, .T. ) ;
#4555 = LINE ( 'NONE', #5896, #216 ) ;
#4556 = AXIS2_PLACEMENT_3D ( 'NONE', #1782, #555, #513 ) ;
#4557 = VERTEX_POINT ( 'NONE', #3172 ) ;
#4558 = VERTEX_POINT ( 'NONE', #8150 ) ;
#4559 = VERTEX_POINT ( 'NONE', #6985 ) ;
#4560 = VECTOR ( 'NONE', #5683, 1000.000000000000000 ) ;
#4561 = CYLINDRICAL_SURFACE ( 'NONE', #4489, 0.6099999999999996536 ) ;
#4562 = ORIENTED_EDGE ( 'NONE', *, *, #14, .F. ) ;
#4563 = CARTESIAN_POINT ( 'NONE',  ( 2.384999999999998010, -3.969999999999997087, 1.834999999999999742 ) ) ;
#4564 = ADVANCED_FACE ( 'NONE', ( #703 ), #1357, .F. ) ;
#4565 = VECTOR ( 'NONE', #4975, 1000.000000000000000 ) ;
#4566 = LINE ( 'NONE', #7642, #5534 ) ;
#4567 = DIRECTION ( 'NONE',  ( 0.000000000000000000, -0.000000000000000000, 1.000000000000000000 ) ) ;
#4568 = CARTESIAN_POINT ( 'NONE',  ( -0.9149999999999991473, -3.260504516109076434, 7.325000000000000178 ) ) ;
#4569 = CARTESIAN_POINT ( 'NONE',  ( -5.235000000000002984, -3.969999999999997087, 1.834999999999999298 ) ) ;
#4570 = VECTOR ( 'NONE', #777, 1000.000000000000000 ) ;
#4571 = ORIENTED_EDGE ( 'NONE', *, *, #3542, .F. ) ;
#4572 = CARTESIAN_POINT ( 'NONE',  ( 4.165000000000000924, 1.935118803897821982, 0.4050000000000003042 ) ) ;
#4573 = DIRECTION ( 'NONE',  ( 0.000000000000000000, -0.000000000000000000, -1.000000000000000000 ) ) ;
#4574 = DIRECTION ( 'NONE',  ( 0.000000000000000000, 1.285735975631406781E-16, -1.000000000000000000 ) ) ;
#4575 = AXIS2_PLACEMENT_3D ( 'NONE', #5854, #3848, #6355 ) ;
#4576 = CARTESIAN_POINT ( 'NONE',  ( -5.994999999999998330, 0.6007327293374460364, 6.820925388376824827 ) ) ;
#4577 = ORIENTED_EDGE ( 'NONE', *, *, #5449, .F. ) ;
#4578 = ORIENTED_EDGE ( 'NONE', *, *, #923, .T. ) ;
#4579 = DIRECTION ( 'NONE',  ( 0.000000000000000000, -0.7999734148329924466, -0.6000354452533959160 ) ) ;
#4580 = DIRECTION ( 'NONE',  ( 0.000000000000000000, 0.000000000000000000, 1.000000000000000000 ) ) ;
#4581 = CARTESIAN_POINT ( 'NONE',  ( -3.965000000000001634, -3.809999999999997389, 7.325000000000000178 ) ) ;
#4582 = ADVANCED_FACE ( 'NONE', ( #6870 ), #3212, .F. ) ;
#4583 = CARTESIAN_POINT ( 'NONE',  ( -2.185000000000001386, -3.420504516109076132, 1.834999999999999742 ) ) ;
#4584 = CARTESIAN_POINT ( 'NONE',  ( 1.625000000000001332, 0.000000000000000000, 6.915000000000001812 ) ) ;
#4585 = ORIENTED_EDGE ( 'NONE', *, *, #1373, .T. ) ;
#4586 = DIRECTION ( 'NONE',  ( 0.000000000000000000, 0.000000000000000000, -1.000000000000000000 ) ) ;
#4587 = ORIENTED_EDGE ( 'NONE', *, *, #5904, .T. ) ;
#4588 = ORIENTED_EDGE ( 'NONE', *, *, #1284, .F. ) ;
#4589 = CARTESIAN_POINT ( 'NONE',  ( 6.705000000000000959, 1.738157253295379956, 0.3702703644666156535 ) ) ;
#4590 = DIRECTION ( 'NONE',  ( 0.000000000000000000, 0.000000000000000000, 1.000000000000000000 ) ) ;
#4591 = CARTESIAN_POINT ( 'NONE',  ( 1.625000000000001332, 0.000000000000000000, 7.325000000000001066 ) ) ;
#4592 = LINE ( 'NONE', #2084, #7434 ) ;
#4593 = ORIENTED_EDGE ( 'NONE', *, *, #7778, .F. ) ;
#4594 = ORIENTED_EDGE ( 'NONE', *, *, #5153, .T. ) ;
#4595 = ORIENTED_EDGE ( 'NONE', *, *, #2743, .F. ) ;
#4596 = ORIENTED_EDGE ( 'NONE', *, *, #6402, .F. ) ;
#4597 = EDGE_CURVE ( 'NONE', #1801, #4466, #7604, .T. ) ;
#4598 = CARTESIAN_POINT ( 'NONE',  ( -0.9149999999999991473, 1.334386074560374835, 0.2990746116231765006 ) ) ;
#4599 = AXIS2_PLACEMENT_3D ( 'NONE', #3105, #1779, #1210 ) ;
#4600 = DIRECTION ( 'NONE',  ( 0.000000000000000000, 0.000000000000000000, 1.000000000000000000 ) ) ;
#4601 = CARTESIAN_POINT ( 'NONE',  ( 6.705000000000000959, 0.1969615506024410823, 6.749729635533387118 ) ) ;
#4602 = EDGE_CURVE ( 'NONE', #2951, #5900, #1240, .T. ) ;
#4603 = CARTESIAN_POINT ( 'NONE',  ( -0.9149999999999991473, 0.000000000000000000, 6.915000000000000924 ) ) ;
#4604 = LINE ( 'NONE', #4444, #1915 ) ;
#4605 = CARTESIAN_POINT ( 'NONE',  ( 4.165000000000000924, 1.935118803897821982, 0.4050000000000003042 ) ) ;
#4606 = EDGE_CURVE ( 'NONE', #398, #6173, #3869, .T. ) ;
#4607 = PRODUCT_RELATED_PRODUCT_CATEGORY ( 'part', '', ( #7296 ) ) ;
#4608 = EDGE_LOOP ( 'NONE', ( #2174, #4017, #7497, #3960 ) ) ;
#4609 = VECTOR ( 'NONE', #914, 1000.000000000000227 ) ;
#4610 = CARTESIAN_POINT ( 'NONE',  ( -5.435000000000001386, -3.420504516109077908, 1.834999999999999520 ) ) ;
#4611 = CARTESIAN_POINT ( 'NONE',  ( 3.654999999999999361, -3.809999999999997389, 6.915000000000001812 ) ) ;
#4612 = CARTESIAN_POINT ( 'NONE',  ( 3.455000000000000515, 3.200000000000001954, 0.2050000000000000711 ) ) ;
#4613 = DIRECTION ( 'NONE',  ( 0.000000000000000000, -1.285735975631406781E-16, 1.000000000000000000 ) ) ;
#4614 = COLOUR_RGB ( '',0.7921568627450980005, 0.8196078431372548767, 0.9333333333333333481 ) ;
#4615 = VECTOR ( 'NONE', #2604, 1000.000000000000000 ) ;
#4616 = CARTESIAN_POINT ( 'NONE',  ( 4.724999999999999645, 1.447135020849696474, 0.03897837839542881572 ) ) ;
#4617 = VERTEX_POINT ( 'NONE', #3825 ) ;
#4618 = ORIENTED_EDGE ( 'NONE', *, *, #6100, .F. ) ;
#4619 = DIRECTION ( 'NONE',  ( 0.000000000000000000, 1.285735975631406781E-16, -1.000000000000000000 ) ) ;
#4620 = AXIS2_PLACEMENT_3D ( 'NONE', #5169, #7674, #4551 ) ;
#4621 = VECTOR ( 'NONE', #6796, 1000.000000000000000 ) ;
#4622 = VERTEX_POINT ( 'NONE', #746 ) ;
#4623 = DIRECTION ( 'NONE',  ( 0.000000000000000000, 0.000000000000000000, 1.000000000000000000 ) ) ;
#4624 = PLANE ( 'NONE',  #423 ) ;
#4625 = DIRECTION ( 'NONE',  ( 0.000000000000000000, 1.000000000000000000, 1.285735975631406781E-16 ) ) ;
#4626 = DIRECTION ( 'NONE',  ( -1.000000000000000000, -0.000000000000000000, 0.000000000000000000 ) ) ;
#4627 = EDGE_CURVE ( 'NONE', #7462, #1133, #1896, .T. ) ;
#4628 = ORIENTED_EDGE ( 'NONE', *, *, #1040, .T. ) ;
#4629 = VERTEX_POINT ( 'NONE', #1199 ) ;
#4630 = CARTESIAN_POINT ( 'NONE',  ( -7.265000000000000568, 0.000000000000000000, 1.635000000000000231 ) ) ;
#4631 = PLANE ( 'NONE',  #1197 ) ;
#4632 = DIRECTION ( 'NONE',  ( -1.000000000000000000, -0.000000000000000000, 0.000000000000000000 ) ) ;
#4633 = ORIENTED_EDGE ( 'NONE', *, *, #1965, .T. ) ;
#4634 = CARTESIAN_POINT ( 'NONE',  ( -9.244999999999999218, 1.935118803897821982, 0.4049999999999996936 ) ) ;
#4635 = VECTOR ( 'NONE', #4196, 1000.000000000000000 ) ;
#4636 = ADVANCED_FACE ( 'NONE', ( #4441 ), #3789, .F. ) ;
#4637 = ORIENTED_EDGE ( 'NONE', *, *, #4292, .T. ) ;
#4638 = ORIENTED_EDGE ( 'NONE', *, *, #2844, .F. ) ;
#4639 = FILL_AREA_STYLE_COLOUR ( '', #1727 ) ;
#4640 = ORIENTED_EDGE ( 'NONE', *, *, #3836, .T. ) ;
#4641 = CARTESIAN_POINT ( 'NONE',  ( -4.165000000000000036, 0.000000000000000000, 7.325000000000000178 ) ) ;
#4642 = AXIS2_PLACEMENT_3D ( 'NONE', #7913, #7280, #1655 ) ;
#4643 = DIRECTION ( 'NONE',  ( 0.000000000000000000, -1.000000000000000000, 0.000000000000000000 ) ) ;
#4644 = CARTESIAN_POINT ( 'NONE',  ( -8.534999999999998366, 1.334386074560374835, 0.2990746116231761675 ) ) ;
#4645 = DIRECTION ( 'NONE',  ( 1.000000000000000000, 0.000000000000000000, 0.000000000000000000 ) ) ;
#4646 = AXIS2_PLACEMENT_3D ( 'NONE', #6593, #388, #5477 ) ;
#4647 = CARTESIAN_POINT ( 'NONE',  ( 7.464999999999998970, -3.969999999999997087, 1.834999999999999964 ) ) ;
#4648 = EDGE_CURVE ( 'NONE', #7433, #7016, #6205, .T. ) ;
#4649 = ORIENTED_EDGE ( 'NONE', *, *, #2990, .T. ) ;
#4650 = ORIENTED_EDGE ( 'NONE', *, *, #4885, .F. ) ;
#4651 = EDGE_CURVE ( 'NONE', #5735, #6229, #6947, .T. ) ;
#4652 = VECTOR ( 'NONE', #8020, 1000.000000000000000 ) ;
#4653 = DIRECTION ( 'NONE',  ( -0.000000000000000000, 1.000000000000000000, 2.184790272011093839E-16 ) ) ;
#4654 = DIRECTION ( 'NONE',  ( -1.000000000000000000, -0.000000000000000000, 0.000000000000000000 ) ) ;
#4655 = EDGE_CURVE ( 'NONE', #4558, #7371, #6454, .T. ) ;
#4656 = CARTESIAN_POINT ( 'NONE',  ( 0.3549999999999994271, 1.935118803897821982, 0.2049999999999996547 ) ) ;
#4657 = CARTESIAN_POINT ( 'NONE',  ( 8.535000000000000142, 3.200000000000001954, -0.2049999999999992939 ) ) ;
#4658 = AXIS2_PLACEMENT_3D ( 'NONE', #7805, #2972, #6165 ) ;
#4659 = CARTESIAN_POINT ( 'NONE',  ( 9.245000000000000995, 3.200000000000001954, 0.2050000000000003209 ) ) ;
#4660 = VERTEX_POINT ( 'NONE', #586 ) ;
#4661 = ORIENTED_EDGE ( 'NONE', *, *, #5962, .F. ) ;
#4662 = LINE ( 'NONE', #7158, #828 ) ;
#4663 = DIRECTION ( 'NONE',  ( 1.000000000000000000, 0.000000000000000000, 0.000000000000000000 ) ) ;
#4664 = VECTOR ( 'NONE', #5668, 1000.000000000000114 ) ;
#4665 = DIRECTION ( 'NONE',  ( -0.000000000000000000, 1.000000000000000000, 1.285735975631406781E-16 ) ) ;
#4666 = ADVANCED_FACE ( 'NONE', ( #5914 ), #210, .F. ) ;
#4667 = CARTESIAN_POINT ( 'NONE',  ( 5.434999999999998721, 3.200000000000001954, 0.2050000000000002098 ) ) ;
#4668 = CARTESIAN_POINT ( 'NONE',  ( -7.775000000000001243, -3.969999999999997087, 2.244999999999999218 ) ) ;
#4669 = CARTESIAN_POINT ( 'NONE',  ( 5.434999999999998721, 3.200000000000001954, -0.2049999999999994049 ) ) ;
#4670 = ORIENTED_EDGE ( 'NONE', *, *, #2580, .T. ) ;
#4671 = ORIENTED_EDGE ( 'NONE', *, *, #6054, .T. ) ;
#4672 = DIRECTION ( 'NONE',  ( -0.000000000000000000, 1.000000000000000000, 0.000000000000000000 ) ) ;
#4673 = LINE ( 'NONE', #6603, #7543 ) ;
#4674 = LINE ( 'NONE', #4105, #3634 ) ;
#4675 = ORIENTED_EDGE ( 'NONE', *, *, #4254, .T. ) ;
#4676 = CLOSED_SHELL ( 'NONE', ( #1335, #7926, #4710, #1291, #5551, #6453, #7712, #279, #1178, #4636, #485, #3540, #7821, #6886, #7459, #6758 ) ) ;
#4677 = PLANE ( 'NONE',  #353 ) ;
#4678 = AXIS2_PLACEMENT_3D ( 'NONE', #6884, #4998, #6800 ) ;
#4679 = ORIENTED_EDGE ( 'NONE', *, *, #5000, .F. ) ;
#4680 = VERTEX_POINT ( 'NONE', #7651 ) ;
#4681 = VERTEX_POINT ( 'NONE', #1526 ) ;
#4682 = PLANE ( 'NONE',  #5769 ) ;
#4683 = AXIS2_PLACEMENT_3D ( 'NONE', #6746, #6251, #1770 ) ;
#4684 = CARTESIAN_POINT ( 'NONE',  ( -4.725000000000001421, 0.000000000000000000, 1.834999999999999742 ) ) ;
#4685 = ADVANCED_FACE ( 'NONE', ( #7739 ), #786, .F. ) ;
#4686 = LINE ( 'NONE', #7685, #3123 ) ;
#4687 = CARTESIAN_POINT ( 'NONE',  ( 0.000000000000000000, 18.03000000000000114, -0.6999999999999990674 ) ) ;
#4688 = LINE ( 'NONE', #6289, #4410 ) ;
#4689 = VECTOR ( 'NONE', #2545, 999.9999999999998863 ) ;
#4690 = VERTEX_POINT ( 'NONE', #3330 ) ;
#4691 = AXIS2_PLACEMENT_3D ( 'NONE', #8043, #2408, #5038 ) ;
#4692 = LINE ( 'NONE', #3499, #6072 ) ;
#4693 = CARTESIAN_POINT ( 'NONE',  ( 7.774999999999999467, -3.969999999999997087, 2.245000000000000107 ) ) ;
#4694 = DIRECTION ( 'NONE',  ( 0.000000000000000000, 0.000000000000000000, -1.000000000000000000 ) ) ;
#4695 = DIRECTION ( 'NONE',  ( 0.000000000000000000, 0.000000000000000000, -1.000000000000000000 ) ) ;
#4696 = AXIS2_PLACEMENT_3D ( 'NONE', #4930, #697, #31 ) ;
#4697 = VERTEX_POINT ( 'NONE', #4080 ) ;
#4698 = ADVANCED_FACE ( 'NONE', ( #950 ), #3293, .F. ) ;
#4699 = EDGE_LOOP ( 'NONE', ( #8090, #4595, #7219, #4087 ) ) ;
#4700 = CYLINDRICAL_SURFACE ( 'NONE', #5809, 0.6099999999999998757 ) ;
#4701 = CARTESIAN_POINT ( 'NONE',  ( -7.464999999999999858, -3.969999999999997087, 2.244999999999999218 ) ) ;
#4702 = VECTOR ( 'NONE', #1136, 1000.000000000000000 ) ;
#4703 = EDGE_CURVE ( 'NONE', #2486, #2076, #6414, .T. ) ;
#4704 = DIRECTION ( 'NONE',  ( 0.000000000000000000, 0.000000000000000000, 1.000000000000000000 ) ) ;
#4705 = DIRECTION ( 'NONE',  ( -1.000000000000000000, -0.000000000000000000, -0.000000000000000000 ) ) ;
#4706 = CARTESIAN_POINT ( 'NONE',  ( 2.894999999999999130, 0.000000000000000000, 2.245000000000000107 ) ) ;
#4707 = EDGE_CURVE ( 'NONE', #7666, #3215, #2335, .T. ) ;
#4708 = CARTESIAN_POINT ( 'NONE',  ( 2.894999999999999130, 1.447135020849696696, 0.03897837839542858673 ) ) ;
#4709 = EDGE_CURVE ( 'NONE', #2778, #2028, #5231, .T. ) ;
#4710 = ADVANCED_FACE ( 'NONE', ( #5269 ), #2806, .F. ) ;
#4711 = ORIENTED_EDGE ( 'NONE', *, *, #5688, .T. ) ;
#4712 = CARTESIAN_POINT ( 'NONE',  ( -0.9149999999999991473, 0.000000000000000000, 6.715000000000001634 ) ) ;
#4713 = ORIENTED_EDGE ( 'NONE', *, *, #5833, .T. ) ;
#4714 = DIRECTION ( 'NONE',  ( 0.000000000000000000, -0.9848077530122092416, -0.1736481776669237254 ) ) ;
#4715 = DIRECTION ( 'NONE',  ( 0.000000000000000000, 0.000000000000000000, 1.000000000000000000 ) ) ;
#4716 = CARTESIAN_POINT ( 'NONE',  ( 6.194999999999999396, -3.809999999999997389, 7.325000000000001066 ) ) ;
#4717 = ORIENTED_EDGE ( 'NONE', *, *, #4709, .F. ) ;
#4718 = DIRECTION ( 'NONE',  ( -0.000000000000000000, 1.000000000000000000, 1.285735975631406781E-16 ) ) ;
#4719 = ORIENTED_EDGE ( 'NONE', *, *, #2505, .T. ) ;
#4720 = ORIENTED_EDGE ( 'NONE', *, *, #7883, .T. ) ;
#4721 = EDGE_LOOP ( 'NONE', ( #6024, #2667, #7210, #2902 ) ) ;
#4722 = DIRECTION ( 'NONE',  ( -1.000000000000000000, -0.000000000000000000, -0.000000000000000000 ) ) ;
#4723 = CARTESIAN_POINT ( 'NONE',  ( -10.00632528852202086, 3.447419715568447618, -2.220071876700477898 ) ) ;
#4724 = CARTESIAN_POINT ( 'NONE',  ( 5.434999999999998721, 1.935118803897821982, -0.2049999999999995715 ) ) ;
#4725 = CARTESIAN_POINT ( 'NONE',  ( -0.9149999999999991473, -3.260504516109076434, 0.4050000000000000266 ) ) ;
#4726 =( LENGTH_UNIT ( ) NAMED_UNIT ( * ) SI_UNIT ( .MILLI., .METRE. ) );
#4727 = VERTEX_POINT ( 'NONE', #7787 ) ;
#4728 = EDGE_CURVE ( 'NONE', #1470, #3895, #2681, .T. ) ;
#4729 = AXIS2_PLACEMENT_3D ( 'NONE', #4183, #7330, #8040 ) ;
#4730 = CARTESIAN_POINT ( 'NONE',  ( -7.974999999999999645, 1.775124120931223182, 0.2849929109493202772 ) ) ;
#4731 = FILL_AREA_STYLE_COLOUR ( '', #938 ) ;
#4732 = CARTESIAN_POINT ( 'NONE',  ( 4.165000000000000924, 1.334386074560374613, 0.2990746116231766116 ) ) ;
#4733 = LINE ( 'NONE', #6079, #7670 ) ;
#4734 = VECTOR ( 'NONE', #7338, 1000.000000000000114 ) ;
#4735 = UNCERTAINTY_MEASURE_WITH_UNIT (LENGTH_MEASURE( 1.000000000000000082E-05 ), #5621, 'distance_accuracy_value', 'NONE');
#4736 = ORIENTED_EDGE ( 'NONE', *, *, #4891, .F. ) ;
#4737 = PLANE ( 'NONE',  #6461 ) ;
#4738 = VECTOR ( 'NONE', #5436, 1000.000000000000000 ) ;
#4739 = ORIENTED_EDGE ( 'NONE', *, *, #1828, .T. ) ;
#4740 = ORIENTED_EDGE ( 'NONE', *, *, #4830, .F. ) ;
#4741 = DIRECTION ( 'NONE',  ( 0.000000000000000000, -0.6000354452533958050, 0.7999734148329924466 ) ) ;
#4742 = FACE_OUTER_BOUND ( 'NONE', #2306, .T. ) ;
#4743 = CARTESIAN_POINT ( 'NONE',  ( -1.425000000000000933, -3.809999999999997389, 7.325000000000000178 ) ) ;
#4744 = MECHANICAL_DESIGN_GEOMETRIC_PRESENTATION_REPRESENTATION (  '', ( #4091 ), #6835 ) ;
#4745 = MECHANICAL_DESIGN_GEOMETRIC_PRESENTATION_REPRESENTATION (  '', ( #136 ), #542 ) ;
#4746 = CARTESIAN_POINT ( 'NONE',  ( -0.3550000000000002598, -3.420504516109077908, 1.834999999999999742 ) ) ;
#4747 = CARTESIAN_POINT ( 'NONE',  ( -6.704999999999999183, 1.935118803897821982, 0.4049999999999998046 ) ) ;
#4748 = CARTESIAN_POINT ( 'NONE',  ( 5.434999999999998721, 3.200000000000001954, -0.2049999999999994049 ) ) ;
#4749 = ADVANCED_FACE ( 'NONE', ( #2765 ), #825, .T. ) ;
#4750 = VECTOR ( 'NONE', #6432, 1000.000000000000000 ) ;
#4751 = PRESENTATION_LAYER_ASSIGNMENT (  '', '', ( #4222 ) ) ;
#4752 = VERTEX_POINT ( 'NONE', #2724 ) ;
#4753 = DIRECTION ( 'NONE',  ( -0.000000000000000000, 1.000000000000000000, 2.184790272011093839E-16 ) ) ;
#4754 = ADVANCED_FACE ( 'NONE', ( #2063 ), #2103, .F. ) ;
#4755 = ORIENTED_EDGE ( 'NONE', *, *, #4627, .T. ) ;
#4756 = CARTESIAN_POINT ( 'NONE',  ( 0.9150000000000009237, 3.200000000000001954, -0.2049999999999996547 ) ) ;
#4757 = EDGE_CURVE ( 'NONE', #7968, #6920, #6390, .T. ) ;
#4758 = AXIS2_PLACEMENT_3D ( 'NONE', #615, #3121, #4392 ) ;
#4759 = VECTOR ( 'NONE', #6175, 1000.000000000000000 ) ;
#4760 = DIRECTION ( 'NONE',  ( -1.000000000000000000, -0.000000000000000000, -0.000000000000000000 ) ) ;
#4761 = ORIENTED_EDGE ( 'NONE', *, *, #6998, .T. ) ;
#4762 = LINE ( 'NONE', #8005, #6912 ) ;
#4763 = VERTEX_POINT ( 'NONE', #4612 ) ;
#4764 = ORIENTED_EDGE ( 'NONE', *, *, #7113, .F. ) ;
#4765 =( NAMED_UNIT ( * ) PLANE_ANGLE_UNIT ( ) SI_UNIT ( $, .RADIAN. ) );
#4766 = ORIENTED_EDGE ( 'NONE', *, *, #1137, .F. ) ;
#4767 = CARTESIAN_POINT ( 'NONE',  ( 7.974999999999999645, 0.000000000000000000, 1.835000000000000409 ) ) ;
#4768 = LINE ( 'NONE', #4723, #7444 ) ;
#4769 = EDGE_CURVE ( 'NONE', #7371, #6811, #7150, .T. ) ;
#4770 = DIRECTION ( 'NONE',  ( 1.000000000000000000, 0.000000000000000000, 0.000000000000000000 ) ) ;
#4771 = LINE ( 'NONE', #1603, #6772 ) ;
#4772 = LINE ( 'NONE', #861, #1068 ) ;
#4773 = ORIENTED_EDGE ( 'NONE', *, *, #6383, .T. ) ;
#4774 = ORIENTED_EDGE ( 'NONE', *, *, #6911, .T. ) ;
#4775 = CIRCLE ( 'NONE', #3987, 0.6099999999999996536 ) ;
#4776 = CARTESIAN_POINT ( 'NONE',  ( -8.534999999999998366, 1.334386074560374613, 0.2990746116231760010 ) ) ;
#4777 = DIRECTION ( 'NONE',  ( -0.000000000000000000, -0.000000000000000000, 1.000000000000000000 ) ) ;
#4778 = DIRECTION ( 'NONE',  ( -1.000000000000000000, -0.000000000000000000, -0.000000000000000000 ) ) ;
#4779 = CARTESIAN_POINT ( 'NONE',  ( -7.974999999999999645, 0.000000000000000000, 1.635000000000000231 ) ) ;
#4780 = CYLINDRICAL_SURFACE ( 'NONE', #5779, 1.905000000000000027 ) ;
#4781 = AXIS2_PLACEMENT_3D ( 'NONE', #2188, #4237, #4851 ) ;
#4782 = VERTEX_POINT ( 'NONE', #3998 ) ;
#4783 = CARTESIAN_POINT ( 'NONE',  ( 6.705000000000000959, 0.000000000000000000, 6.915000000000001812 ) ) ;
#4784 = DIRECTION ( 'NONE',  ( 0.000000000000000000, -0.1736481776669237254, 0.9848077530122092416 ) ) ;
#4785 = DIRECTION ( 'NONE',  ( -1.000000000000000000, -0.000000000000000000, 0.000000000000000000 ) ) ;
#4786 = DIRECTION ( 'NONE',  ( 0.000000000000000000, 1.092395136005547166E-16, -1.000000000000000000 ) ) ;
#4787 = AXIS2_PLACEMENT_3D ( 'NONE', #1474, #76, #4474 ) ;
#4788 = EDGE_CURVE ( 'NONE', #193, #1838, #3250, .T. ) ;
#4789 = LINE ( 'NONE', #6050, #6648 ) ;
#4790 = ORIENTED_EDGE ( 'NONE', *, *, #4806, .T. ) ;
#4791 = LINE ( 'NONE', #4137, #863 ) ;
#4792 = CIRCLE ( 'NONE', #454, 0.6099999999999998757 ) ;
#4793 = VERTEX_POINT ( 'NONE', #866 ) ;
#4794 = LINE ( 'NONE', #6751, #5315 ) ;
#4795 = ORIENTED_EDGE ( 'NONE', *, *, #7920, .F. ) ;
#4796 = CARTESIAN_POINT ( 'NONE',  ( -4.725000000000001421, 0.000000000000000000, 1.835000000000000187 ) ) ;
#4797 = EDGE_CURVE ( 'NONE', #5415, #6794, #7192, .T. ) ;
#4798 = CYLINDRICAL_SURFACE ( 'NONE', #6385, 0.6099999999999989875 ) ;
#4799 = DIRECTION ( 'NONE',  ( -1.000000000000000000, -0.000000000000000000, 0.000000000000000000 ) ) ;
#4800 = EDGE_CURVE ( 'NONE', #7058, #3362, #1567, .T. ) ;
#4801 = VERTEX_POINT ( 'NONE', #4732 ) ;
#4802 = ORIENTED_EDGE ( 'NONE', *, *, #6303, .T. ) ;
#4803 = EDGE_CURVE ( 'NONE', #5971, #6218, #531, .T. ) ;
#4804 = EDGE_LOOP ( 'NONE', ( #7408, #4234, #5898, #4528 ) ) ;
#4805 = PLANE ( 'NONE',  #1312 ) ;
#4806 = EDGE_CURVE ( 'NONE', #2876, #6920, #5349, .T. ) ;
#4807 = CLOSED_SHELL ( 'NONE', ( #2893, #6847, #775, #2140, #7610, #671, #4039, #6250, #3498, #226, #893, #6410, #270, #1937, #6027, #3221 ) ) ;
#4808 = VECTOR ( 'NONE', #100, 1000.000000000000000 ) ;
#4809 = PLANE ( 'NONE',  #2943 ) ;
#4810 = CARTESIAN_POINT ( 'NONE',  ( 5.434999999999998721, 3.200000000000001954, 0.2050000000000002098 ) ) ;
#4811 = EDGE_CURVE ( 'NONE', #1096, #1426, #1066, .T. ) ;
#4812 = VERTEX_POINT ( 'NONE', #7232 ) ;
#4813 = AXIS2_PLACEMENT_3D ( 'NONE', #3753, #5479, #467 ) ;
#4814 = EDGE_CURVE ( 'NONE', #4906, #5773, #6625, .T. ) ;
#4815 = DIRECTION ( 'NONE',  ( 0.000000000000000000, -0.6000354452533959160, 0.7999734148329924466 ) ) ;
#4816 = CARTESIAN_POINT ( 'NONE',  ( 2.694999999999999396, -3.969999999999997087, 2.244999999999999662 ) ) ;
#4817 = CARTESIAN_POINT ( 'NONE',  ( -2.185000000000001386, 1.447135020849696696, 0.03897837839542835081 ) ) ;
#4818 = FACE_OUTER_BOUND ( 'NONE', #4926, .T. ) ;
#4819 = DIRECTION ( 'NONE',  ( 0.000000000000000000, -0.000000000000000000, 1.000000000000000000 ) ) ;
#4820 = AXIS2_PLACEMENT_3D ( 'NONE', #4454, #7708, #3925 ) ;
#4821 = ORIENTED_EDGE ( 'NONE', *, *, #3188, .F. ) ;
#4822 = CARTESIAN_POINT ( 'NONE',  ( -0.1550000000000014977, -3.969999999999997087, 2.244999999999999662 ) ) ;
#4823 = CARTESIAN_POINT ( 'NONE',  ( 5.995000000000000107, 0.6007327293374460364, 6.820925388376825715 ) ) ;
#4824 = CARTESIAN_POINT ( 'NONE',  ( -8.534999999999998366, 0.000000000000000000, 6.915000000000000924 ) ) ;
#4825 = DIRECTION ( 'NONE',  ( 0.000000000000000000, 0.000000000000000000, -1.000000000000000000 ) ) ;
#4826 = AXIS2_PLACEMENT_3D ( 'NONE', #2146, #4526, #4573 ) ;
#4827 = DIRECTION ( 'NONE',  ( -1.000000000000000000, -0.000000000000000000, -0.000000000000000000 ) ) ;
#4828 = ORIENTED_EDGE ( 'NONE', *, *, #6198, .F. ) ;
#4829 = CARTESIAN_POINT ( 'NONE',  ( -5.994999999999998330, 0.000000000000000000, 6.715000000000001634 ) ) ;
#4830 = EDGE_CURVE ( 'NONE', #660, #4877, #7046, .T. ) ;
#4831 = AXIS2_PLACEMENT_3D ( 'NONE', #4311, #6807, #688 ) ;
#4832 = VERTEX_POINT ( 'NONE', #989 ) ;
#4833 = EDGE_CURVE ( 'NONE', #2298, #6264, #5428, .T. ) ;
#4834 = CARTESIAN_POINT ( 'NONE',  ( 1.625000000000001332, 3.200000000000001954, 0.2049999999999999600 ) ) ;
#4835 = ORIENTED_EDGE ( 'NONE', *, *, #1632, .F. ) ;
#4836 = CARTESIAN_POINT ( 'NONE',  ( 7.974999999999999645, 0.4879837830481246197, 2.001021621604571976 ) ) ;
#4837 = DIRECTION ( 'NONE',  ( -1.000000000000000000, -0.000000000000000000, -0.000000000000000000 ) ) ;
#4838 = LINE ( 'NONE', #7253, #7429 ) ;
#4839 = DIRECTION ( 'NONE',  ( 0.3420201433256701562, 0.9396926207859078728, 1.026515648286830928E-16 ) ) ;
#4840 = VERTEX_POINT ( 'NONE', #3501 ) ;
#4841 = ORIENTED_EDGE ( 'NONE', *, *, #7615, .F. ) ;
#4842 = ORIENTED_EDGE ( 'NONE', *, *, #5649, .F. ) ;
#4843 = LINE ( 'NONE', #6067, #4734 ) ;
#4844 = DIRECTION ( 'NONE',  ( 1.000000000000000000, 0.000000000000000000, -0.000000000000000000 ) ) ;
#4845 = DIRECTION ( 'NONE',  ( -0.3420201433256687684, 0.9396926207859083169, -0.000000000000000000 ) ) ;
#4846 = LINE ( 'NONE', #6147, #868 ) ;
#4847 = EDGE_CURVE ( 'NONE', #2905, #187, #3515, .T. ) ;
#4848 = ORIENTED_EDGE ( 'NONE', *, *, #1373, .F. ) ;
#4849 = ADVANCED_FACE ( 'NONE', ( #494 ), #3536, .F. ) ;
#4850 = DIRECTION ( 'NONE',  ( -0.000000000000000000, -0.000000000000000000, 1.000000000000000000 ) ) ;
#4851 = DIRECTION ( 'NONE',  ( 0.000000000000000000, -0.000000000000000000, -1.000000000000000000 ) ) ;
#4852 = EDGE_CURVE ( 'NONE', #3874, #1303, #3003, .T. ) ;
#4853 = EDGE_CURVE ( 'NONE', #2295, #278, #6078, .T. ) ;
#4854 = FILL_AREA_STYLE_COLOUR ( '', #1454 ) ;
#4855 = VECTOR ( 'NONE', #3070, 1000.000000000000000 ) ;
#4856 = VERTEX_POINT ( 'NONE', #7314 ) ;
#4857 = DIRECTION ( 'NONE',  ( -0.000000000000000000, 1.000000000000000000, -0.000000000000000000 ) ) ;
#4858 = FACE_OUTER_BOUND ( 'NONE', #4512, .T. ) ;
#4859 = CARTESIAN_POINT ( 'NONE',  ( 7.974999999999999645, 1.775124120931223182, 0.2849929109493209989 ) ) ;
#4860 = VECTOR ( 'NONE', #855, 1000.000000000000000 ) ;
#4861 = DIRECTION ( 'NONE',  ( 0.000000000000000000, 0.6000354452533959160, -0.7999734148329924466 ) ) ;
#4862 = LINE ( 'NONE', #6049, #2936 ) ;
#4863 = CARTESIAN_POINT ( 'NONE',  ( 2.184999999999999609, -3.420504516109077908, 1.834999999999999964 ) ) ;
#4864 = ORIENTED_EDGE ( 'NONE', *, *, #7743, .T. ) ;
#4865 = DIRECTION ( 'NONE',  ( 0.000000000000000000, 0.000000000000000000, 1.000000000000000000 ) ) ;
#4866 = VERTEX_POINT ( 'NONE', #457 ) ;
#4867 = DIRECTION ( 'NONE',  ( 0.000000000000000000, -1.000000000000000000, -1.285735975631406781E-16 ) ) ;
#4868 = VECTOR ( 'NONE', #3471, 1000.000000000000000 ) ;
#4869 = ORIENTED_EDGE ( 'NONE', *, *, #4927, .T. ) ;
#4870 = PLANE ( 'NONE',  #4729 ) ;
#4871 = DIRECTION ( 'NONE',  ( -0.000000000000000000, 1.000000000000000000, -0.000000000000000000 ) ) ;
#4872 = LINE ( 'NONE', #3675, #7707 ) ;
#4873 = FACE_OUTER_BOUND ( 'NONE', #8108, .T. ) ;
#4874 = AXIS2_PLACEMENT_3D ( 'NONE', #2684, #5192, #4002 ) ;
#4875 = VECTOR ( 'NONE', #6285, 1000.000000000000000 ) ;
#4876 = EDGE_CURVE ( 'NONE', #7551, #7968, #5467, .T. ) ;
#4877 = VERTEX_POINT ( 'NONE', #2350 ) ;
#4878 = ORIENTED_EDGE ( 'NONE', *, *, #7556, .F. ) ;
#4879 = EDGE_LOOP ( 'NONE', ( #5753, #4578, #4679, #4593, #5013, #3449, #7377, #1035, #5799, #6645, #994, #4335 ) ) ;
#4880 = LINE ( 'NONE', #7379, #6568 ) ;
#4881 = PRESENTATION_LAYER_ASSIGNMENT (  '', '', ( #7367 ) ) ;
#4882 = DIRECTION ( 'NONE',  ( 0.000000000000000000, 0.000000000000000000, -1.000000000000000000 ) ) ;
#4883 = LINE ( 'NONE', #8098, #5826 ) ;
#4884 = DIRECTION ( 'NONE',  ( 0.000000000000000000, -0.1736481776669237254, 0.9848077530122092416 ) ) ;
#4885 = EDGE_CURVE ( 'NONE', #2297, #3235, #2270, .T. ) ;
#4886 = ORIENTED_EDGE ( 'NONE', *, *, #430, .F. ) ;
#4887 = ORIENTED_EDGE ( 'NONE', *, *, #6501, .F. ) ;
#4888 = ORIENTED_EDGE ( 'NONE', *, *, #1680, .T. ) ;
#4889 = CARTESIAN_POINT ( 'NONE',  ( -8.534999999999998366, 1.935118803897821982, 0.4049999999999996936 ) ) ;
#4890 = DIRECTION ( 'NONE',  ( -1.000000000000000000, -0.000000000000000000, -0.000000000000000000 ) ) ;
#4891 = EDGE_CURVE ( 'NONE', #7297, #1257, #7713, .T. ) ;
#4892 = CARTESIAN_POINT ( 'NONE',  ( 4.724999999999999645, 1.775124120931223182, 0.2849929109493208879 ) ) ;
#4893 = EDGE_CURVE ( 'NONE', #623, #3727, #6126, .T. ) ;
#4894 = VECTOR ( 'NONE', #7941, 1000.000000000000000 ) ;
#4895 = ORIENTED_EDGE ( 'NONE', *, *, #4443, .T. ) ;
#4896 = EDGE_CURVE ( 'NONE', #7414, #6964, #1717, .T. ) ;
#4897 = CARTESIAN_POINT ( 'NONE',  ( -5.994999999999998330, 1.935118803897821982, 0.4049999999999998046 ) ) ;
#4898 = PLANE ( 'NONE',  #5709 ) ;
#4899 = DIRECTION ( 'NONE',  ( -1.000000000000000000, -0.000000000000000000, -0.000000000000000000 ) ) ;
#4900 = CARTESIAN_POINT ( 'NONE',  ( 5.434999999999998721, 1.935118803897821982, 0.4050000000000001932 ) ) ;
#4901 = DIRECTION ( 'NONE',  ( 0.000000000000000000, -1.000000000000000000, 0.000000000000000000 ) ) ;
#4902 = VECTOR ( 'NONE', #6613, 1000.000000000000000 ) ;
#4903 = CARTESIAN_POINT ( 'NONE',  ( 8.535000000000000142, 0.000000000000000000, 7.325000000000001066 ) ) ;
#4904 = AXIS2_PLACEMENT_3D ( 'NONE', #5557, #6871, #6948 ) ;
#4905 = LINE ( 'NONE', #7403, #4536 ) ;
#4906 = VERTEX_POINT ( 'NONE', #5505 ) ;
#4907 = FACE_OUTER_BOUND ( 'NONE', #4149, .T. ) ;
#4908 = ADVANCED_FACE ( 'NONE', ( #8019 ), #2384, .F. ) ;
#4909 = ORIENTED_EDGE ( 'NONE', *, *, #340, .T. ) ;
#4910 = VECTOR ( 'NONE', #3783, 1000.000000000000000 ) ;
#4911 = FACE_OUTER_BOUND ( 'NONE', #1705, .T. ) ;
#4912 = CARTESIAN_POINT ( 'NONE',  ( -5.994999999999998330, 0.000000000000000000, 6.715000000000001634 ) ) ;
#4913 = DIRECTION ( 'NONE',  ( 0.000000000000000000, -2.184790272011094332E-16, 1.000000000000000000 ) ) ;
#4914 = CARTESIAN_POINT ( 'NONE',  ( 2.894999999999999130, 0.000000000000000000, 1.635000000000000675 ) ) ;
#4915 = ORIENTED_EDGE ( 'NONE', *, *, #52, .T. ) ;
#4916 = ORIENTED_EDGE ( 'NONE', *, *, #1738, .F. ) ;
#4917 = ORIENTED_EDGE ( 'NONE', *, *, #3772, .F. ) ;
#4918 = LINE ( 'NONE', #448, #1970 ) ;
#4919 = CARTESIAN_POINT ( 'NONE',  ( -4.725000000000001421, 1.935118803897821982, -0.2050000000000000155 ) ) ;
#4920 = CARTESIAN_POINT ( 'NONE',  ( -8.534999999999998366, 0.6007327293374460364, 6.820925388376824827 ) ) ;
#4921 = DIRECTION ( 'NONE',  ( -1.000000000000000000, -0.000000000000000000, -0.000000000000000000 ) ) ;
#4922 = ORIENTED_EDGE ( 'NONE', *, *, #864, .F. ) ;
#4923 = ORIENTED_EDGE ( 'NONE', *, *, #2193, .T. ) ;
#4924 = PLANE ( 'NONE',  #2123 ) ;
#4925 = VECTOR ( 'NONE', #6412, 1000.000000000000000 ) ;
#4926 = EDGE_LOOP ( 'NONE', ( #1277, #976, #643, #616, #5078, #2069 ) ) ;
#4927 = EDGE_CURVE ( 'NONE', #6202, #1554, #1147, .T. ) ;
#4928 = AXIS2_PLACEMENT_3D ( 'NONE', #6712, #7919, #352 ) ;
#4929 = FILL_AREA_STYLE ('',( #3002 ) ) ;
#4930 = CARTESIAN_POINT ( 'NONE',  ( -8.534999999999998366, 0.000000000000000000, 6.715000000000001634 ) ) ;
#4931 = CARTESIAN_POINT ( 'NONE',  ( 2.894999999999999130, 0.000000000000000000, 2.245000000000000107 ) ) ;
#4932 = ORIENTED_EDGE ( 'NONE', *, *, #2651, .F. ) ;
#4933 = CLOSED_SHELL ( 'NONE', ( #168, #5596, #4908, #1888, #5004, #4169, #5049, #687, #3930, #5053, #8077, #6083, #5847, #7334, #7979, #4666 ) ) ;
#4934 = VECTOR ( 'NONE', #6572, 1000.000000000000000 ) ;
#4935 = ORIENTED_EDGE ( 'NONE', *, *, #3001, .T. ) ;
#4936 = ORIENTED_EDGE ( 'NONE', *, *, #3505, .T. ) ;
#4937 = DIRECTION ( 'NONE',  ( 0.000000000000000000, 0.000000000000000000, -1.000000000000000000 ) ) ;
#4938 = CARTESIAN_POINT ( 'NONE',  ( 4.165000000000000924, -3.809999999999997389, 6.915000000000001812 ) ) ;
#4939 =( NAMED_UNIT ( * ) PLANE_ANGLE_UNIT ( ) SI_UNIT ( $, .RADIAN. ) );
#4940 = VECTOR ( 'NONE', #4718, 1000.000000000000000 ) ;
#4941 = DIRECTION ( 'NONE',  ( -1.000000000000000000, -0.000000000000000000, -0.000000000000000000 ) ) ;
#4942 = FACE_OUTER_BOUND ( 'NONE', #1707, .T. ) ;
#4943 = DIRECTION ( 'NONE',  ( -1.000000000000000000, -0.000000000000000000, -0.000000000000000000 ) ) ;
#4944 = EDGE_LOOP ( 'NONE', ( #1757, #3530, #3856, #4720 ) ) ;
#4945 = VECTOR ( 'NONE', #3762, 1000.000000000000000 ) ;
#4946 = FACE_OUTER_BOUND ( 'NONE', #3433, .T. ) ;
#4947 = VECTOR ( 'NONE', #2409, 1000.000000000000000 ) ;
#4948 = ADVANCED_FACE ( 'NONE', ( #7431 ), #6279, .F. ) ;
#4949 = ORIENTED_EDGE ( 'NONE', *, *, #813, .T. ) ;
#4950 = CARTESIAN_POINT ( 'NONE',  ( 3.455000000000000515, 0.000000000000000000, 6.715000000000002522 ) ) ;
#4951 = ORIENTED_EDGE ( 'NONE', *, *, #3748, .T. ) ;
#4952 = AXIS2_PLACEMENT_3D ( 'NONE', #6579, #1484, #295 ) ;
#4953 = DIRECTION ( 'NONE',  ( 0.000000000000000000, -1.000000000000000000, 0.000000000000000000 ) ) ;
#4954 = EDGE_CURVE ( 'NONE', #6794, #2979, #656, .T. ) ;
#4955 = DIRECTION ( 'NONE',  ( 0.000000000000000000, -0.1736481776669237254, 0.9848077530122092416 ) ) ;
#4956 = CARTESIAN_POINT ( 'NONE',  ( -3.454999999999999627, 3.200000000000001954, 0.2049999999999997380 ) ) ;
#4957 = VERTEX_POINT ( 'NONE', #3782 ) ;
#4958 = CARTESIAN_POINT ( 'NONE',  ( 8.734999999999999432, -3.809999999999997389, 7.325000000000001066 ) ) ;
#4959 = EDGE_CURVE ( 'NONE', #2981, #356, #8141, .T. ) ;
#4960 = EDGE_CURVE ( 'NONE', #7831, #3919, #5544, .T. ) ;
#4961 = VECTOR ( 'NONE', #3071, 1000.000000000000000 ) ;
#4962 = ORIENTED_EDGE ( 'NONE', *, *, #871, .T. ) ;
#4963 = ORIENTED_EDGE ( 'NONE', *, *, #5727, .F. ) ;
#4964 = EDGE_LOOP ( 'NONE', ( #5930, #1359, #6190, #1980 ) ) ;
#4965 = CARTESIAN_POINT ( 'NONE',  ( 4.165000000000000924, 1.738157253295379956, 0.3702703644666155425 ) ) ;
#4966 = VECTOR ( 'NONE', #2702, 1000.000000000000000 ) ;
#4967 = LINE ( 'NONE', #521, #4961 ) ;
#4968 = LINE ( 'NONE', #1836, #4001 ) ;
#4969 = LINE ( 'NONE', #6854, #4036 ) ;
#4970 = ORIENTED_EDGE ( 'NONE', *, *, #722, .T. ) ;
#4971 = ORIENTED_EDGE ( 'NONE', *, *, #6144, .F. ) ;
#4972 = DIRECTION ( 'NONE',  ( 0.000000000000000000, 0.000000000000000000, 1.000000000000000000 ) ) ;
#4973 = ORIENTED_EDGE ( 'NONE', *, *, #2750, .F. ) ;
#4974 = CARTESIAN_POINT ( 'NONE',  ( -3.454999999999999627, 0.000000000000000000, 7.325000000000000178 ) ) ;
#4975 = DIRECTION ( 'NONE',  ( 0.000000000000000000, 0.000000000000000000, 1.000000000000000000 ) ) ;
#4976 = DIRECTION ( 'NONE',  ( 0.000000000000000000, -1.000000000000000000, -1.285735975631406781E-16 ) ) ;
#4977 = EDGE_LOOP ( 'NONE', ( #4362, #5335, #2989, #5121, #6844, #6134 ) ) ;
#4978 = FILL_AREA_STYLE ('',( #1189 ) ) ;
#4979 = EDGE_CURVE ( 'NONE', #7933, #5073, #1014, .T. ) ;
#4980 = ORIENTED_EDGE ( 'NONE', *, *, #6684, .F. ) ;
#4981 = VERTEX_POINT ( 'NONE', #5017 ) ;
#4982 = DIRECTION ( 'NONE',  ( -0.9396926207859078728, 0.3420201433256702117, 0.000000000000000000 ) ) ;
#4983 = LINE ( 'NONE', #7526, #1108 ) ;
#4984 = FACE_OUTER_BOUND ( 'NONE', #6019, .T. ) ;
#4985 = FACE_OUTER_BOUND ( 'NONE', #4026, .T. ) ;
#4986 = ORIENTED_EDGE ( 'NONE', *, *, #6409, .F. ) ;
#4987 = VERTEX_POINT ( 'NONE', #6320 ) ;
#4988 = DIRECTION ( 'NONE',  ( -0.1218693434051412172, -0.000000000000000000, -0.9925461516413227603 ) ) ;
#4989 = EDGE_LOOP ( 'NONE', ( #7646, #557, #4272, #4144 ) ) ;
#4990 = AXIS2_PLACEMENT_3D ( 'NONE', #1821, #3834, #4336 ) ;
#4991 = CARTESIAN_POINT ( 'NONE',  ( -5.435000000000001386, 0.000000000000000000, 1.635000000000000231 ) ) ;
#4992 = ORIENTED_EDGE ( 'NONE', *, *, #705, .F. ) ;
#4993 = PLANE ( 'NONE',  #2503 ) ;
#4994 = DIRECTION ( 'NONE',  ( 0.000000000000000000, 1.092395136005547166E-16, -1.000000000000000000 ) ) ;
#4995 = DIRECTION ( 'NONE',  ( -1.000000000000000000, -0.000000000000000000, -0.000000000000000000 ) ) ;
#4996 = ADVANCED_FACE ( 'NONE', ( #3040 ), #6237, .F. ) ;
#4997 = EDGE_LOOP ( 'NONE', ( #5704, #5193, #7727, #3811 ) ) ;
#4998 = DIRECTION ( 'NONE',  ( 0.000000000000000000, 1.092395136005547166E-16, -1.000000000000000000 ) ) ;
#4999 = VERTEX_POINT ( 'NONE', #1348 ) ;
#5000 = EDGE_CURVE ( 'NONE', #4660, #4617, #3860, .T. ) ;
#5001 = EDGE_LOOP ( 'NONE', ( #5371, #2529, #6782, #3259, #1456, #1125 ) ) ;
#5002 = ORIENTED_EDGE ( 'NONE', *, *, #3176, .T. ) ;
#5003 = LINE ( 'NONE', #605, #1834 ) ;
#5004 = ADVANCED_FACE ( 'NONE', ( #7473 ), #7518, .T. ) ;
#5005 = EDGE_CURVE ( 'NONE', #4877, #2099, #74, .T. ) ;
#5006 =( GEOMETRIC_REPRESENTATION_CONTEXT ( 3 ) GLOBAL_UNCERTAINTY_ASSIGNED_CONTEXT ( ( #4735 ) ) GLOBAL_UNIT_ASSIGNED_CONTEXT ( ( #5621, #5015, #6775 ) ) REPRESENTATION_CONTEXT ( 'NONE', 'WORKASPACE' ) );
#5007 = PLANE ( 'NONE',  #2213 ) ;
#5008 = PLANE ( 'NONE',  #8078 ) ;
#5009 = DIRECTION ( 'NONE',  ( 0.000000000000000000, -0.6000354452533959160, 0.7999734148329924466 ) ) ;
#5010 = ORIENTED_EDGE ( 'NONE', *, *, #3249, .F. ) ;
#5011 = DIRECTION ( 'NONE',  ( 0.000000000000000000, 0.000000000000000000, 1.000000000000000000 ) ) ;
#5012 = VECTOR ( 'NONE', #5720, 1000.000000000000000 ) ;
#5013 = ORIENTED_EDGE ( 'NONE', *, *, #3975, .F. ) ;
#5014 = EDGE_CURVE ( 'NONE', #4840, #7197, #1308, .T. ) ;
#5015 =( NAMED_UNIT ( * ) PLANE_ANGLE_UNIT ( ) SI_UNIT ( $, .RADIAN. ) );
#5016 = MANIFOLD_SOLID_BREP ( 'LPattern1[9]', #7419 ) ;
#5017 = CARTESIAN_POINT ( 'NONE',  ( -4.725000000000001421, 0.000000000000000000, 2.245000000000000107 ) ) ;
#5018 = CARTESIAN_POINT ( 'NONE',  ( 6.705000000000000959, 3.200000000000001954, -0.2049999999999994049 ) ) ;
#5019 = VECTOR ( 'NONE', #6360, 1000.000000000000000 ) ;
#5020 = VECTOR ( 'NONE', #2113, 1000.000000000000114 ) ;
#5021 = ORIENTED_EDGE ( 'NONE', *, *, #6466, .T. ) ;
#5022 = DIRECTION ( 'NONE',  ( -1.000000000000000000, -0.000000000000000000, -0.000000000000000000 ) ) ;
#5023 = FILL_AREA_STYLE ('',( #4401 ) ) ;
#5024 = DIRECTION ( 'NONE',  ( -1.000000000000000000, 0.000000000000000000, -0.000000000000000000 ) ) ;
#5025 = LINE ( 'NONE', #1897, #7127 ) ;
#5026 = LINE ( 'NONE', #3012, #7166 ) ;
#5027 = ORIENTED_EDGE ( 'NONE', *, *, #6637, .F. ) ;
#5028 = CIRCLE ( 'NONE', #6615, 0.2000000000000003164 ) ;
#5029 = CARTESIAN_POINT ( 'NONE',  ( -10.00999999999999979, 17.77000000000003510, -2.250000000000001332 ) ) ;
#5030 = ORIENTED_EDGE ( 'NONE', *, *, #1544, .T. ) ;
#5031 = DIRECTION ( 'NONE',  ( 1.000000000000000000, 0.000000000000000000, 0.000000000000000000 ) ) ;
#5032 = ORIENTED_EDGE ( 'NONE', *, *, #7662, .F. ) ;
#5033 = CIRCLE ( 'NONE', #6732, 0.6099999999999998757 ) ;
#5034 = DIRECTION ( 'NONE',  ( 0.000000000000000000, 0.000000000000000000, -1.000000000000000000 ) ) ;
#5035 = EDGE_CURVE ( 'NONE', #5502, #7666, #6976, .T. ) ;
#5036 = DIRECTION ( 'NONE',  ( 0.000000000000000000, 0.000000000000000000, 1.000000000000000000 ) ) ;
#5037 = VECTOR ( 'NONE', #3790, 1000.000000000000000 ) ;
#5038 = DIRECTION ( 'NONE',  ( 0.000000000000000000, 0.000000000000000000, -1.000000000000000000 ) ) ;
#5039 = ORIENTED_EDGE ( 'NONE', *, *, #4893, .F. ) ;
#5040 = CARTESIAN_POINT ( 'NONE',  ( -9.244999999999999218, 1.935118803897821982, 0.2049999999999994882 ) ) ;
#5041 = VECTOR ( 'NONE', #7519, 1000.000000000000000 ) ;
#5042 = ORIENTED_EDGE ( 'NONE', *, *, #4495, .T. ) ;
#5043 = EDGE_LOOP ( 'NONE', ( #7272, #3018, #5201, #1489 ) ) ;
#5044 = CARTESIAN_POINT ( 'NONE',  ( 0.1549999999999997491, -3.969999999999997087, 1.834999999999999520 ) ) ;
#5045 = FACE_OUTER_BOUND ( 'NONE', #2761, .T. ) ;
#5046 = EDGE_CURVE ( 'NONE', #4856, #3563, #618, .T. ) ;
#5047 = VECTOR ( 'NONE', #1737, 1000.000000000000000 ) ;
#5048 = CARTESIAN_POINT ( 'NONE',  ( -8.534999999999998366, 1.935118803897821982, 0.4049999999999996936 ) ) ;
#5049 = ADVANCED_FACE ( 'NONE', ( #5136 ), #7643, .F. ) ;
#5050 = ORIENTED_EDGE ( 'NONE', *, *, #5402, .F. ) ;
#5051 = FACE_OUTER_BOUND ( 'NONE', #2698, .T. ) ;
#5052 = VERTEX_POINT ( 'NONE', #2095 ) ;
#5053 = ADVANCED_FACE ( 'NONE', ( #5907 ), #4518, .F. ) ;
#5054 = CARTESIAN_POINT ( 'NONE',  ( 0.9150000000000009237, 0.000000000000000000, 6.715000000000002522 ) ) ;
#5055 = DIRECTION ( 'NONE',  ( 0.000000000000000000, 0.000000000000000000, -1.000000000000000000 ) ) ;
#5056 = ADVANCED_FACE ( 'NONE', ( #6405 ), #2631, .F. ) ;
#5057 = CARTESIAN_POINT ( 'NONE',  ( 9.245000000000000995, -3.260504516109076434, 6.915000000000001812 ) ) ;
#5058 = ORIENTED_EDGE ( 'NONE', *, *, #6611, .F. ) ;
#5059 = CARTESIAN_POINT ( 'NONE',  ( -3.454999999999999627, 3.200000000000001954, -0.2049999999999998490 ) ) ;
#5060 = EDGE_CURVE ( 'NONE', #3643, #4660, #7064, .T. ) ;
#5061 = EDGE_LOOP ( 'NONE', ( #6586, #5208, #223, #6888 ) ) ;
#5062 = ORIENTED_EDGE ( 'NONE', *, *, #477, .T. ) ;
#5063 = CARTESIAN_POINT ( 'NONE',  ( 4.924999999999998934, -3.969999999999997087, 2.245000000000000107 ) ) ;
#5064 = DIRECTION ( 'NONE',  ( -1.000000000000000000, -0.000000000000000000, -0.000000000000000000 ) ) ;
#5065 = DIRECTION ( 'NONE',  ( 1.000000000000000000, 0.000000000000000000, -0.000000000000000000 ) ) ;
#5066 = AXIS2_PLACEMENT_3D ( 'NONE', #7076, #2199, #2110 ) ;
#5067 = VECTOR ( 'NONE', #3969, 1000.000000000000000 ) ;
#5068 = DIRECTION ( 'NONE',  ( -1.000000000000000000, -0.000000000000000000, -0.000000000000000000 ) ) ;
#5069 = CARTESIAN_POINT ( 'NONE',  ( -4.165000000000000036, 3.200000000000001954, 0.2049999999999997380 ) ) ;
#5070 = VERTEX_POINT ( 'NONE', #4601 ) ;
#5071 = VECTOR ( 'NONE', #246, 1000.000000000000000 ) ;
#5072 = DIRECTION ( 'NONE',  ( 0.000000000000000000, 0.000000000000000000, 1.000000000000000000 ) ) ;
#5073 = VERTEX_POINT ( 'NONE', #1473 ) ;
#5074 = CARTESIAN_POINT ( 'NONE',  ( 9.045000000000001705, -3.809999999999997389, 7.325000000000001066 ) ) ;
#5075 = DIRECTION ( 'NONE',  ( 0.000000000000000000, 1.000000000000000000, 1.092395136005547166E-16 ) ) ;
#5076 = FACE_OUTER_BOUND ( 'NONE', #7424, .T. ) ;
#5077 = ORIENTED_EDGE ( 'NONE', *, *, #6348, .T. ) ;
#5078 = ORIENTED_EDGE ( 'NONE', *, *, #1476, .F. ) ;
#5079 = DIRECTION ( 'NONE',  ( 0.000000000000000000, -0.000000000000000000, -1.000000000000000000 ) ) ;
#5080 = VECTOR ( 'NONE', #5250, 1000.000000000000000 ) ;
#5081 = EDGE_CURVE ( 'NONE', #104, #897, #4033, .T. ) ;
#5082 = VECTOR ( 'NONE', #7079, 1000.000000000000000 ) ;
#5083 = ORIENTED_EDGE ( 'NONE', *, *, #5211, .F. ) ;
#5084 = ORIENTED_EDGE ( 'NONE', *, *, #7511, .F. ) ;
#5085 = CARTESIAN_POINT ( 'NONE',  ( 2.894999999999999130, 0.1599946829665978842, 1.755007089050679259 ) ) ;
#5086 = CARTESIAN_POINT ( 'NONE',  ( 2.894999999999999130, 1.447135020849696474, 0.03897837839542869776 ) ) ;
#5087 = VECTOR ( 'NONE', #166, 1000.000000000000000 ) ;
#5088 = DIRECTION ( 'NONE',  ( 0.000000000000000000, 2.571471951262813563E-16, -1.000000000000000000 ) ) ;
#5089 = ORIENTED_EDGE ( 'NONE', *, *, #1033, .T. ) ;
#5090 = ORIENTED_EDGE ( 'NONE', *, *, #5432, .T. ) ;
#5091 =( NAMED_UNIT ( * ) PLANE_ANGLE_UNIT ( ) SI_UNIT ( $, .RADIAN. ) );
#5092 = VERTEX_POINT ( 'NONE', #858 ) ;
#5093 = VECTOR ( 'NONE', #1262, 1000.000000000000000 ) ;
#5094 = LINE ( 'NONE', #734, #6993 ) ;
#5095 = DIRECTION ( 'NONE',  ( 1.000000000000000000, -0.000000000000000000, -0.000000000000000000 ) ) ;
#5096 = DIRECTION ( 'NONE',  ( -0.000000000000000000, 1.000000000000000000, -0.000000000000000000 ) ) ;
#5097 = CARTESIAN_POINT ( 'NONE',  ( 6.705000000000000959, 1.935118803897821982, -0.2049999999999995715 ) ) ;
#5098 = EDGE_CURVE ( 'NONE', #4690, #7452, #7183, .T. ) ;
#5099 = VERTEX_POINT ( 'NONE', #2674 ) ;
#5100 = ORIENTED_EDGE ( 'NONE', *, *, #7265, .T. ) ;
#5101 = ADVANCED_FACE ( 'NONE', ( #3406 ), #820, .F. ) ;
#5102 = DIRECTION ( 'NONE',  ( -1.000000000000000000, -0.000000000000000000, -0.000000000000000000 ) ) ;
#5103 = ORIENTED_EDGE ( 'NONE', *, *, #3447, .T. ) ;
#5104 = CARTESIAN_POINT ( 'NONE',  ( -5.994999999999998330, -3.809999999999997389, 7.325000000000000178 ) ) ;
#5105 = EDGE_CURVE ( 'NONE', #8047, #7325, #7021, .T. ) ;
#5106 = EDGE_CURVE ( 'NONE', #4308, #5206, #7774, .T. ) ;
#5107 = CARTESIAN_POINT ( 'NONE',  ( 2.894999999999999130, -3.969999999999997087, 2.244999999999999662 ) ) ;
#5108 = DIRECTION ( 'NONE',  ( -0.9396926207859074287, 0.3420201433256714885, 0.000000000000000000 ) ) ;
#5109 = VERTEX_POINT ( 'NONE', #2135 ) ;
#5110 = CARTESIAN_POINT ( 'NONE',  ( 6.705000000000000959, 1.935118803897821982, 0.4050000000000004152 ) ) ;
#5111 = ORIENTED_EDGE ( 'NONE', *, *, #2396, .T. ) ;
#5112 = CARTESIAN_POINT ( 'NONE',  ( -7.265000000000000568, 1.935118803897821982, 0.4049999999999995826 ) ) ;
#5113 = VERTEX_POINT ( 'NONE', #6532 ) ;
#5114 = CARTESIAN_POINT ( 'NONE',  ( 7.264999999999999680, 1.447135020849696474, 0.03897837839542892674 ) ) ;
#5115 = CARTESIAN_POINT ( 'NONE',  ( -0.9149999999999991473, 3.200000000000001954, 0.2049999999999998490 ) ) ;
#5116 = LINE ( 'NONE', #7954, #6916 ) ;
#5117 = ORIENTED_EDGE ( 'NONE', *, *, #3691, .F. ) ;
#5118 = DIRECTION ( 'NONE',  ( -0.000000000000000000, -0.000000000000000000, 1.000000000000000000 ) ) ;
#5119 = VECTOR ( 'NONE', #7049, 1000.000000000000000 ) ;
#5120 = ORIENTED_EDGE ( 'NONE', *, *, #6487, .F. ) ;
#5121 = ORIENTED_EDGE ( 'NONE', *, *, #6865, .F. ) ;
#5122 = DIRECTION ( 'NONE',  ( -1.000000000000000000, -0.000000000000000000, -0.000000000000000000 ) ) ;
#5123 = DIRECTION ( 'NONE',  ( 0.000000000000000000, 0.000000000000000000, 1.000000000000000000 ) ) ;
#5124 = CIRCLE ( 'NONE', #1580, 0.2000000000000003719 ) ;
#5125 = CARTESIAN_POINT ( 'NONE',  ( 7.974999999999999645, 0.000000000000000000, 1.835000000000000853 ) ) ;
#5126 = ADVANCED_FACE ( 'NONE', ( #5297 ), #3281, .F. ) ;
#5127 = PLANE ( 'NONE',  #6778 ) ;
#5128 = ORIENTED_EDGE ( 'NONE', *, *, #5543, .F. ) ;
#5129 = CARTESIAN_POINT ( 'NONE',  ( -6.704999999999999183, 0.6007327293374460364, 6.820925388376824827 ) ) ;
#5130 = EDGE_LOOP ( 'NONE', ( #8132, #2695, #1859, #248, #3961, #5703 ) ) ;
#5131 = DIRECTION ( 'NONE',  ( 1.000000000000000000, 0.000000000000000000, -0.000000000000000000 ) ) ;
#5132 = VECTOR ( 'NONE', #2970, 1000.000000000000000 ) ;
#5133 = VECTOR ( 'NONE', #5385, 1000.000000000000000 ) ;
#5134 = CARTESIAN_POINT ( 'NONE',  ( -0.9149999999999991473, 3.200000000000001954, 0.2049999999999998490 ) ) ;
#5135 = ADVANCED_FACE ( 'NONE', ( #1430 ), #5224, .T. ) ;
#5136 = FACE_OUTER_BOUND ( 'NONE', #5043, .T. ) ;
#5137 = CARTESIAN_POINT ( 'NONE',  ( -2.895000000000000906, 0.000000000000000000, 1.635000000000000453 ) ) ;
#5138 = FACE_OUTER_BOUND ( 'NONE', #7094, .T. ) ;
#5139 = EDGE_LOOP ( 'NONE', ( #3813, #2460, #5042, #3456, #1144, #7004 ) ) ;
#5140 = VECTOR ( 'NONE', #4777, 1000.000000000000000 ) ;
#5141 = ORIENTED_EDGE ( 'NONE', *, *, #262, .T. ) ;
#5142 = CARTESIAN_POINT ( 'NONE',  ( 7.974999999999999645, 1.447135020849696474, 0.03897837839542892674 ) ) ;
#5143 = EDGE_CURVE ( 'NONE', #7781, #6313, #2757, .T. ) ;
#5144 =( LENGTH_UNIT ( ) NAMED_UNIT ( * ) SI_UNIT ( .MILLI., .METRE. ) );
#5145 = VECTOR ( 'NONE', #7514, 1000.000000000000000 ) ;
#5146 = AXIS2_PLACEMENT_3D ( 'NONE', #4377, #4994, #5075 ) ;
#5147 = DIRECTION ( 'NONE',  ( -0.000000000000000000, 1.000000000000000000, 0.000000000000000000 ) ) ;
#5148 = CARTESIAN_POINT ( 'NONE',  ( -0.3550000000000002598, -3.420504516109077908, 2.244999999999999662 ) ) ;
#5149 = EDGE_CURVE ( 'NONE', #7490, #7024, #286, .T. ) ;
#5150 = ORIENTED_EDGE ( 'NONE', *, *, #1564, .F. ) ;
#5151 = CARTESIAN_POINT ( 'NONE',  ( 7.464999999999998970, -3.969999999999997087, 1.834999999999999964 ) ) ;
#5152 = ORIENTED_EDGE ( 'NONE', *, *, #4979, .F. ) ;
#5153 = EDGE_CURVE ( 'NONE', #5382, #3534, #4686, .T. ) ;
#5154 = ORIENTED_EDGE ( 'NONE', *, *, #3748, .F. ) ;
#5155 = CARTESIAN_POINT ( 'NONE',  ( 2.384999999999998010, -3.969999999999997087, 1.834999999999999742 ) ) ;
#5156 = CARTESIAN_POINT ( 'NONE',  ( -4.165000000000000036, 1.935118803897821982, 0.2049999999999997380 ) ) ;
#5157 = ADVANCED_FACE ( 'NONE', ( #5742 ), #2056, .F. ) ;
#5158 = LINE ( 'NONE', #2030, #929 ) ;
#5159 = DIRECTION ( 'NONE',  ( 0.000000000000000000, 2.571471951262813563E-16, -1.000000000000000000 ) ) ;
#5160 = LINE ( 'NONE', #5843, #7306 ) ;
#5161 = EDGE_LOOP ( 'NONE', ( #3981, #8001, #2456, #7298, #6269, #1961 ) ) ;
#5162 = CARTESIAN_POINT ( 'NONE',  ( 5.434999999999998721, 3.200000000000001954, 0.2050000000000002098 ) ) ;
#5163 = EDGE_CURVE ( 'NONE', #5454, #7803, #1710, .T. ) ;
#5164 = VECTOR ( 'NONE', #5275, 1000.000000000000000 ) ;
#5165 = ORIENTED_EDGE ( 'NONE', *, *, #2946, .T. ) ;
#5166 = MANIFOLD_SOLID_BREP ( 'Cut-Extrude2', #3099 ) ;
#5167 = EDGE_LOOP ( 'NONE', ( #6979, #5974, #6688, #1062 ) ) ;
#5168 = LINE ( 'NONE', #3271, #260 ) ;
#5169 = CARTESIAN_POINT ( 'NONE',  ( -0.9149999999999991473, 0.000000000000000000, 6.715000000000001634 ) ) ;
#5170 = PLANE ( 'NONE',  #5614 ) ;
#5171 = DIRECTION ( 'NONE',  ( -0.000000000000000000, 0.7999734148329924466, 0.6000354452533958050 ) ) ;
#5172 = AXIS2_PLACEMENT_3D ( 'NONE', #3093, #8151, #2523 ) ;
#5173 = VERTEX_POINT ( 'NONE', #5460 ) ;
#5174 = ORIENTED_EDGE ( 'NONE', *, *, #1832, .T. ) ;
#5175 =( LENGTH_UNIT ( ) NAMED_UNIT ( * ) SI_UNIT ( .MILLI., .METRE. ) );
#5176 = ORIENTED_EDGE ( 'NONE', *, *, #4500, .F. ) ;
#5177 = DIRECTION ( 'NONE',  ( 0.000000000000000000, -0.1736481776669237809, 0.9848077530122092416 ) ) ;
#5178 = VECTOR ( 'NONE', #7391, 1000.000000000000227 ) ;
#5179 = DIRECTION ( 'NONE',  ( -1.000000000000000000, -0.000000000000000000, -0.000000000000000000 ) ) ;
#5180 = DIRECTION ( 'NONE',  ( 0.000000000000000000, -0.000000000000000000, -1.000000000000000000 ) ) ;
#5181 = LINE ( 'NONE', #7686, #974 ) ;
#5182 = EDGE_CURVE ( 'NONE', #5910, #4359, #325, .T. ) ;
#5183 = FACE_OUTER_BOUND ( 'NONE', #7006, .T. ) ;
#5184 = VECTOR ( 'NONE', #966, 1000.000000000000000 ) ;
#5185 = ORIENTED_EDGE ( 'NONE', *, *, #7837, .T. ) ;
#5186 = EDGE_CURVE ( 'NONE', #7471, #5609, #2993, .T. ) ;
#5187 = LINE ( 'NONE', #2805, #4925 ) ;
#5188 = FACE_OUTER_BOUND ( 'NONE', #1466, .T. ) ;
#5189 = DIRECTION ( 'NONE',  ( 0.000000000000000000, 0.000000000000000000, 1.000000000000000000 ) ) ;
#5190 = CARTESIAN_POINT ( 'NONE',  ( -1.624999999999999778, 1.334386074560374613, 0.2990746116231763341 ) ) ;
#5191 = ORIENTED_EDGE ( 'NONE', *, *, #3795, .T. ) ;
#5192 = DIRECTION ( 'NONE',  ( -1.000000000000000000, -0.000000000000000000, 0.000000000000000000 ) ) ;
#5193 = ORIENTED_EDGE ( 'NONE', *, *, #477, .F. ) ;
#5194 = EDGE_LOOP ( 'NONE', ( #7822, #2470, #6942, #4670 ) ) ;
#5195 = CYLINDRICAL_SURFACE ( 'NONE', #1740, 0.2000000000000002609 ) ;
#5196 = PLANE ( 'NONE',  #5066 ) ;
#5197 = VECTOR ( 'NONE', #5923, 1000.000000000000227 ) ;
#5198 = LINE ( 'NONE', #5804, #2641 ) ;
#5199 = DIRECTION ( 'NONE',  ( 0.000000000000000000, -0.000000000000000000, -1.000000000000000000 ) ) ;
#5200 = DIRECTION ( 'NONE',  ( 0.000000000000000000, 2.571471951262813563E-16, -1.000000000000000000 ) ) ;
#5201 = ORIENTED_EDGE ( 'NONE', *, *, #2016, .F. ) ;
#5202 = CARTESIAN_POINT ( 'NONE',  ( 4.724999999999999645, -3.420504516109077908, 1.834999999999999964 ) ) ;
#5203 = AXIS2_PLACEMENT_3D ( 'NONE', #3821, #5102, #3290 ) ;
#5204 = EDGE_CURVE ( 'NONE', #6801, #3805, #6068, .T. ) ;
#5205 = VECTOR ( 'NONE', #8079, 1000.000000000000000 ) ;
#5206 = VERTEX_POINT ( 'NONE', #2342 ) ;
#5207 = EDGE_CURVE ( 'NONE', #5293, #4332, #4230, .T. ) ;
#5208 = ORIENTED_EDGE ( 'NONE', *, *, #1682, .F. ) ;
#5209 = CARTESIAN_POINT ( 'NONE',  ( 2.184999999999999609, 0.000000000000000000, 2.245000000000000107 ) ) ;
#5210 = LINE ( 'NONE', #723, #4750 ) ;
#5211 = EDGE_CURVE ( 'NONE', #3442, #2626, #449, .T. ) ;
#5212 = VECTOR ( 'NONE', #4465, 1000.000000000000000 ) ;
#5213 = CARTESIAN_POINT ( 'NONE',  ( 1.625000000000001332, -3.809999999999997389, 6.915000000000001812 ) ) ;
#5214 = EDGE_CURVE ( 'NONE', #1303, #5612, #5360, .T. ) ;
#5215 = FACE_OUTER_BOUND ( 'NONE', #4989, .T. ) ;
#5216 = VECTOR ( 'NONE', #3307, 1000.000000000000000 ) ;
#5217 = ORIENTED_EDGE ( 'NONE', *, *, #1055, .F. ) ;
#5218 = ORIENTED_EDGE ( 'NONE', *, *, #7480, .T. ) ;
#5219 = CARTESIAN_POINT ( 'NONE',  ( -2.185000000000001386, 0.000000000000000000, 1.834999999999999964 ) ) ;
#5220 = VERTEX_POINT ( 'NONE', #7898 ) ;
#5221 = LINE ( 'NONE', #4641, #2410 ) ;
#5222 = VECTOR ( 'NONE', #3739, 1000.000000000000114 ) ;
#5223 = DIRECTION ( 'NONE',  ( -0.000000000000000000, -0.000000000000000000, 1.000000000000000000 ) ) ;
#5224 = PLANE ( 'NONE',  #7316 ) ;
#5225 = DIRECTION ( 'NONE',  ( 1.000000000000000000, 0.000000000000000000, 0.000000000000000000 ) ) ;
#5226 = DIRECTION ( 'NONE',  ( 0.000000000000000000, -1.000000000000000000, -2.184790272011094332E-16 ) ) ;
#5227 = FILL_AREA_STYLE ('',( #3947 ) ) ;
#5228 = VECTOR ( 'NONE', #5893, 1000.000000000000000 ) ;
#5229 = ORIENTED_EDGE ( 'NONE', *, *, #3724, .F. ) ;
#5230 = CARTESIAN_POINT ( 'NONE',  ( 2.894999999999999130, 0.000000000000000000, 1.835000000000000631 ) ) ;
#5231 = LINE ( 'NONE', #1439, #5087 ) ;
#5232 = PLANE ( 'NONE',  #3587 ) ;
#5233 = ADVANCED_FACE ( 'NONE', ( #1098 ), #6570, .F. ) ;
#5234 = PLANE ( 'NONE',  #1848 ) ;
#5235 = ORIENTED_EDGE ( 'NONE', *, *, #2292, .F. ) ;
#5236 = ORIENTED_EDGE ( 'NONE', *, *, #5430, .T. ) ;
#5237 = PLANE ( 'NONE',  #7930 ) ;
#5238 = CARTESIAN_POINT ( 'NONE',  ( 5.434999999999998721, -3.420504516109076132, 2.245000000000000107 ) ) ;
#5239 = LINE ( 'NONE', #1988, #4609 ) ;
#5240 = CARTESIAN_POINT ( 'NONE',  ( -3.454999999999999627, 1.738157253295379956, 0.3702703644666151539 ) ) ;
#5241 = CARTESIAN_POINT ( 'NONE',  ( 2.184999999999999609, 0.4879837830481246197, 2.001021621604571532 ) ) ;
#5242 = ORIENTED_EDGE ( 'NONE', *, *, #7967, .T. ) ;
#5243 = CARTESIAN_POINT ( 'NONE',  ( 6.705000000000000959, 3.200000000000001954, -0.2049999999999994049 ) ) ;
#5244 = ORIENTED_EDGE ( 'NONE', *, *, #2594, .F. ) ;
#5245 = ORIENTED_EDGE ( 'NONE', *, *, #7484, .F. ) ;
#5246 = DIRECTION ( 'NONE',  ( -0.000000000000000000, -0.000000000000000000, 1.000000000000000000 ) ) ;
#5247 = EDGE_CURVE ( 'NONE', #482, #2441, #2995, .T. ) ;
#5248 = PLANE ( 'NONE',  #2474 ) ;
#5249 = ORIENTED_EDGE ( 'NONE', *, *, #2861, .F. ) ;
#5250 = DIRECTION ( 'NONE',  ( 0.000000000000000000, 0.000000000000000000, -1.000000000000000000 ) ) ;
#5251 = EDGE_CURVE ( 'NONE', #1644, #6863, #4768, .T. ) ;
#5252 = ORIENTED_EDGE ( 'NONE', *, *, #5576, .F. ) ;
#5253 = ORIENTED_EDGE ( 'NONE', *, *, #8128, .T. ) ;
#5254 = EDGE_CURVE ( 'NONE', #836, #312, #496, .T. ) ;
#5255 = CARTESIAN_POINT ( 'NONE',  ( -0.9149999999999991473, 1.935118803897821982, 0.4050000000000000266 ) ) ;
#5256 = ORIENTED_EDGE ( 'NONE', *, *, #4757, .T. ) ;
#5257 = DIRECTION ( 'NONE',  ( -1.000000000000000000, -0.000000000000000000, -0.000000000000000000 ) ) ;
#5258 = AXIS2_PLACEMENT_3D ( 'NONE', #51, #1163, #4376 ) ;
#5259 = CARTESIAN_POINT ( 'NONE',  ( -3.454999999999999627, 1.935118803897821982, -0.2050000000000000155 ) ) ;
#5260 = DIRECTION ( 'NONE',  ( -0.3420201433256701562, -0.9396926207859078728, -2.053031296573661856E-16 ) ) ;
#5261 = FACE_OUTER_BOUND ( 'NONE', #592, .T. ) ;
#5262 = PLANE ( 'NONE',  #7696 ) ;
#5263 = CARTESIAN_POINT ( 'NONE',  ( 10.00999999999999979, 14.00999999999999801, -2.250000000000000888 ) ) ;
#5264 = ORIENTED_EDGE ( 'NONE', *, *, #2196, .T. ) ;
#5265 = CIRCLE ( 'NONE', #7763, 0.2000000000000002054 ) ;
#5266 = EDGE_CURVE ( 'NONE', #7807, #1595, #2376, .T. ) ;
#5267 = CARTESIAN_POINT ( 'NONE',  ( 1.625000000000001332, 0.1969615506024410823, 6.749729635533387118 ) ) ;
#5268 = CARTESIAN_POINT ( 'NONE',  ( 0.3549999999999994271, -3.420504516109076132, 0.4049999999999999711 ) ) ;
#5269 = FACE_OUTER_BOUND ( 'NONE', #2476, .T. ) ;
#5270 = CARTESIAN_POINT ( 'NONE',  ( 0.3549999999999994271, 0.000000000000000000, 1.635000000000000453 ) ) ;
#5271 = AXIS2_PLACEMENT_3D ( 'NONE', #1530, #2151, #1569 ) ;
#5272 = CARTESIAN_POINT ( 'NONE',  ( 5.434999999999998721, 0.4879837830481246197, 2.001021621604571976 ) ) ;
#5273 = VERTEX_POINT ( 'NONE', #6616 ) ;
#5274 = ORIENTED_EDGE ( 'NONE', *, *, #6336, .F. ) ;
#5275 = DIRECTION ( 'NONE',  ( -0.000000000000000000, 1.000000000000000000, 1.285735975631406781E-16 ) ) ;
#5276 = VECTOR ( 'NONE', #6442, 1000.000000000000114 ) ;
#5277 = CARTESIAN_POINT ( 'NONE',  ( 9.245000000000000995, 0.000000000000000000, 6.915000000000001812 ) ) ;
#5278 = DIRECTION ( 'NONE',  ( 0.000000000000000000, -1.000000000000000000, -2.571471951262813563E-16 ) ) ;
#5279 = DIRECTION ( 'NONE',  ( 0.000000000000000000, 0.000000000000000000, 1.000000000000000000 ) ) ;
#5280 = DIRECTION ( 'NONE',  ( 0.000000000000000000, 0.000000000000000000, -1.000000000000000000 ) ) ;
#5281 = CARTESIAN_POINT ( 'NONE',  ( 0.3549999999999994271, -3.420504516109076132, 1.834999999999999742 ) ) ;
#5282 = COLOUR_RGB ( '',0.7921568627450980005, 0.8196078431372548767, 0.9333333333333333481 ) ;
#5283 = ORIENTED_EDGE ( 'NONE', *, *, #7974, .T. ) ;
#5284 = EDGE_CURVE ( 'NONE', #7831, #7803, #5989, .T. ) ;
#5285 = ORIENTED_EDGE ( 'NONE', *, *, #3240, .T. ) ;
#5286 = FACE_OUTER_BOUND ( 'NONE', #7237, .T. ) ;
#5287 = PLANE ( 'NONE',  #4658 ) ;
#5288 = PLANE ( 'NONE',  #7061 ) ;
#5289 = ORIENTED_EDGE ( 'NONE', *, *, #2149, .T. ) ;
#5290 = CARTESIAN_POINT ( 'NONE',  ( 4.724999999999999645, 0.4879837830481246197, 2.001021621604571976 ) ) ;
#5291 = VECTOR ( 'NONE', #1290, 1000.000000000000000 ) ;
#5292 = ORIENTED_EDGE ( 'NONE', *, *, #2300, .F. ) ;
#5293 = VERTEX_POINT ( 'NONE', #7587 ) ;
#5294 = EDGE_LOOP ( 'NONE', ( #3202, #5392, #5027, #3150 ) ) ;
#5295 = CARTESIAN_POINT ( 'NONE',  ( 3.455000000000000515, 1.935118803897821982, 0.4050000000000003042 ) ) ;
#5296 = CARTESIAN_POINT ( 'NONE',  ( -7.265000000000000568, 3.200000000000001954, 0.2049999999999996270 ) ) ;
#5297 = FACE_OUTER_BOUND ( 'NONE', #7435, .T. ) ;
#5298 = LINE ( 'NONE', #406, #5438 ) ;
#5299 = VECTOR ( 'NONE', #2862, 1000.000000000000000 ) ;
#5300 = CARTESIAN_POINT ( 'NONE',  ( 2.184999999999999609, -3.420504516109077908, 2.244999999999999662 ) ) ;
#5301 = EDGE_CURVE ( 'NONE', #1436, #7365, #5615, .T. ) ;
#5302 = CARTESIAN_POINT ( 'NONE',  ( 9.245000000000000995, 1.935118803897821982, 0.4050000000000005262 ) ) ;
#5303 = EDGE_CURVE ( 'NONE', #278, #2060, #2543, .T. ) ;
#5304 = ORIENTED_EDGE ( 'NONE', *, *, #2089, .F. ) ;
#5305 = VECTOR ( 'NONE', #1650, 1000.000000000000000 ) ;
#5306 = APPLICATION_CONTEXT ( 'automotive_design' ) ;
#5307 = EDGE_CURVE ( 'NONE', #8070, #3555, #6767, .T. ) ;
#5308 = DIRECTION ( 'NONE',  ( -1.000000000000000000, -0.000000000000000000, -0.000000000000000000 ) ) ;
#5309 = CARTESIAN_POINT ( 'NONE',  ( -2.185000000000001386, 1.935118803897821982, 0.2049999999999995437 ) ) ;
#5310 = CARTESIAN_POINT ( 'NONE',  ( 1.114999999999999769, -3.809999999999997389, 7.325000000000001066 ) ) ;
#5311 = LINE ( 'NONE', #3462, #2817 ) ;
#5312 = ADVANCED_FACE ( 'NONE', ( #2463 ), #24, .F. ) ;
#5313 = UNCERTAINTY_MEASURE_WITH_UNIT (LENGTH_MEASURE( 1.000000000000000082E-05 ), #5784, 'distance_accuracy_value', 'NONE');
#5314 = EDGE_CURVE ( 'NONE', #5502, #5317, #7548, .T. ) ;
#5315 = VECTOR ( 'NONE', #4753, 1000.000000000000000 ) ;
#5316 = ORIENTED_EDGE ( 'NONE', *, *, #7748, .F. ) ;
#5317 = VERTEX_POINT ( 'NONE', #5535 ) ;
#5318 = CYLINDRICAL_SURFACE ( 'NONE', #7389, 0.1999999999999996503 ) ;
#5319 = EDGE_LOOP ( 'NONE', ( #4224, #44, #5274, #1305 ) ) ;
#5320 = CARTESIAN_POINT ( 'NONE',  ( 7.264999999999999680, 3.200000000000001954, -0.2049999999999992939 ) ) ;
#5321 = DIRECTION ( 'NONE',  ( 0.000000000000000000, -1.000000000000000000, 0.000000000000000000 ) ) ;
#5322 = DIRECTION ( 'NONE',  ( -0.000000000000000000, 1.000000000000000000, -0.000000000000000000 ) ) ;
#5323 = FACE_OUTER_BOUND ( 'NONE', #4547, .T. ) ;
#5324 = ORIENTED_EDGE ( 'NONE', *, *, #6445, .T. ) ;
#5325 = VECTOR ( 'NONE', #1817, 1000.000000000000000 ) ;
#5326 = CARTESIAN_POINT ( 'NONE',  ( -7.265000000000000568, 1.447135020849696696, 0.03897837839542812183 ) ) ;
#5327 = VERTEX_POINT ( 'NONE', #6145 ) ;
#5328 = CARTESIAN_POINT ( 'NONE',  ( -0.3550000000000002598, 0.000000000000000000, 2.245000000000000107 ) ) ;
#5329 = DIRECTION ( 'NONE',  ( -1.000000000000000000, -0.000000000000000000, -0.000000000000000000 ) ) ;
#5330 = CARTESIAN_POINT ( 'NONE',  ( -0.3550000000000002598, 1.447135020849696696, 0.03897837839542846877 ) ) ;
#5331 = ORIENTED_EDGE ( 'NONE', *, *, #4053, .T. ) ;
#5332 = CIRCLE ( 'NONE', #6646, 0.6099999999999989875 ) ;
#5333 = LINE ( 'NONE', #6647, #6520 ) ;
#5334 = EDGE_CURVE ( 'NONE', #6841, #182, #4967, .T. ) ;
#5335 = ORIENTED_EDGE ( 'NONE', *, *, #4133, .T. ) ;
#5336 = ORIENTED_EDGE ( 'NONE', *, *, #1979, .F. ) ;
#5337 = EDGE_LOOP ( 'NONE', ( #4713, #8025, #5638, #4067 ) ) ;
#5338 = CARTESIAN_POINT ( 'NONE',  ( 0.3549999999999994271, 0.000000000000000000, 2.245000000000000107 ) ) ;
#5339 = DIRECTION ( 'NONE',  ( -0.3420201433256698231, 0.9396926207859079838, 2.053031296573661856E-16 ) ) ;
#5340 = DIRECTION ( 'NONE',  ( 0.000000000000000000, 0.000000000000000000, 1.000000000000000000 ) ) ;
#5341 = VECTOR ( 'NONE', #3721, 1000.000000000000000 ) ;
#5342 = DIRECTION ( 'NONE',  ( -1.000000000000000000, -0.000000000000000000, -0.000000000000000000 ) ) ;
#5343 = FACE_OUTER_BOUND ( 'NONE', #241, .T. ) ;
#5344 = VECTOR ( 'NONE', #5413, 1000.000000000000000 ) ;
#5345 = EDGE_LOOP ( 'NONE', ( #3251, #4562, #6752, #6789 ) ) ;
#5346 = ORIENTED_EDGE ( 'NONE', *, *, #2043, .T. ) ;
#5347 = AXIS2_PLACEMENT_3D ( 'NONE', #6299, #3801, #4378 ) ;
#5348 = DIRECTION ( 'NONE',  ( -1.000000000000000000, -0.000000000000000000, -0.000000000000000000 ) ) ;
#5349 = LINE ( 'NONE', #7868, #1931 ) ;
#5350 = DIRECTION ( 'NONE',  ( 0.000000000000000000, 0.000000000000000000, -1.000000000000000000 ) ) ;
#5351 = ADVANCED_FACE ( 'NONE', ( #7421 ), #5577, .T. ) ;
#5352 = VECTOR ( 'NONE', #5793, 1000.000000000000000 ) ;
#5353 = CARTESIAN_POINT ( 'NONE',  ( -8.534999999999998366, 1.738157253295379956, 0.3702703644666149319 ) ) ;
#5354 = EDGE_CURVE ( 'NONE', #1838, #7704, #7464, .T. ) ;
#5355 = ORIENTED_EDGE ( 'NONE', *, *, #1828, .F. ) ;
#5356 = ORIENTED_EDGE ( 'NONE', *, *, #7108, .F. ) ;
#5357 = ADVANCED_FACE ( 'NONE', ( #5045 ), #5007, .F. ) ;
#5358 = CARTESIAN_POINT ( 'NONE',  ( 2.184999999999999609, 1.775124120931223182, 0.2849929109493207768 ) ) ;
#5359 = LINE ( 'NONE', #7321, #600 ) ;
#5360 = CIRCLE ( 'NONE', #3384, 0.6099999999999998757 ) ;
#5361 = CARTESIAN_POINT ( 'NONE',  ( 2.894999999999999130, 3.200000000000001954, -0.2049999999999995437 ) ) ;
#5362 = DIRECTION ( 'NONE',  ( 0.000000000000000000, 1.000000000000000000, 1.092395136005547166E-16 ) ) ;
#5363 = DIRECTION ( 'NONE',  ( 0.000000000000000000, -1.000000000000000000, -1.285735975631406781E-16 ) ) ;
#5364 = DIRECTION ( 'NONE',  ( -1.000000000000000000, -0.000000000000000000, -0.000000000000000000 ) ) ;
#5365 = ORIENTED_EDGE ( 'NONE', *, *, #1124, .F. ) ;
#5366 = LINE ( 'NONE', #7328, #5184 ) ;
#5367 = EDGE_CURVE ( 'NONE', #5382, #5113, #6891, .T. ) ;
#5368 = EDGE_LOOP ( 'NONE', ( #229, #6685, #6928, #2459 ) ) ;
#5369 = LINE ( 'NONE', #4836, #2767 ) ;
#5370 = LINE ( 'NONE', #1701, #2854 ) ;
#5371 = ORIENTED_EDGE ( 'NONE', *, *, #5354, .T. ) ;
#5372 = CARTESIAN_POINT ( 'NONE',  ( 7.774999999999999467, -3.969999999999997087, 2.245000000000000107 ) ) ;
#5373 = ORIENTED_EDGE ( 'NONE', *, *, #2830, .F. ) ;
#5374 = ORIENTED_EDGE ( 'NONE', *, *, #2253, .T. ) ;
#5375 = EDGE_LOOP ( 'NONE', ( #1892, #5346, #3141, #471 ) ) ;
#5376 = CARTESIAN_POINT ( 'NONE',  ( -3.454999999999999627, 1.738157253295379956, 0.3702703644666151539 ) ) ;
#5377 = AXIS2_PLACEMENT_3D ( 'NONE', #7737, #1973, #2101 ) ;
#5378 = DIRECTION ( 'NONE',  ( 0.1209742911513484454, -0.1209742911513477653, 0.9852565360152947260 ) ) ;
#5379 = LINE ( 'NONE', #2837, #5565 ) ;
#5380 = DIRECTION ( 'NONE',  ( 0.000000000000000000, -1.000000000000000000, -1.285735975631406781E-16 ) ) ;
#5381 = DIRECTION ( 'NONE',  ( 0.000000000000000000, 0.000000000000000000, 1.000000000000000000 ) ) ;
#5382 = VERTEX_POINT ( 'NONE', #6311 ) ;
#5383 = AXIS2_PLACEMENT_3D ( 'NONE', #7578, #7409, #595 ) ;
#5384 = EDGE_CURVE ( 'NONE', #7197, #6368, #1552, .T. ) ;
#5385 = DIRECTION ( 'NONE',  ( -1.000000000000000000, -0.000000000000000000, -0.000000000000000000 ) ) ;
#5386 = DIRECTION ( 'NONE',  ( 0.000000000000000000, 0.000000000000000000, 1.000000000000000000 ) ) ;
#5387 = CARTESIAN_POINT ( 'NONE',  ( -7.265000000000000568, 0.1599946829665978842, 1.755007089050678815 ) ) ;
#5388 = LINE ( 'NONE', #1686, #1626 ) ;
#5389 = AXIS2_PLACEMENT_3D ( 'NONE', #1260, #7627, #3771 ) ;
#5390 = SURFACE_STYLE_FILL_AREA ( #991 ) ;
#5391 = COLOUR_RGB ( '',0.7921568627450980005, 0.8196078431372548767, 0.9333333333333333481 ) ;
#5392 = ORIENTED_EDGE ( 'NONE', *, *, #5081, .F. ) ;
#5393 = EDGE_CURVE ( 'NONE', #5834, #5273, #4310, .T. ) ;
#5394 = CYLINDRICAL_SURFACE ( 'NONE', #7124, 0.6099999999999985434 ) ;
#5395 = DIRECTION ( 'NONE',  ( -0.000000000000000000, 0.9848077530122092416, 0.1736481776669237809 ) ) ;
#5396 = CARTESIAN_POINT ( 'NONE',  ( -2.185000000000001386, 3.200000000000001954, -0.2049999999999997380 ) ) ;
#5397 = VECTOR ( 'NONE', #4168, 1000.000000000000000 ) ;
#5398 = ADVANCED_FACE ( 'NONE', ( #609 ), #3809, .F. ) ;
#5399 = DIRECTION ( 'NONE',  ( -0.3420201433256698231, 0.9396926207859079838, 2.053031296573661856E-16 ) ) ;
#5400 = DIRECTION ( 'NONE',  ( 0.000000000000000000, 0.000000000000000000, 1.000000000000000000 ) ) ;
#5401 = LINE ( 'NONE', #963, #1769 ) ;
#5402 = EDGE_CURVE ( 'NONE', #5220, #3832, #1174, .T. ) ;
#5403 = MECHANICAL_DESIGN_GEOMETRIC_PRESENTATION_REPRESENTATION (  '', ( #6447 ), #1460 ) ;
#5404 = VECTOR ( 'NONE', #243, 1000.000000000000000 ) ;
#5405 = ADVANCED_FACE ( 'NONE', ( #7508 ), #3773, .T. ) ;
#5406 = ORIENTED_EDGE ( 'NONE', *, *, #5795, .T. ) ;
#5407 = CARTESIAN_POINT ( 'NONE',  ( -6.704999999999999183, 1.334386074560374835, 0.2990746116231762786 ) ) ;
#5408 = ORIENTED_EDGE ( 'NONE', *, *, #481, .T. ) ;
#5409 = CARTESIAN_POINT ( 'NONE',  ( -3.454999999999999627, 0.000000000000000000, 6.915000000000000924 ) ) ;
#5410 = VECTOR ( 'NONE', #7078, 1000.000000000000000 ) ;
#5411 = DIRECTION ( 'NONE',  ( -1.000000000000000000, -0.000000000000000000, -0.000000000000000000 ) ) ;
#5412 = VERTEX_POINT ( 'NONE', #5654 ) ;
#5413 = DIRECTION ( 'NONE',  ( -1.000000000000000000, -0.000000000000000000, -0.000000000000000000 ) ) ;
#5414 = ADVANCED_FACE ( 'NONE', ( #3195 ), #62, .F. ) ;
#5415 = VERTEX_POINT ( 'NONE', #4506 ) ;
#5416 = ORIENTED_EDGE ( 'NONE', *, *, #7207, .T. ) ;
#5417 = DIRECTION ( 'NONE',  ( 1.000000000000000000, 0.000000000000000000, 0.000000000000000000 ) ) ;
#5418 = ORIENTED_EDGE ( 'NONE', *, *, #2443, .F. ) ;
#5419 = CARTESIAN_POINT ( 'NONE',  ( 3.455000000000000515, 0.6007327293374460364, 6.820925388376825715 ) ) ;
#5420 = CARTESIAN_POINT ( 'NONE',  ( 0.000000000000000000, 18.03000000000000114, -0.6999999999999990674 ) ) ;
#5421 = LINE ( 'NONE', #1712, #3231 ) ;
#5422 = ORIENTED_EDGE ( 'NONE', *, *, #6666, .F. ) ;
#5423 = ORIENTED_EDGE ( 'NONE', *, *, #6153, .T. ) ;
#5424 = AXIS2_PLACEMENT_3D ( 'NONE', #1902, #1161, #3758 ) ;
#5425 = DIRECTION ( 'NONE',  ( 0.000000000000000000, 0.000000000000000000, -1.000000000000000000 ) ) ;
#5426 = VECTOR ( 'NONE', #6497, 1000.000000000000000 ) ;
#5427 = DIRECTION ( 'NONE',  ( -1.000000000000000000, -0.000000000000000000, -0.000000000000000000 ) ) ;
#5428 = LINE ( 'NONE', #6698, #1802 ) ;
#5429 = DIRECTION ( 'NONE',  ( -1.000000000000000000, 0.000000000000000000, -0.000000000000000000 ) ) ;
#5430 = EDGE_CURVE ( 'NONE', #3886, #7889, #8113, .T. ) ;
#5431 = DIRECTION ( 'NONE',  ( 0.000000000000000000, -1.000000000000000000, 0.000000000000000000 ) ) ;
#5432 = EDGE_CURVE ( 'NONE', #6218, #8131, #2622, .T. ) ;
#5433 = ORIENTED_EDGE ( 'NONE', *, *, #4495, .F. ) ;
#5434 = CARTESIAN_POINT ( 'NONE',  ( 9.245000000000000995, 0.000000000000000000, 6.715000000000002522 ) ) ;
#5435 = CARTESIAN_POINT ( 'NONE',  ( 0.9150000000000009237, 1.935118803897821982, 0.2049999999999999323 ) ) ;
#5436 = DIRECTION ( 'NONE',  ( -0.000000000000000000, 1.000000000000000000, 1.285735975631406781E-16 ) ) ;
#5437 = CARTESIAN_POINT ( 'NONE',  ( -1.624999999999999778, 1.738157253295379956, 0.3702703644666152649 ) ) ;
#5438 = VECTOR ( 'NONE', #2179, 1000.000000000000000 ) ;
#5439 = PLANE ( 'NONE',  #5715 ) ;
#5440 = CARTESIAN_POINT ( 'NONE',  ( 3.965000000000000746, -3.809999999999997389, 7.325000000000001066 ) ) ;
#5441 = ADVANCED_FACE ( 'NONE', ( #3976 ), #2788, .T. ) ;
#5442 = VECTOR ( 'NONE', #4715, 1000.000000000000000 ) ;
#5443 = EDGE_LOOP ( 'NONE', ( #3603, #6305, #1384, #5986 ) ) ;
#5444 = LINE ( 'NONE', #3592, #1500 ) ;
#5445 = VERTEX_POINT ( 'NONE', #6477 ) ;
#5446 = LINE ( 'NONE', #7962, #7891 ) ;
#5447 = LINE ( 'NONE', #2332, #1205 ) ;
#5448 = LINE ( 'NONE', #3557, #3242 ) ;
#5449 = EDGE_CURVE ( 'NONE', #7892, #3190, #1505, .T. ) ;
#5450 = CARTESIAN_POINT ( 'NONE',  ( 7.464999999999998970, -3.969999999999997087, 1.834999999999999964 ) ) ;
#5451 = EDGE_LOOP ( 'NONE', ( #1950, #7227, #3659, #6831 ) ) ;
#5452 = ADVANCED_FACE ( 'NONE', ( #2125 ), #5288, .F. ) ;
#5453 = ORIENTED_EDGE ( 'NONE', *, *, #3951, .T. ) ;
#5454 = VERTEX_POINT ( 'NONE', #889 ) ;
#5455 = DIRECTION ( 'NONE',  ( 0.000000000000000000, 0.6000354452533959160, -0.7999734148329924466 ) ) ;
#5456 = ADVANCED_FACE ( 'NONE', ( #4464 ), #5248, .F. ) ;
#5457 = EDGE_CURVE ( 'NONE', #6811, #5910, #6011, .T. ) ;
#5458 = CIRCLE ( 'NONE', #4279, 0.6099999999999997646 ) ;
#5459 = VECTOR ( 'NONE', #2779, 1000.000000000000000 ) ;
#5460 = CARTESIAN_POINT ( 'NONE',  ( -6.959999999999997300, 20.82000000000000384, -2.250000000000001332 ) ) ;
#5461 = CARTESIAN_POINT ( 'NONE',  ( -5.994999999999998330, 1.935118803897821982, 0.2049999999999995992 ) ) ;
#5462 = LINE ( 'NONE', #7307, #7171 ) ;
#5463 = ORIENTED_EDGE ( 'NONE', *, *, #6255, .T. ) ;
#5464 = AXIS2_PLACEMENT_3D ( 'NONE', #8114, #6872, #5516 ) ;
#5465 = FACE_OUTER_BOUND ( 'NONE', #1286, .T. ) ;
#5466 = CARTESIAN_POINT ( 'NONE',  ( -0.9149999999999991473, 3.200000000000001954, -0.2049999999999997380 ) ) ;
#5467 = LINE ( 'NONE', #7907, #6396 ) ;
#5468 = DIRECTION ( 'NONE',  ( -1.000000000000000000, -0.000000000000000000, -0.000000000000000000 ) ) ;
#5469 = VECTOR ( 'NONE', #4839, 999.9999999999998863 ) ;
#5470 = SURFACE_STYLE_USAGE ( .BOTH. , #3742 ) ;
#5471 = VECTOR ( 'NONE', #3107, 1000.000000000000000 ) ;
#5472 = ORIENTED_EDGE ( 'NONE', *, *, #6141, .T. ) ;
#5473 = PLANE ( 'NONE',  #1092 ) ;
#5474 = LINE ( 'NONE', #7992, #7695 ) ;
#5475 = DIRECTION ( 'NONE',  ( 0.000000000000000000, 0.000000000000000000, 1.000000000000000000 ) ) ;
#5476 = LINE ( 'NONE', #7442, #1366 ) ;
#5477 = DIRECTION ( 'NONE',  ( 0.000000000000000000, 0.000000000000000000, 1.000000000000000000 ) ) ;
#5478 = VECTOR ( 'NONE', #6736, 1000.000000000000000 ) ;
#5479 = DIRECTION ( 'NONE',  ( -0.000000000000000000, 0.9848077530122092416, 0.1736481776669237809 ) ) ;
#5480 = ORIENTED_EDGE ( 'NONE', *, *, #7515, .T. ) ;
#5481 = VERTEX_POINT ( 'NONE', #7760 ) ;
#5482 = LINE ( 'NONE', #3517, #6766 ) ;
#5483 = VECTOR ( 'NONE', #2178, 1000.000000000000227 ) ;
#5484 = EDGE_LOOP ( 'NONE', ( #28, #2551, #2423, #403 ) ) ;
#5485 = LINE ( 'NONE', #1085, #324 ) ;
#5486 = ORIENTED_EDGE ( 'NONE', *, *, #3292, .F. ) ;
#5487 = CARTESIAN_POINT ( 'NONE',  ( 5.995000000000000107, 0.000000000000000000, 7.325000000000001066 ) ) ;
#5488 = EDGE_CURVE ( 'NONE', #4629, #3519, #106, .T. ) ;
#5489 = CARTESIAN_POINT ( 'NONE',  ( 5.434999999999998721, 1.935118803897821982, 0.2049999999999998768 ) ) ;
#5490 = CARTESIAN_POINT ( 'NONE',  ( 10.00999999999999979, 20.82000000000000028, -0.7000000000000002887 ) ) ;
#5491 = FACE_OUTER_BOUND ( 'NONE', #1467, .T. ) ;
#5492 = ORIENTED_EDGE ( 'NONE', *, *, #7545, .T. ) ;
#5493 = ORIENTED_EDGE ( 'NONE', *, *, #1780, .F. ) ;
#5494 = VERTEX_POINT ( 'NONE', #3315 ) ;
#5495 = EDGE_CURVE ( 'NONE', #3047, #660, #3232, .T. ) ;
#5496 = FACE_OUTER_BOUND ( 'NONE', #4997, .T. ) ;
#5497 = CARTESIAN_POINT ( 'NONE',  ( 7.974999999999999645, 3.200000000000001954, 0.2050000000000003209 ) ) ;
#5498 = EDGE_CURVE ( 'NONE', #3435, #4697, #8117, .T. ) ;
#5499 = DIRECTION ( 'NONE',  ( -0.9396926207859074287, 0.3420201433256714885, 0.000000000000000000 ) ) ;
#5500 = CARTESIAN_POINT ( 'NONE',  ( 7.974999999999999645, 1.775124120931223182, 0.2849929109493209989 ) ) ;
#5501 = EDGE_CURVE ( 'NONE', #5726, #1501, #1379, .T. ) ;
#5502 = VERTEX_POINT ( 'NONE', #4553 ) ;
#5503 = ORIENTED_EDGE ( 'NONE', *, *, #8129, .T. ) ;
#5504 = DIRECTION ( 'NONE',  ( -1.000000000000000000, -0.000000000000000000, -0.000000000000000000 ) ) ;
#5505 = CARTESIAN_POINT ( 'NONE',  ( -3.454999999999999627, 3.200000000000001954, 0.2049999999999997380 ) ) ;
#5506 = CARTESIAN_POINT ( 'NONE',  ( 7.264999999999999680, 1.447135020849696696, 0.03897837839542882266 ) ) ;
#5507 = VECTOR ( 'NONE', #2541, 1000.000000000000000 ) ;
#5508 = EDGE_CURVE ( 'NONE', #566, #1547, #6395, .T. ) ;
#5509 = ORIENTED_EDGE ( 'NONE', *, *, #6937, .T. ) ;
#5510 = CARTESIAN_POINT ( 'NONE',  ( -2.385000000000000675, -3.969999999999997087, 2.244999999999999662 ) ) ;
#5511 = DIRECTION ( 'NONE',  ( 1.000000000000000000, 0.000000000000000000, 0.000000000000000000 ) ) ;
#5512 = DIRECTION ( 'NONE',  ( 0.000000000000000000, -0.1736481776669237254, 0.9848077530122092416 ) ) ;
#5513 = VECTOR ( 'NONE', #5945, 1000.000000000000000 ) ;
#5514 = CARTESIAN_POINT ( 'NONE',  ( 3.654999999999999361, -3.809999999999997389, 7.325000000000001066 ) ) ;
#5515 = CARTESIAN_POINT ( 'NONE',  ( 2.184999999999999609, 3.200000000000001954, -0.2049999999999995437 ) ) ;
#5516 = DIRECTION ( 'NONE',  ( 0.000000000000000000, 0.1218693434051405233, 0.9925461516413227603 ) ) ;
#5517 = CARTESIAN_POINT ( 'NONE',  ( 5.434999999999998721, 1.935118803897821982, -0.2049999999999995715 ) ) ;
#5518 = ORIENTED_EDGE ( 'NONE', *, *, #6667, .F. ) ;
#5519 = DIRECTION ( 'NONE',  ( -0.000000000000000000, 0.000000000000000000, 1.000000000000000000 ) ) ;
#5520 = VECTOR ( 'NONE', #3513, 1000.000000000000000 ) ;
#5521 = EDGE_LOOP ( 'NONE', ( #6243, #173 ) ) ;
#5522 = FACE_OUTER_BOUND ( 'NONE', #5747, .T. ) ;
#5523 = CARTESIAN_POINT ( 'NONE',  ( -8.734999999999999432, -3.809999999999997389, 7.325000000000000178 ) ) ;
#5524 = FACE_OUTER_BOUND ( 'NONE', #5484, .T. ) ;
#5525 = LINE ( 'NONE', #3765, #5995 ) ;
#5526 = AXIS2_PLACEMENT_3D ( 'NONE', #869, #3216, #7573 ) ;
#5527 = PRESENTATION_LAYER_ASSIGNMENT (  '', '', ( #3696 ) ) ;
#5528 = ADVANCED_FACE ( 'NONE', ( #190 ), #5170, .T. ) ;
#5529 = ORIENTED_EDGE ( 'NONE', *, *, #253, .T. ) ;
#5530 = ORIENTED_EDGE ( 'NONE', *, *, #4312, .T. ) ;
#5531 = VERTEX_POINT ( 'NONE', #1462 ) ;
#5532 = CARTESIAN_POINT ( 'NONE',  ( 7.974999999999999645, 1.935118803897821982, 0.4050000000000003042 ) ) ;
#5533 = AXIS2_PLACEMENT_3D ( 'NONE', #34, #5702, #77 ) ;
#5534 = VECTOR ( 'NONE', #1964, 1000.000000000000000 ) ;
#5535 = CARTESIAN_POINT ( 'NONE',  ( -2.895000000000000906, 1.775124120931223182, 0.2849929109493204993 ) ) ;
#5536 = CARTESIAN_POINT ( 'NONE',  ( -8.534999999999998366, 0.000000000000000000, 7.325000000000000178 ) ) ;
#5537 = DIRECTION ( 'NONE',  ( -1.000000000000000000, -0.000000000000000000, -0.000000000000000000 ) ) ;
#5538 = VECTOR ( 'NONE', #4428, 1000.000000000000000 ) ;
#5539 = ORIENTED_EDGE ( 'NONE', *, *, #2671, .F. ) ;
#5540 = EDGE_LOOP ( 'NONE', ( #7214, #7115, #2619, #6857 ) ) ;
#5541 = ORIENTED_EDGE ( 'NONE', *, *, #3323, .T. ) ;
#5542 = SURFACE_STYLE_FILL_AREA ( #4929 ) ;
#5543 = EDGE_CURVE ( 'NONE', #5834, #1344, #3934, .T. ) ;
#5544 = LINE ( 'NONE', #1231, #4565 ) ;
#5545 = CARTESIAN_POINT ( 'NONE',  ( 4.165000000000000924, 1.935118803897821982, 0.2050000000000000433 ) ) ;
#5546 = VERTEX_POINT ( 'NONE', #7719 ) ;
#5547 = EDGE_CURVE ( 'NONE', #2037, #5327, #2083, .T. ) ;
#5548 = ORIENTED_EDGE ( 'NONE', *, *, #5367, .T. ) ;
#5549 = AXIS2_PLACEMENT_3D ( 'NONE', #6257, #4449, #2448 ) ;
#5550 = ORIENTED_EDGE ( 'NONE', *, *, #7775, .T. ) ;
#5551 = ADVANCED_FACE ( 'NONE', ( #971 ), #7332, .T. ) ;
#5552 = DIRECTION ( 'NONE',  ( 0.000000000000000000, 0.000000000000000000, 1.000000000000000000 ) ) ;
#5553 = DIRECTION ( 'NONE',  ( -0.000000000000000000, 0.000000000000000000, 1.000000000000000000 ) ) ;
#5554 = EDGE_CURVE ( 'NONE', #4383, #5099, #5448, .T. ) ;
#5555 = ADVANCED_FACE ( 'NONE', ( #2985 ), #4798, .T. ) ;
#5556 = FACE_OUTER_BOUND ( 'NONE', #4699, .T. ) ;
#5557 = CARTESIAN_POINT ( 'NONE',  ( 10.00999999999999979, 14.00999999999999801, -0.6999999999999998446 ) ) ;
#5558 = VECTOR ( 'NONE', #2053, 1000.000000000000000 ) ;
#5559 = CARTESIAN_POINT ( 'NONE',  ( 6.705000000000000959, -3.809999999999997389, 6.915000000000001812 ) ) ;
#5560 = AXIS2_PLACEMENT_3D ( 'NONE', #3955, #5794, #2682 ) ;
#5561 = DIRECTION ( 'NONE',  ( 0.000000000000000000, 0.000000000000000000, 1.000000000000000000 ) ) ;
#5562 = ORIENTED_EDGE ( 'NONE', *, *, #6614, .F. ) ;
#5563 = DIRECTION ( 'NONE',  ( -0.3420201433256701562, -0.9396926207859078728, -2.053031296573661856E-16 ) ) ;
#5564 = ORIENTED_EDGE ( 'NONE', *, *, #6302, .T. ) ;
#5565 = VECTOR ( 'NONE', #4156, 1000.000000000000000 ) ;
#5566 = FACE_OUTER_BOUND ( 'NONE', #1268, .T. ) ;
#5567 = CARTESIAN_POINT ( 'NONE',  ( 0.3549999999999994271, 1.935118803897821982, 0.4049999999999999711 ) ) ;
#5568 = DIRECTION ( 'NONE',  ( 0.000000000000000000, -1.000000000000000000, -2.184790272011094332E-16 ) ) ;
#5569 = ORIENTED_EDGE ( 'NONE', *, *, #883, .T. ) ;
#5570 = FACE_OUTER_BOUND ( 'NONE', #7616, .T. ) ;
#5571 = AXIS2_PLACEMENT_3D ( 'NONE', #6729, #2377, #5578 ) ;
#5572 = EDGE_LOOP ( 'NONE', ( #2025, #2791, #155, #117 ) ) ;
#5573 = ORIENTED_EDGE ( 'NONE', *, *, #5695, .T. ) ;
#5574 = ORIENTED_EDGE ( 'NONE', *, *, #7405, .F. ) ;
#5575 = DIRECTION ( 'NONE',  ( -0.000000000000000000, 1.000000000000000000, 1.285735975631406781E-16 ) ) ;
#5576 = EDGE_CURVE ( 'NONE', #7581, #3830, #6781, .T. ) ;
#5577 = CYLINDRICAL_SURFACE ( 'NONE', #5738, 0.6099999999999998757 ) ;
#5578 = DIRECTION ( 'NONE',  ( 0.000000000000000000, 0.000000000000000000, -1.000000000000000000 ) ) ;
#5579 = LINE ( 'NONE', #4351, #2857 ) ;
#5580 = EDGE_LOOP ( 'NONE', ( #6425, #5736, #5943, #4719, #299, #1053, #81, #1563, #1953, #2571, #3487, #6223 ) ) ;
#5581 = ORIENTED_EDGE ( 'NONE', *, *, #7106, .T. ) ;
#5582 = FILL_AREA_STYLE ('',( #1182 ) ) ;
#5583 = EDGE_LOOP ( 'NONE', ( #4476, #6763, #1253, #2960, #6282, #4129 ) ) ;
#5584 = DIRECTION ( 'NONE',  ( -0.000000000000000000, 0.7999734148329924466, 0.6000354452533958050 ) ) ;
#5585 = DIRECTION ( 'NONE',  ( 0.000000000000000000, -1.000000000000000000, -1.092395136005546919E-16 ) ) ;
#5586 = VECTOR ( 'NONE', #4173, 1000.000000000000000 ) ;
#5587 = CIRCLE ( 'NONE', #2054, 0.1999999999999996503 ) ;
#5588 = VERTEX_POINT ( 'NONE', #3523 ) ;
#5589 = ORIENTED_EDGE ( 'NONE', *, *, #6538, .T. ) ;
#5590 = CARTESIAN_POINT ( 'NONE',  ( 8.535000000000000142, -3.260504516109076434, 7.325000000000001066 ) ) ;
#5591 = EDGE_CURVE ( 'NONE', #1763, #4690, #4674, .T. ) ;
#5592 = AXIS2_PLACEMENT_3D ( 'NONE', #1837, #5088, #1263 ) ;
#5593 = FACE_OUTER_BOUND ( 'NONE', #4944, .T. ) ;
#5594 = CARTESIAN_POINT ( 'NONE',  ( -9.244999999999999218, 3.200000000000001954, -0.2050000000000000988 ) ) ;
#5595 = PLANE ( 'NONE',  #1001 ) ;
#5596 = ADVANCED_FACE ( 'NONE', ( #7927 ), #7888, .F. ) ;
#5597 = VERTEX_POINT ( 'NONE', #4716 ) ;
#5598 = VECTOR ( 'NONE', #1329, 1000.000000000000000 ) ;
#5599 = CARTESIAN_POINT ( 'NONE',  ( 2.894999999999999130, -3.420504516109076132, 0.4050000000000000822 ) ) ;
#5600 = EDGE_CURVE ( 'NONE', #6173, #4622, #5370, .T. ) ;
#5601 = ORIENTED_EDGE ( 'NONE', *, *, #5508, .F. ) ;
#5602 = CARTESIAN_POINT ( 'NONE',  ( 6.705000000000000959, 0.6007327293374460364, 6.820925388376825715 ) ) ;
#5603 = ORIENTED_EDGE ( 'NONE', *, *, #2801, .F. ) ;
#5604 = PLANE ( 'NONE',  #1441 ) ;
#5605 = DIRECTION ( 'NONE',  ( -1.000000000000000000, -0.000000000000000000, 0.000000000000000000 ) ) ;
#5606 = LINE ( 'NONE', #2367, #4945 ) ;
#5607 = CYLINDRICAL_SURFACE ( 'NONE', #2313, 0.6099999999999989875 ) ;
#5608 = AXIS2_PLACEMENT_3D ( 'NONE', #272, #847, #4020 ) ;
#5609 = VERTEX_POINT ( 'NONE', #6021 ) ;
#5610 = EDGE_CURVE ( 'NONE', #3982, #5293, #1269, .T. ) ;
#5611 = VERTEX_POINT ( 'NONE', #7293 ) ;
#5612 = VERTEX_POINT ( 'NONE', #476 ) ;
#5613 = CARTESIAN_POINT ( 'NONE',  ( -2.185000000000001386, 0.000000000000000000, 1.835000000000000409 ) ) ;
#5614 = AXIS2_PLACEMENT_3D ( 'NONE', #7675, #7052, #1421 ) ;
#5615 = LINE ( 'NONE', #5086, #4430 ) ;
#5616 = DIRECTION ( 'NONE',  ( 0.000000000000000000, -1.000000000000000000, 0.000000000000000000 ) ) ;
#5617 = DIRECTION ( 'NONE',  ( -1.000000000000000000, -0.000000000000000000, -0.000000000000000000 ) ) ;
#5618 = ORIENTED_EDGE ( 'NONE', *, *, #830, .F. ) ;
#5619 = DIRECTION ( 'NONE',  ( 0.000000000000000000, 0.000000000000000000, -1.000000000000000000 ) ) ;
#5620 = ORIENTED_EDGE ( 'NONE', *, *, #7180, .T. ) ;
#5621 =( LENGTH_UNIT ( ) NAMED_UNIT ( * ) SI_UNIT ( .MILLI., .METRE. ) );
#5622 = CARTESIAN_POINT ( 'NONE',  ( 7.974999999999999645, -3.420504516109076132, 1.835000000000000187 ) ) ;
#5623 = LINE ( 'NONE', #8106, #4652 ) ;
#5624 = ORIENTED_EDGE ( 'NONE', *, *, #7455, .F. ) ;
#5625 = ORIENTED_EDGE ( 'NONE', *, *, #8022, .F. ) ;
#5626 = ADVANCED_FACE ( 'NONE', ( #1670 ), #1588, .F. ) ;
#5627 = DIRECTION ( 'NONE',  ( -0.000000000000000000, -0.000000000000000000, 1.000000000000000000 ) ) ;
#5628 = FILL_AREA_STYLE ('',( #40 ) ) ;
#5629 = FACE_OUTER_BOUND ( 'NONE', #1330, .T. ) ;
#5630 = DIRECTION ( 'NONE',  ( 0.000000000000000000, 1.000000000000000000, -6.368294698886953826E-17 ) ) ;
#5631 = CARTESIAN_POINT ( 'NONE',  ( 5.995000000000000107, -3.260504516109076434, 6.915000000000001812 ) ) ;
#5632 = VERTEX_POINT ( 'NONE', #1550 ) ;
#5633 = DIRECTION ( 'NONE',  ( 0.000000000000000000, 0.000000000000000000, 1.000000000000000000 ) ) ;
#5634 = EDGE_LOOP ( 'NONE', ( #5589, #1008, #2347, #1397 ) ) ;
#5635 = AXIS2_PLACEMENT_3D ( 'NONE', #649, #1217, #6890 ) ;
#5636 = DIRECTION ( 'NONE',  ( -1.000000000000000000, -0.000000000000000000, -0.000000000000000000 ) ) ;
#5637 = EDGE_CURVE ( 'NONE', #2627, #7297, #4062, .T. ) ;
#5638 = ORIENTED_EDGE ( 'NONE', *, *, #607, .F. ) ;
#5639 = CARTESIAN_POINT ( 'NONE',  ( 10.00999999999999979, 17.77000000000003510, -2.250000000000001332 ) ) ;
#5640 = CARTESIAN_POINT ( 'NONE',  ( 7.264999999999999680, 1.775124120931223182, 0.2849929109493209989 ) ) ;
#5641 = EDGE_CURVE ( 'NONE', #4856, #1383, #4838, .T. ) ;
#5642 = CARTESIAN_POINT ( 'NONE',  ( -1.114999999999999769, -3.809999999999997389, 6.915000000000000924 ) ) ;
#5643 = EDGE_LOOP ( 'NONE', ( #3485, #1829, #647, #7048 ) ) ;
#5644 = ORIENTED_EDGE ( 'NONE', *, *, #2647, .F. ) ;
#5645 = DIRECTION ( 'NONE',  ( 0.000000000000000000, 0.000000000000000000, -1.000000000000000000 ) ) ;
#5646 = EDGE_CURVE ( 'NONE', #5293, #8070, #2168, .T. ) ;
#5647 = VECTOR ( 'NONE', #6837, 1000.000000000000000 ) ;
#5648 = EDGE_LOOP ( 'NONE', ( #1842, #392, #5603, #6724 ) ) ;
#5649 = EDGE_CURVE ( 'NONE', #4226, #1103, #6682, .T. ) ;
#5650 = ORIENTED_EDGE ( 'NONE', *, *, #3745, .F. ) ;
#5651 = CARTESIAN_POINT ( 'NONE',  ( 1.625000000000001332, 0.000000000000000000, 7.325000000000001066 ) ) ;
#5652 = AXIS2_PLACEMENT_3D ( 'NONE', #5110, #7609, #4488 ) ;
#5653 = MECHANICAL_DESIGN_GEOMETRIC_PRESENTATION_REPRESENTATION (  '', ( #2516 ), #1063 ) ;
#5654 = CARTESIAN_POINT ( 'NONE',  ( 8.535000000000000142, 3.200000000000001954, -0.2049999999999992939 ) ) ;
#5655 = ADVANCED_FACE ( 'NONE', ( #1629 ), #4184, .F. ) ;
#5656 = CARTESIAN_POINT ( 'NONE',  ( -1.624999999999999778, 1.935118803897821982, 0.4050000000000000266 ) ) ;
#5657 = ORIENTED_EDGE ( 'NONE', *, *, #6170, .T. ) ;
#5658 = CARTESIAN_POINT ( 'NONE',  ( -9.045000000000001705, -3.809999999999997389, 7.325000000000000178 ) ) ;
#5659 = VECTOR ( 'NONE', #2701, 1000.000000000000000 ) ;
#5660 = AXIS2_PLACEMENT_3D ( 'NONE', #4300, #3405, #8041 ) ;
#5661 = ORIENTED_EDGE ( 'NONE', *, *, #7778, .T. ) ;
#5662 = DIRECTION ( 'NONE',  ( 0.000000000000000000, -1.000000000000000000, 0.000000000000000000 ) ) ;
#5663 = DIRECTION ( 'NONE',  ( -1.000000000000000000, -0.000000000000000000, -0.000000000000000000 ) ) ;
#5664 = PLANE ( 'NONE',  #5533 ) ;
#5665 = EDGE_LOOP ( 'NONE', ( #2154, #3110, #5493, #7560 ) ) ;
#5666 = ORIENTED_EDGE ( 'NONE', *, *, #7641, .T. ) ;
#5667 = CARTESIAN_POINT ( 'NONE',  ( -7.974999999999999645, 0.1599946829665978842, 1.755007089050678815 ) ) ;
#5668 = DIRECTION ( 'NONE',  ( -0.000000000000000000, 0.1736481776669237531, -0.9848077530122092416 ) ) ;
#5669 = PLANE ( 'NONE',  #7937 ) ;
#5670 = EDGE_CURVE ( 'NONE', #2626, #6169, #3441, .T. ) ;
#5671 = LINE ( 'NONE', #3454, #3101 ) ;
#5672 = VECTOR ( 'NONE', #7703, 1000.000000000000000 ) ;
#5673 = CYLINDRICAL_SURFACE ( 'NONE', #6234, 0.6099999999999992095 ) ;
#5674 = VERTEX_POINT ( 'NONE', #5330 ) ;
#5675 = LINE ( 'NONE', #8120, #169 ) ;
#5676 = VERTEX_POINT ( 'NONE', #7848 ) ;
#5677 = CIRCLE ( 'NONE', #2544, 0.6099999999999996536 ) ;
#5678 = DIRECTION ( 'NONE',  ( 0.000000000000000000, 0.000000000000000000, 1.000000000000000000 ) ) ;
#5679 = CARTESIAN_POINT ( 'NONE',  ( 4.724999999999999645, 1.775124120931223182, 0.2849929109493208879 ) ) ;
#5680 = AXIS2_PLACEMENT_3D ( 'NONE', #3331, #1485, #4487 ) ;
#5681 = CARTESIAN_POINT ( 'NONE',  ( -8.534999999999998366, 1.935118803897821982, 0.4049999999999996936 ) ) ;
#5682 = VERTEX_POINT ( 'NONE', #2211 ) ;
#5683 = DIRECTION ( 'NONE',  ( -1.000000000000000000, -0.000000000000000000, -0.000000000000000000 ) ) ;
#5684 = VECTOR ( 'NONE', #8063, 1000.000000000000000 ) ;
#5685 = ORIENTED_EDGE ( 'NONE', *, *, #5797, .F. ) ;
#5686 = ORIENTED_EDGE ( 'NONE', *, *, #5314, .F. ) ;
#5687 = CARTESIAN_POINT ( 'NONE',  ( -7.974999999999999645, 0.4879837830481246197, 2.001021621604571088 ) ) ;
#5688 = EDGE_CURVE ( 'NONE', #4812, #3069, #1129, .T. ) ;
#5689 = CARTESIAN_POINT ( 'NONE',  ( -3.454999999999999627, 0.000000000000000000, 6.915000000000000924 ) ) ;
#5690 = DIRECTION ( 'NONE',  ( 0.000000000000000000, -1.000000000000000000, 0.000000000000000000 ) ) ;
#5691 = VECTOR ( 'NONE', #5949, 1000.000000000000114 ) ;
#5692 = DIRECTION ( 'NONE',  ( 0.000000000000000000, -0.000000000000000000, 1.000000000000000000 ) ) ;
#5693 = EDGE_CURVE ( 'NONE', #5092, #2441, #6137, .T. ) ;
#5694 = ORIENTED_EDGE ( 'NONE', *, *, #877, .T. ) ;
#5695 = EDGE_CURVE ( 'NONE', #2812, #3129, #13, .T. ) ;
#5696 = DIRECTION ( 'NONE',  ( 0.000000000000000000, 0.000000000000000000, 1.000000000000000000 ) ) ;
#5697 = ORIENTED_EDGE ( 'NONE', *, *, #64, .F. ) ;
#5698 = AXIS2_PLACEMENT_3D ( 'NONE', #41, #7568, #6828 ) ;
#5699 = CARTESIAN_POINT ( 'NONE',  ( 1.625000000000001332, 1.738157253295379956, 0.3702703644666154315 ) ) ;
#5700 = DIRECTION ( 'NONE',  ( -0.000000000000000000, -0.000000000000000000, 1.000000000000000000 ) ) ;
#5701 = DIRECTION ( 'NONE',  ( 0.000000000000000000, -1.000000000000000000, -1.285735975631406781E-16 ) ) ;
#5702 = DIRECTION ( 'NONE',  ( -1.000000000000000000, -0.000000000000000000, 0.000000000000000000 ) ) ;
#5703 = ORIENTED_EDGE ( 'NONE', *, *, #2550, .T. ) ;
#5704 = ORIENTED_EDGE ( 'NONE', *, *, #6611, .T. ) ;
#5705 = DIRECTION ( 'NONE',  ( 0.000000000000000000, -0.6000354452533959160, 0.7999734148329924466 ) ) ;
#5706 = DIRECTION ( 'NONE',  ( 0.000000000000000000, 0.000000000000000000, 1.000000000000000000 ) ) ;
#5707 = CARTESIAN_POINT ( 'NONE',  ( 5.434999999999998721, 3.200000000000001954, -0.2049999999999994049 ) ) ;
#5708 = DIRECTION ( 'NONE',  ( -1.000000000000000000, -0.000000000000000000, -0.000000000000000000 ) ) ;
#5709 = AXIS2_PLACEMENT_3D ( 'NONE', #957, #1616, #2969 ) ;
#5710 = VECTOR ( 'NONE', #6388, 1000.000000000000000 ) ;
#5711 = FACE_OUTER_BOUND ( 'NONE', #733, .T. ) ;
#5712 = ORIENTED_EDGE ( 'NONE', *, *, #3094, .T. ) ;
#5713 = DIRECTION ( 'NONE',  ( 1.000000000000000000, 0.000000000000000000, -0.000000000000000000 ) ) ;
#5714 = ORIENTED_EDGE ( 'NONE', *, *, #705, .T. ) ;
#5715 = AXIS2_PLACEMENT_3D ( 'NONE', #4706, #306, #7839 ) ;
#5716 = CARTESIAN_POINT ( 'NONE',  ( 2.894999999999999130, -3.969999999999997087, 1.834999999999999742 ) ) ;
#5717 = EDGE_CURVE ( 'NONE', #7371, #3743, #5606, .T. ) ;
#5718 = ORIENTED_EDGE ( 'NONE', *, *, #4398, .T. ) ;
#5719 = CARTESIAN_POINT ( 'NONE',  ( 0.3549999999999994271, -3.420504516109076132, 0.4049999999999999711 ) ) ;
#5720 = DIRECTION ( 'NONE',  ( -1.000000000000000000, -0.000000000000000000, -0.000000000000000000 ) ) ;
#5721 = DIRECTION ( 'NONE',  ( -1.000000000000000000, -0.000000000000000000, -0.000000000000000000 ) ) ;
#5722 = ORIENTED_EDGE ( 'NONE', *, *, #6883, .T. ) ;
#5723 = DIRECTION ( 'NONE',  ( 0.000000000000000000, 0.000000000000000000, -1.000000000000000000 ) ) ;
#5724 = AXIS2_PLACEMENT_3D ( 'NONE', #1302, #690, #5692 ) ;
#5725 = VECTOR ( 'NONE', #3837, 1000.000000000000000 ) ;
#5726 = VERTEX_POINT ( 'NONE', #6756 ) ;
#5727 = EDGE_CURVE ( 'NONE', #5546, #2876, #2202, .T. ) ;
#5728 = ORIENTED_EDGE ( 'NONE', *, *, #5962, .T. ) ;
#5729 = DIRECTION ( 'NONE',  ( 0.000000000000000000, 0.6000354452533959160, -0.7999734148329924466 ) ) ;
#5730 = DIRECTION ( 'NONE',  ( 0.000000000000000000, -0.6000354452533959160, 0.7999734148329924466 ) ) ;
#5731 = AXIS2_PLACEMENT_3D ( 'NONE', #4042, #5957, #5189 ) ;
#5732 = DIRECTION ( 'NONE',  ( -0.000000000000000000, -0.000000000000000000, 1.000000000000000000 ) ) ;
#5733 = EDGE_CURVE ( 'NONE', #7701, #3671, #357, .T. ) ;
#5734 = UNCERTAINTY_MEASURE_WITH_UNIT (LENGTH_MEASURE( 1.000000000000000082E-05 ), #3169, 'distance_accuracy_value', 'NONE');
#5735 = VERTEX_POINT ( 'NONE', #1867 ) ;
#5736 = ORIENTED_EDGE ( 'NONE', *, *, #7402, .T. ) ;
#5737 = VERTEX_POINT ( 'NONE', #642 ) ;
#5738 = AXIS2_PLACEMENT_3D ( 'NONE', #3029, #3730, #1916 ) ;
#5739 = CARTESIAN_POINT ( 'NONE',  ( -2.895000000000000906, 1.935118803897821982, 0.4049999999999998046 ) ) ;
#5740 = EDGE_CURVE ( 'NONE', #35, #5676, #5991, .T. ) ;
#5741 = FACE_OUTER_BOUND ( 'NONE', #3900, .T. ) ;
#5742 = FACE_OUTER_BOUND ( 'NONE', #3676, .T. ) ;
#5743 = LINE ( 'NONE', #4034, #1893 ) ;
#5744 = EDGE_CURVE ( 'NONE', #2206, #5682, #5858, .T. ) ;
#5745 = DIRECTION ( 'NONE',  ( -1.000000000000000000, -0.000000000000000000, 0.000000000000000000 ) ) ;
#5746 = ORIENTED_EDGE ( 'NONE', *, *, #4627, .F. ) ;
#5747 = EDGE_LOOP ( 'NONE', ( #4511, #529, #8130, #4027 ) ) ;
#5748 = LINE ( 'NONE', #743, #339 ) ;
#5749 = SURFACE_SIDE_STYLE ('',( #165 ) ) ;
#5750 = CARTESIAN_POINT ( 'NONE',  ( 9.245000000000000995, 0.000000000000000000, 6.715000000000002522 ) ) ;
#5751 = CARTESIAN_POINT ( 'NONE',  ( -4.725000000000001421, 3.200000000000001954, -0.2049999999999998490 ) ) ;
#5752 = EDGE_CURVE ( 'NONE', #598, #1954, #4872, .T. ) ;
#5753 = ORIENTED_EDGE ( 'NONE', *, *, #3847, .F. ) ;
#5754 = LINE ( 'NONE', #750, #6440 ) ;
#5755 = ORIENTED_EDGE ( 'NONE', *, *, #6291, .F. ) ;
#5756 = ORIENTED_EDGE ( 'NONE', *, *, #431, .F. ) ;
#5757 = DIRECTION ( 'NONE',  ( 0.000000000000000000, 0.000000000000000000, 1.000000000000000000 ) ) ;
#5758 = DIRECTION ( 'NONE',  ( 1.000000000000000000, 0.000000000000000000, -0.000000000000000000 ) ) ;
#5759 = DIRECTION ( 'NONE',  ( -0.3420201433256698231, 0.9396926207859079838, 2.053031296573661856E-16 ) ) ;
#5760 = PLANE ( 'NONE',  #4363 ) ;
#5761 = CARTESIAN_POINT ( 'NONE',  ( -2.895000000000000906, 3.200000000000001954, 0.2049999999999998490 ) ) ;
#5762 = ORIENTED_EDGE ( 'NONE', *, *, #3240, .F. ) ;
#5763 = CYLINDRICAL_SURFACE ( 'NONE', #4153, 0.2000000000000002054 ) ;
#5764 = AXIS2_PLACEMENT_3D ( 'NONE', #6061, #436, #6135 ) ;
#5765 = ORIENTED_EDGE ( 'NONE', *, *, #808, .T. ) ;
#5766 = ORIENTED_EDGE ( 'NONE', *, *, #7300, .T. ) ;
#5767 = FACE_OUTER_BOUND ( 'NONE', #1352, .T. ) ;
#5768 = CARTESIAN_POINT ( 'NONE',  ( -0.3550000000000002598, 0.000000000000000000, 1.635000000000000453 ) ) ;
#5769 = AXIS2_PLACEMENT_3D ( 'NONE', #7179, #1638, #2953 ) ;
#5770 = DIRECTION ( 'NONE',  ( -0.9396926207859074287, 0.3420201433256714885, 0.000000000000000000 ) ) ;
#5771 = FACE_OUTER_BOUND ( 'NONE', #1531, .T. ) ;
#5772 = ADVANCED_FACE ( 'NONE', ( #7411 ), #6797, .F. ) ;
#5773 = VERTEX_POINT ( 'NONE', #3145 ) ;
#5774 = ORIENTED_EDGE ( 'NONE', *, *, #7234, .F. ) ;
#5775 = ORIENTED_EDGE ( 'NONE', *, *, #2036, .T. ) ;
#5776 = CARTESIAN_POINT ( 'NONE',  ( -4.725000000000001421, 1.447135020849696474, 0.03897837839542834387 ) ) ;
#5777 = ORIENTED_EDGE ( 'NONE', *, *, #4811, .T. ) ;
#5778 = CARTESIAN_POINT ( 'NONE',  ( -8.534999999999998366, -3.260504516109076434, 7.325000000000000178 ) ) ;
#5779 = AXIS2_PLACEMENT_3D ( 'NONE', #7911, #3539, #1070 ) ;
#5780 = VECTOR ( 'NONE', #6860, 1000.000000000000000 ) ;
#5781 = DIRECTION ( 'NONE',  ( -1.000000000000000000, -0.000000000000000000, 0.000000000000000000 ) ) ;
#5782 = DIRECTION ( 'NONE',  ( -0.000000000000000000, -0.000000000000000000, 1.000000000000000000 ) ) ;
#5783 = DIRECTION ( 'NONE',  ( -1.000000000000000000, -0.000000000000000000, -0.000000000000000000 ) ) ;
#5784 =( LENGTH_UNIT ( ) NAMED_UNIT ( * ) SI_UNIT ( .MILLI., .METRE. ) );
#5785 = VERTEX_POINT ( 'NONE', #6176 ) ;
#5786 = PRESENTATION_LAYER_ASSIGNMENT (  '', '', ( #6315 ) ) ;
#5787 = AXIS2_PLACEMENT_3D ( 'NONE', #3913, #1975, #3211 ) ;
#5788 = VERTEX_POINT ( 'NONE', #5642 ) ;
#5789 = DIRECTION ( 'NONE',  ( -1.000000000000000000, -0.000000000000000000, -0.000000000000000000 ) ) ;
#5790 = DIRECTION ( 'NONE',  ( -1.000000000000000000, -0.000000000000000000, -0.000000000000000000 ) ) ;
#5791 = AXIS2_PLACEMENT_3D ( 'NONE', #6896, #1267, #7387 ) ;
#5792 = CIRCLE ( 'NONE', #2787, 0.6099999999999995426 ) ;
#5793 = DIRECTION ( 'NONE',  ( -1.000000000000000000, -0.000000000000000000, -0.000000000000000000 ) ) ;
#5794 = DIRECTION ( 'NONE',  ( 0.000000000000000000, 0.9925461516413229823, 0.1218693434051405511 ) ) ;
#5795 = EDGE_CURVE ( 'NONE', #1820, #6094, #2534, .T. ) ;
#5796 = CARTESIAN_POINT ( 'NONE',  ( 9.045000000000001705, -3.809999999999997389, 6.915000000000001812 ) ) ;
#5797 = EDGE_CURVE ( 'NONE', #6192, #3605, #7496, .T. ) ;
#5798 = VERTEX_POINT ( 'NONE', #3021 ) ;
#5799 = ORIENTED_EDGE ( 'NONE', *, *, #6897, .F. ) ;
#5800 = ADVANCED_FACE ( 'NONE', ( #5524 ), #6840, .T. ) ;
#5801 = CARTESIAN_POINT ( 'NONE',  ( 4.724999999999999645, 0.000000000000000000, 1.835000000000000187 ) ) ;
#5802 = EDGE_CURVE ( 'NONE', #5919, #3926, #2458, .T. ) ;
#5803 = CARTESIAN_POINT ( 'NONE',  ( 0.9150000000000009237, 1.935118803897821982, -0.2049999999999997935 ) ) ;
#5804 = CARTESIAN_POINT ( 'NONE',  ( 2.694999999999999396, -3.969999999999997087, 2.244999999999999662 ) ) ;
#5805 = CYLINDRICAL_SURFACE ( 'NONE', #4127, 0.6099999999999998757 ) ;
#5806 = DIRECTION ( 'NONE',  ( 0.000000000000000000, 0.000000000000000000, 1.000000000000000000 ) ) ;
#5807 = ORIENTED_EDGE ( 'NONE', *, *, #1435, .T. ) ;
#5808 = LINE ( 'NONE', #3309, #4281 ) ;
#5809 = AXIS2_PLACEMENT_3D ( 'NONE', #7320, #7874, #3469 ) ;
#5810 = ORIENTED_EDGE ( 'NONE', *, *, #5334, .F. ) ;
#5811 = ORIENTED_EDGE ( 'NONE', *, *, #4554, .F. ) ;
#5812 = LINE ( 'NONE', #2209, #915 ) ;
#5813 = CARTESIAN_POINT ( 'NONE',  ( 10.00999999999999979, 14.00999999999999801, -0.6999999999999998446 ) ) ;
#5814 = CARTESIAN_POINT ( 'NONE',  ( 4.165000000000000924, 0.6007327293374460364, 6.820925388376825715 ) ) ;
#5815 = DIRECTION ( 'NONE',  ( 0.000000000000000000, 0.000000000000000000, -1.000000000000000000 ) ) ;
#5816 = CIRCLE ( 'NONE', #3726, 0.6099999999999998757 ) ;
#5817 = ORIENTED_EDGE ( 'NONE', *, *, #5904, .F. ) ;
#5818 = VERTEX_POINT ( 'NONE', #7539 ) ;
#5819 = ORIENTED_EDGE ( 'NONE', *, *, #1636, .T. ) ;
#5820 = DIRECTION ( 'NONE',  ( -1.000000000000000000, -0.000000000000000000, -0.000000000000000000 ) ) ;
#5821 = EDGE_CURVE ( 'NONE', #4906, #7658, #4302, .T. ) ;
#5822 = VECTOR ( 'NONE', #287, 1000.000000000000000 ) ;
#5823 = DIRECTION ( 'NONE',  ( 0.000000000000000000, 0.000000000000000000, 1.000000000000000000 ) ) ;
#5824 = CARTESIAN_POINT ( 'NONE',  ( -8.534999999999998366, -3.809999999999997389, 7.325000000000000178 ) ) ;
#5825 = FACE_OUTER_BOUND ( 'NONE', #5294, .T. ) ;
#5826 = VECTOR ( 'NONE', #5616, 1000.000000000000000 ) ;
#5827 = ORIENTED_EDGE ( 'NONE', *, *, #6291, .T. ) ;
#5828 = DIRECTION ( 'NONE',  ( -1.000000000000000000, -0.000000000000000000, -0.000000000000000000 ) ) ;
#5829 = DIRECTION ( 'NONE',  ( 0.000000000000000000, 0.000000000000000000, 1.000000000000000000 ) ) ;
#5830 = DIRECTION ( 'NONE',  ( 0.000000000000000000, 0.000000000000000000, 1.000000000000000000 ) ) ;
#5831 = CARTESIAN_POINT ( 'NONE',  ( -1.624999999999999778, -3.260504516109076434, 6.915000000000000924 ) ) ;
#5832 = ORIENTED_EDGE ( 'NONE', *, *, #3034, .F. ) ;
#5833 = EDGE_CURVE ( 'NONE', #3355, #6326, #1139, .T. ) ;
#5834 = VERTEX_POINT ( 'NONE', #4338 ) ;
#5835 = DIRECTION ( 'NONE',  ( 0.000000000000000000, 1.000000000000000000, 1.285735975631406781E-16 ) ) ;
#5836 = EDGE_LOOP ( 'NONE', ( #3652, #768, #5176, #1714 ) ) ;
#5837 = CIRCLE ( 'NONE', #470, 0.6099999999999998757 ) ;
#5838 = LINE ( 'NONE', #3304, #4472 ) ;
#5839 = VECTOR ( 'NONE', #1004, 1000.000000000000000 ) ;
#5840 = EDGE_CURVE ( 'NONE', #7781, #4559, #1212, .T. ) ;
#5841 = FACE_OUTER_BOUND ( 'NONE', #3104, .T. ) ;
#5842 = UNCERTAINTY_MEASURE_WITH_UNIT (LENGTH_MEASURE( 1.000000000000000082E-05 ), #5175, 'distance_accuracy_value', 'NONE');
#5843 = CARTESIAN_POINT ( 'NONE',  ( 6.705000000000000959, 1.738157253295379956, 0.3702703644666156535 ) ) ;
#5844 = ORIENTED_EDGE ( 'NONE', *, *, #8083, .F. ) ;
#5845 = CARTESIAN_POINT ( 'NONE',  ( -5.994999999999998330, 3.200000000000001954, -0.2049999999999999878 ) ) ;
#5846 = EDGE_CURVE ( 'NONE', #2999, #2841, #7619, .T. ) ;
#5847 = ADVANCED_FACE ( 'NONE', ( #1990 ), #1413, .F. ) ;
#5848 = VECTOR ( 'NONE', #5927, 1000.000000000000000 ) ;
#5849 = ORIENTED_EDGE ( 'NONE', *, *, #1809, .T. ) ;
#5850 = ORIENTED_EDGE ( 'NONE', *, *, #5501, .F. ) ;
#5851 = PLANE ( 'NONE',  #2895 ) ;
#5852 =( LENGTH_UNIT ( ) NAMED_UNIT ( * ) SI_UNIT ( .MILLI., .METRE. ) );
#5853 = VECTOR ( 'NONE', #3599, 1000.000000000000000 ) ;
#5854 = CARTESIAN_POINT ( 'NONE',  ( 9.245000000000000995, 1.935118803897821982, 0.4050000000000005262 ) ) ;
#5855 = VERTEX_POINT ( 'NONE', #5241 ) ;
#5856 = DIRECTION ( 'NONE',  ( 1.000000000000000000, 0.000000000000000000, -0.000000000000000000 ) ) ;
#5857 = EDGE_CURVE ( 'NONE', #2071, #8053, #6468, .T. ) ;
#5858 = CIRCLE ( 'NONE', #5347, 0.2000000000000003164 ) ;
#5859 = ORIENTED_EDGE ( 'NONE', *, *, #3911, .T. ) ;
#5860 = ORIENTED_EDGE ( 'NONE', *, *, #5649, .T. ) ;
#5861 = ORIENTED_EDGE ( 'NONE', *, *, #1172, .T. ) ;
#5862 = ORIENTED_EDGE ( 'NONE', *, *, #4959, .T. ) ;
#5863 = CARTESIAN_POINT ( 'NONE',  ( 4.165000000000000924, 0.000000000000000000, 6.715000000000002522 ) ) ;
#5864 = VECTOR ( 'NONE', #6116, 1000.000000000000114 ) ;
#5865 = CARTESIAN_POINT ( 'NONE',  ( 1.625000000000001332, 0.6007327293374460364, 6.820925388376825715 ) ) ;
#5866 = DIRECTION ( 'NONE',  ( -0.9396926207859079838, -0.3420201433256698786, 0.000000000000000000 ) ) ;
#5867 = DIRECTION ( 'NONE',  ( -0.000000000000000000, 0.000000000000000000, 1.000000000000000000 ) ) ;
#5868 = DIRECTION ( 'NONE',  ( 0.000000000000000000, -1.000000000000000000, -2.571471951262813563E-16 ) ) ;
#5869 = SURFACE_SIDE_STYLE ('',( #3455 ) ) ;
#5870 = MECHANICAL_DESIGN_GEOMETRIC_PRESENTATION_REPRESENTATION (  '', ( #6536 ), #2607 ) ;
#5871 = ORIENTED_EDGE ( 'NONE', *, *, #6684, .T. ) ;
#5872 = DIRECTION ( 'NONE',  ( 0.3420201433256687684, -0.9396926207859083169, 0.000000000000000000 ) ) ;
#5873 = CARTESIAN_POINT ( 'NONE',  ( 8.734999999999999432, -3.809999999999997389, 7.325000000000001066 ) ) ;
#5874 = DIRECTION ( 'NONE',  ( -0.9396926207859074287, 0.3420201433256714885, 0.000000000000000000 ) ) ;
#5875 = CARTESIAN_POINT ( 'NONE',  ( 5.995000000000000107, 1.738157253295379956, 0.3702703644666156535 ) ) ;
#5876 = DIRECTION ( 'NONE',  ( 0.000000000000000000, -1.000000000000000000, -1.092395136005546919E-16 ) ) ;
#5877 = EDGE_CURVE ( 'NONE', #7478, #7249, #54, .T. ) ;
#5878 = ORIENTED_EDGE ( 'NONE', *, *, #927, .T. ) ;
#5879 = VERTEX_POINT ( 'NONE', #1450 ) ;
#5880 = DIRECTION ( 'NONE',  ( -1.000000000000000000, -0.000000000000000000, -0.000000000000000000 ) ) ;
#5881 = FACE_OUTER_BOUND ( 'NONE', #4391, .T. ) ;
#5882 = DIRECTION ( 'NONE',  ( 1.000000000000000000, 0.000000000000000000, -0.000000000000000000 ) ) ;
#5883 = DIRECTION ( 'NONE',  ( 0.000000000000000000, 0.000000000000000000, -1.000000000000000000 ) ) ;
#5884 = DIRECTION ( 'NONE',  ( -0.9396926207859079838, -0.3420201433256698786, 0.000000000000000000 ) ) ;
#5885 = ORIENTED_EDGE ( 'NONE', *, *, #5591, .F. ) ;
#5886 = CARTESIAN_POINT ( 'NONE',  ( -5.994999999999998330, 0.1969615506024410823, 6.749729635533386229 ) ) ;
#5887 = EDGE_CURVE ( 'NONE', #7658, #35, #7665, .T. ) ;
#5888 = ORIENTED_EDGE ( 'NONE', *, *, #1738, .T. ) ;
#5889 = ORIENTED_EDGE ( 'NONE', *, *, #4602, .T. ) ;
#5890 = LINE ( 'NONE', #230, #3016 ) ;
#5891 = EDGE_CURVE ( 'NONE', #2677, #1789, #2075, .T. ) ;
#5892 = DIRECTION ( 'NONE',  ( -1.000000000000000000, -0.000000000000000000, -0.000000000000000000 ) ) ;
#5893 = DIRECTION ( 'NONE',  ( -1.000000000000000000, -0.000000000000000000, -0.000000000000000000 ) ) ;
#5894 = ORIENTED_EDGE ( 'NONE', *, *, #5752, .T. ) ;
#5895 = EDGE_CURVE ( 'NONE', #4680, #4999, #4497, .T. ) ;
#5896 = CARTESIAN_POINT ( 'NONE',  ( 8.535000000000000142, 3.200000000000001954, 0.2050000000000003209 ) ) ;
#5897 = AXIS2_PLACEMENT_3D ( 'NONE', #2406, #7211, #6261 ) ;
#5898 = ORIENTED_EDGE ( 'NONE', *, *, #4107, .F. ) ;
#5899 = ADVANCED_FACE ( 'NONE', ( #2575, #3345 ), #1369, .T. ) ;
#5900 = VERTEX_POINT ( 'NONE', #181 ) ;
#5901 = DIRECTION ( 'NONE',  ( -0.1209742911513484731, -0.1209742911513478486, 0.9852565360152947260 ) ) ;
#5902 = ORIENTED_EDGE ( 'NONE', *, *, #4814, .F. ) ;
#5903 = CARTESIAN_POINT ( 'NONE',  ( -5.994999999999998330, -3.809999999999997389, 7.325000000000000178 ) ) ;
#5904 = EDGE_CURVE ( 'NONE', #5073, #1850, #5160, .T. ) ;
#5905 = ADVANCED_FACE ( 'NONE', ( #5076 ), #7751, .T. ) ;
#5906 = LINE ( 'NONE', #6531, #6714 ) ;
#5907 = FACE_OUTER_BOUND ( 'NONE', #1086, .T. ) ;
#5908 = DIRECTION ( 'NONE',  ( 0.000000000000000000, 0.000000000000000000, 1.000000000000000000 ) ) ;
#5909 = FACE_OUTER_BOUND ( 'NONE', #3446, .T. ) ;
#5910 = VERTEX_POINT ( 'NONE', #7121 ) ;
#5911 = AXIS2_PLACEMENT_3D ( 'NONE', #5361, #303, #2932 ) ;
#5912 = LINE ( 'NONE', #7109, #7470 ) ;
#5913 = CARTESIAN_POINT ( 'NONE',  ( -3.454999999999999627, 1.334386074560374835, 0.2990746116231763896 ) ) ;
#5914 = FACE_OUTER_BOUND ( 'NONE', #7291, .T. ) ;
#5915 = CARTESIAN_POINT ( 'NONE',  ( -0.9149999999999991473, 0.000000000000000000, 6.715000000000001634 ) ) ;
#5916 = VECTOR ( 'NONE', #3997, 1000.000000000000000 ) ;
#5917 = SURFACE_STYLE_USAGE ( .BOTH. , #2273 ) ;
#5918 = ORIENTED_EDGE ( 'NONE', *, *, #1362, .T. ) ;
#5919 = VERTEX_POINT ( 'NONE', #2114 ) ;
#5920 = CARTESIAN_POINT ( 'NONE',  ( 3.455000000000000515, 0.000000000000000000, 7.325000000000001066 ) ) ;
#5921 =( GEOMETRIC_REPRESENTATION_CONTEXT ( 3 ) GLOBAL_UNCERTAINTY_ASSIGNED_CONTEXT ( ( #2191 ) ) GLOBAL_UNIT_ASSIGNED_CONTEXT ( ( #4726, #2882, #7225 ) ) REPRESENTATION_CONTEXT ( 'NONE', 'WORKASPACE' ) );
#5922 = CIRCLE ( 'NONE', #2259, 0.1999999999999996503 ) ;
#5923 = DIRECTION ( 'NONE',  ( -0.000000000000000000, 0.6000354452533958050, -0.7999734148329924466 ) ) ;
#5924 = LINE ( 'NONE', #3263, #4092 ) ;
#5925 = ADVANCED_FACE ( 'NONE', ( #2032 ), #4539, .F. ) ;
#5926 = CARTESIAN_POINT ( 'NONE',  ( -0.3550000000000002598, 1.935118803897821982, 0.4049999999999999711 ) ) ;
#5927 = DIRECTION ( 'NONE',  ( 0.000000000000000000, -1.000000000000000000, -1.285735975631406781E-16 ) ) ;
#5928 = DIRECTION ( 'NONE',  ( 0.3420201433256713774, 0.9396926207859073177, -0.000000000000000000 ) ) ;
#5929 = CIRCLE ( 'NONE', #554, 1.905000000000000027 ) ;
#5930 = ORIENTED_EDGE ( 'NONE', *, *, #1137, .T. ) ;
#5931 = LINE ( 'NONE', #5326, #7277 ) ;
#5932 = EDGE_LOOP ( 'NONE', ( #5374, #237, #677, #7310 ) ) ;
#5933 = CARTESIAN_POINT ( 'NONE',  ( -3.454999999999999627, -3.809999999999997389, 7.325000000000000178 ) ) ;
#5934 = LINE ( 'NONE', #315, #50 ) ;
#5935 = CARTESIAN_POINT ( 'NONE',  ( -7.265000000000000568, 0.000000000000000000, 1.834999999999999742 ) ) ;
#5936 = EDGE_CURVE ( 'NONE', #7541, #6801, #7580, .T. ) ;
#5937 = VERTEX_POINT ( 'NONE', #1497 ) ;
#5938 = CARTESIAN_POINT ( 'NONE',  ( -7.265000000000000568, -3.420504516109076132, 2.244999999999999218 ) ) ;
#5939 = AXIS2_PLACEMENT_3D ( 'NONE', #947, #5955, #7190 ) ;
#5940 = ORIENTED_EDGE ( 'NONE', *, *, #6859, .T. ) ;
#5941 = VERTEX_POINT ( 'NONE', #4013 ) ;
#5942 = APPLICATION_PROTOCOL_DEFINITION ( 'draft international standard', 'automotive_design', 1998, #5306 ) ;
#5943 = ORIENTED_EDGE ( 'NONE', *, *, #7189, .T. ) ;
#5944 = ADVANCED_FACE ( 'NONE', ( #6510 ), #3183, .F. ) ;
#5945 = DIRECTION ( 'NONE',  ( -1.000000000000000000, -0.000000000000000000, -0.000000000000000000 ) ) ;
#5946 = AXIS2_PLACEMENT_3D ( 'NONE', #5863, #5820, #7095 ) ;
#5947 = DIRECTION ( 'NONE',  ( 1.000000000000000000, 0.000000000000000000, -0.000000000000000000 ) ) ;
#5948 = EDGE_CURVE ( 'NONE', #792, #7093, #221, .T. ) ;
#5949 = DIRECTION ( 'NONE',  ( -0.000000000000000000, 0.1736481776669237531, -0.9848077530122092416 ) ) ;
#5950 = VECTOR ( 'NONE', #4825, 1000.000000000000000 ) ;
#5951 = PLANE ( 'NONE',  #2319 ) ;
#5952 = EDGE_CURVE ( 'NONE', #2645, #7752, #6423, .T. ) ;
#5953 = ORIENTED_EDGE ( 'NONE', *, *, #7011, .T. ) ;
#5954 = AXIS2_PLACEMENT_3D ( 'NONE', #1517, #1349, #245 ) ;
#5955 = DIRECTION ( 'NONE',  ( -1.000000000000000000, -0.000000000000000000, 0.000000000000000000 ) ) ;
#5956 = DIRECTION ( 'NONE',  ( 0.000000000000000000, -1.000000000000000000, -1.285735975631406781E-16 ) ) ;
#5957 = DIRECTION ( 'NONE',  ( -1.000000000000000000, -0.000000000000000000, -0.000000000000000000 ) ) ;
#5958 = PLANE ( 'NONE',  #3334 ) ;
#5959 = UNCERTAINTY_MEASURE_WITH_UNIT (LENGTH_MEASURE( 1.000000000000000082E-05 ), #2139, 'distance_accuracy_value', 'NONE');
#5960 = AXIS2_PLACEMENT_3D ( 'NONE', #371, #326, #5340 ) ;
#5961 = CARTESIAN_POINT ( 'NONE',  ( -7.265000000000000568, 1.935118803897821982, 0.2049999999999992939 ) ) ;
#5962 = EDGE_CURVE ( 'NONE', #4120, #1426, #5116, .T. ) ;
#5963 = ORIENTED_EDGE ( 'NONE', *, *, #5186, .F. ) ;
#5964 = ORIENTED_EDGE ( 'NONE', *, *, #681, .F. ) ;
#5965 = CARTESIAN_POINT ( 'NONE',  ( -3.454999999999999627, 3.200000000000001954, 0.2049999999999997380 ) ) ;
#5966 = CARTESIAN_POINT ( 'NONE',  ( 1.905000000000000027, 18.03000000000000114, -2.250000000000001332 ) ) ;
#5967 = CARTESIAN_POINT ( 'NONE',  ( -7.265000000000000568, 1.935118803897821982, 0.4049999999999995826 ) ) ;
#5968 = CARTESIAN_POINT ( 'NONE',  ( -0.3550000000000002598, 3.200000000000001954, 0.2049999999999999600 ) ) ;
#5969 = CARTESIAN_POINT ( 'NONE',  ( 1.625000000000001332, -3.260504516109076434, 6.915000000000001812 ) ) ;
#5970 = CARTESIAN_POINT ( 'NONE',  ( 9.245000000000000995, -3.809999999999997389, 6.915000000000001812 ) ) ;
#5971 = VERTEX_POINT ( 'NONE', #5969 ) ;
#5972 = AXIS2_PLACEMENT_3D ( 'NONE', #4457, #1213, #3639 ) ;
#5973 = LINE ( 'NONE', #7960, #588 ) ;
#5974 = ORIENTED_EDGE ( 'NONE', *, *, #7353, .F. ) ;
#5975 = DIRECTION ( 'NONE',  ( -1.000000000000000000, -0.000000000000000000, -0.000000000000000000 ) ) ;
#5976 = CARTESIAN_POINT ( 'NONE',  ( 2.184999999999999609, -3.420504516109077908, 2.244999999999999662 ) ) ;
#5977 = DIRECTION ( 'NONE',  ( 0.7071067811865514585, -0.7071067811865435759, -0.000000000000000000 ) ) ;
#5978 = ORIENTED_EDGE ( 'NONE', *, *, #1128, .F. ) ;
#5979 = VECTOR ( 'NONE', #4784, 1000.000000000000114 ) ;
#5980 = PLANE ( 'NONE',  #1919 ) ;
#5981 = AXIS2_PLACEMENT_3D ( 'NONE', #7164, #6015, #5363 ) ;
#5982 = EDGE_CURVE ( 'NONE', #5879, #3706, #2281, .T. ) ;
#5983 = ORIENTED_EDGE ( 'NONE', *, *, #3647, .F. ) ;
#5984 = APPLICATION_CONTEXT ( 'automotive_design' ) ;
#5985 = EDGE_LOOP ( 'NONE', ( #7590, #6659, #3239, #5657 ) ) ;
#5986 = ORIENTED_EDGE ( 'NONE', *, *, #6148, .T. ) ;
#5987 = CARTESIAN_POINT ( 'NONE',  ( 2.894999999999999130, 1.775124120931223182, 0.2849929109493207768 ) ) ;
#5988 = CIRCLE ( 'NONE', #3504, 0.2000000000000002609 ) ;
#5989 = LINE ( 'NONE', #2585, #7720 ) ;
#5990 = CARTESIAN_POINT ( 'NONE',  ( 0.3549999999999994271, 0.000000000000000000, 1.835000000000000409 ) ) ;
#5991 = CIRCLE ( 'NONE', #4556, 0.2000000000000002609 ) ;
#5992 = DIRECTION ( 'NONE',  ( 0.000000000000000000, -0.000000000000000000, 1.000000000000000000 ) ) ;
#5993 = EDGE_CURVE ( 'NONE', #6192, #37, #2161, .T. ) ;
#5994 = DIRECTION ( 'NONE',  ( -1.000000000000000000, -0.000000000000000000, 0.000000000000000000 ) ) ;
#5995 = VECTOR ( 'NONE', #5645, 1000.000000000000000 ) ;
#5996 = EDGE_LOOP ( 'NONE', ( #632, #633, #7136, #637 ) ) ;
#5997 = EDGE_CURVE ( 'NONE', #2729, #5588, #4176, .T. ) ;
#5998 = AXIS2_PLACEMENT_3D ( 'NONE', #2020, #7028, #3914 ) ;
#5999 = PLANE ( 'NONE',  #5939 ) ;
#6000 = FACE_OUTER_BOUND ( 'NONE', #2026, .T. ) ;
#6001 = EDGE_CURVE ( 'NONE', #6792, #7122, #389, .T. ) ;
#6002 = CARTESIAN_POINT ( 'NONE',  ( -9.244999999999999218, 0.000000000000000000, 6.715000000000001634 ) ) ;
#6003 = DIRECTION ( 'NONE',  ( -0.000000000000000000, 0.1736481776669237531, -0.9848077530122092416 ) ) ;
#6004 = AXIS2_PLACEMENT_3D ( 'NONE', #6931, #1301, #1793 ) ;
#6005 = EDGE_CURVE ( 'NONE', #7647, #6192, #79, .T. ) ;
#6006 = FACE_OUTER_BOUND ( 'NONE', #4364, .T. ) ;
#6007 = ORIENTED_EDGE ( 'NONE', *, *, #556, .T. ) ;
#6008 = EDGE_LOOP ( 'NONE', ( #4046, #2092, #5963, #5888 ) ) ;
#6009 = DIRECTION ( 'NONE',  ( 0.000000000000000000, -0.6000354452533959160, 0.7999734148329924466 ) ) ;
#6010 = DIRECTION ( 'NONE',  ( -0.3420201433256713774, -0.9396926207859073177, -0.000000000000000000 ) ) ;
#6011 = CIRCLE ( 'NONE', #4575, 0.6099999999999997646 ) ;
#6012 = LINE ( 'NONE', #2317, #2112 ) ;
#6013 = EDGE_CURVE ( 'NONE', #4782, #4752, #1694, .T. ) ;
#6014 = CARTESIAN_POINT ( 'NONE',  ( 8.535000000000000142, 1.334386074560374835, 0.2990746116231770002 ) ) ;
#6015 = DIRECTION ( 'NONE',  ( 0.000000000000000000, -1.285735975631406781E-16, 1.000000000000000000 ) ) ;
#6016 = CARTESIAN_POINT ( 'NONE',  ( -6.704999999999999183, 1.738157253295379956, 0.3702703644666150429 ) ) ;
#6017 = VERTEX_POINT ( 'NONE', #4055 ) ;
#6018 = LINE ( 'NONE', #5407, #3737 ) ;
#6019 = EDGE_LOOP ( 'NONE', ( #6064, #382, #6971, #8137 ) ) ;
#6020 = CARTESIAN_POINT ( 'NONE',  ( -4.725000000000001421, 1.935118803897821982, 0.4049999999999996936 ) ) ;
#6021 = CARTESIAN_POINT ( 'NONE',  ( 7.974999999999999645, 0.000000000000000000, 2.245000000000000551 ) ) ;
#6022 = ORIENTED_EDGE ( 'NONE', *, *, #4651, .F. ) ;
#6023 = LINE ( 'NONE', #2909, #5344 ) ;
#6024 = ORIENTED_EDGE ( 'NONE', *, *, #276, .T. ) ;
#6025 = ORIENTED_EDGE ( 'NONE', *, *, #4648, .F. ) ;
#6026 = ORIENTED_EDGE ( 'NONE', *, *, #576, .F. ) ;
#6027 = ADVANCED_FACE ( 'NONE', ( #917 ), #1577, .T. ) ;
#6028 = DIRECTION ( 'NONE',  ( -0.3420201433256701562, -0.9396926207859078728, -2.053031296573661856E-16 ) ) ;
#6029 = EDGE_CURVE ( 'NONE', #1132, #3734, #6675, .T. ) ;
#6030 = FILL_AREA_STYLE_COLOUR ( '', #3909 ) ;
#6031 = DIRECTION ( 'NONE',  ( 1.000000000000000000, 0.000000000000000000, 0.000000000000000000 ) ) ;
#6032 = CARTESIAN_POINT ( 'NONE',  ( -3.454999999999999627, 3.200000000000001954, -0.2049999999999998490 ) ) ;
#6033 = ORIENTED_EDGE ( 'NONE', *, *, #5402, .T. ) ;
#6034 = EDGE_LOOP ( 'NONE', ( #2013, #6268, #8008, #5472 ) ) ;
#6035 = VECTOR ( 'NONE', #2490, 1000.000000000000000 ) ;
#6036 = CARTESIAN_POINT ( 'NONE',  ( 1.625000000000001332, 0.000000000000000000, 6.915000000000001812 ) ) ;
#6037 = LINE ( 'NONE', #5913, #7492 ) ;
#6038 = DIRECTION ( 'NONE',  ( -1.000000000000000000, -0.000000000000000000, -0.000000000000000000 ) ) ;
#6039 = CARTESIAN_POINT ( 'NONE',  ( -0.9149999999999991473, 3.200000000000001954, 0.2049999999999998490 ) ) ;
#6040 = DIRECTION ( 'NONE',  ( -1.000000000000000000, -0.000000000000000000, -0.000000000000000000 ) ) ;
#6041 = CIRCLE ( 'NONE', #6702, 0.6099999999999998757 ) ;
#6042 = EDGE_LOOP ( 'NONE', ( #3776, #5902, #2539, #1045 ) ) ;
#6043 = CYLINDRICAL_SURFACE ( 'NONE', #443, 0.6099999999999985434 ) ;
#6044 = DIRECTION ( 'NONE',  ( -1.000000000000000000, -0.000000000000000000, 0.000000000000000000 ) ) ;
#6045 = EDGE_CURVE ( 'NONE', #6359, #4332, #2713, .T. ) ;
#6046 = DIRECTION ( 'NONE',  ( 0.000000000000000000, 0.6000354452533959160, -0.7999734148329924466 ) ) ;
#6047 = VECTOR ( 'NONE', #3918, 1000.000000000000227 ) ;
#6048 = VECTOR ( 'NONE', #5956, 1000.000000000000000 ) ;
#6049 = CARTESIAN_POINT ( 'NONE',  ( 4.924999999999998934, -3.969999999999997087, 1.834999999999999742 ) ) ;
#6050 = CARTESIAN_POINT ( 'NONE',  ( 0.1549999999999997491, -3.969999999999997087, 2.244999999999999662 ) ) ;
#6051 = EDGE_CURVE ( 'NONE', #4, #792, #3429, .T. ) ;
#6052 = ORIENTED_EDGE ( 'NONE', *, *, #7447, .F. ) ;
#6053 = DIRECTION ( 'NONE',  ( 0.1209742911513484731, -0.1209742911513477653, -0.9852565360152947260 ) ) ;
#6054 = EDGE_CURVE ( 'NONE', #1470, #1417, #4789, .T. ) ;
#6055 = PRESENTATION_LAYER_ASSIGNMENT (  '', '', ( #6447 ) ) ;
#6056 = AXIS2_PLACEMENT_3D ( 'NONE', #1307, #1347, #3322 ) ;
#6057 = PRODUCT_DEFINITION ( 'UNKNOWN', '', #23, #4538 ) ;
#6058 = ORIENTED_EDGE ( 'NONE', *, *, #5646, .T. ) ;
#6059 = DIRECTION ( 'NONE',  ( -1.000000000000000000, -0.000000000000000000, -0.000000000000000000 ) ) ;
#6060 = ORIENTED_EDGE ( 'NONE', *, *, #1583, .F. ) ;
#6061 = CARTESIAN_POINT ( 'NONE',  ( 6.705000000000000959, 3.200000000000001954, 0.2050000000000002098 ) ) ;
#6062 = CARTESIAN_POINT ( 'NONE',  ( -0.3550000000000002598, 0.000000000000000000, 1.635000000000000453 ) ) ;
#6063 = DIRECTION ( 'NONE',  ( 0.000000000000000000, 2.571471951262813563E-16, -1.000000000000000000 ) ) ;
#6064 = ORIENTED_EDGE ( 'NONE', *, *, #5740, .T. ) ;
#6065 = ORIENTED_EDGE ( 'NONE', *, *, #3419, .T. ) ;
#6066 = EDGE_LOOP ( 'NONE', ( #5165, #653, #4531, #1696 ) ) ;
#6067 = CARTESIAN_POINT ( 'NONE',  ( 7.974999999999999645, 1.775124120931223182, 0.2849929109493209989 ) ) ;
#6068 = LINE ( 'NONE', #2836, #4051 ) ;
#6069 = CARTESIAN_POINT ( 'NONE',  ( 5.434999999999998721, 3.200000000000001954, 0.2050000000000002098 ) ) ;
#6070 = CIRCLE ( 'NONE', #2934, 0.2000000000000002609 ) ;
#6071 = CARTESIAN_POINT ( 'NONE',  ( 2.894999999999999130, 0.000000000000000000, 1.635000000000000675 ) ) ;
#6072 = VECTOR ( 'NONE', #1608, 1000.000000000000114 ) ;
#6073 = VERTEX_POINT ( 'NONE', #6595 ) ;
#6074 = EDGE_CURVE ( 'NONE', #669, #1512, #7295, .T. ) ;
#6075 = VECTOR ( 'NONE', #4937, 1000.000000000000000 ) ;
#6076 = PLANE ( 'NONE',  #8052 ) ;
#6077 = VECTOR ( 'NONE', #7796, 999.9999999999998863 ) ;
#6078 = LINE ( 'NONE', #5387, #4424 ) ;
#6079 = CARTESIAN_POINT ( 'NONE',  ( 6.705000000000000959, 0.1969615506024410823, 6.749729635533387118 ) ) ;
#6080 = CARTESIAN_POINT ( 'NONE',  ( -9.244999999999999218, 0.000000000000000000, 6.715000000000001634 ) ) ;
#6081 = VECTOR ( 'NONE', #32, 1000.000000000000000 ) ;
#6082 = EDGE_LOOP ( 'NONE', ( #2942, #6940, #1607, #7168 ) ) ;
#6083 = ADVANCED_FACE ( 'NONE', ( #6635 ), #3516, .F. ) ;
#6084 = DIRECTION ( 'NONE',  ( 0.000000000000000000, 0.000000000000000000, 1.000000000000000000 ) ) ;
#6085 = CARTESIAN_POINT ( 'NONE',  ( -5.435000000000001386, 3.200000000000001954, -0.2049999999999998490 ) ) ;
#6086 = DIRECTION ( 'NONE',  ( -0.000000000000000000, 1.000000000000000000, 1.285735975631406781E-16 ) ) ;
#6087 = FACE_OUTER_BOUND ( 'NONE', #4540, .T. ) ;
#6088 = CIRCLE ( 'NONE', #6356, 0.1999999999999996503 ) ;
#6089 = CARTESIAN_POINT ( 'NONE',  ( -7.974999999999999645, 0.000000000000000000, 1.834999999999999742 ) ) ;
#6090 = VERTEX_POINT ( 'NONE', #7247 ) ;
#6091 = CYLINDRICAL_SURFACE ( 'NONE', #342, 0.1999999999999996503 ) ;
#6092 = EDGE_CURVE ( 'NONE', #5611, #7933, #2897, .T. ) ;
#6093 = VECTOR ( 'NONE', #4485, 1000.000000000000000 ) ;
#6094 = VERTEX_POINT ( 'NONE', #2239 ) ;
#6095 = DIRECTION ( 'NONE',  ( -0.000000000000000000, 0.1736481776669237531, -0.9848077530122092416 ) ) ;
#6096 = ADVANCED_FACE ( 'NONE', ( #428 ), #5439, .F. ) ;
#6097 = EDGE_LOOP ( 'NONE', ( #3593, #2169, #8139, #119 ) ) ;
#6098 = CARTESIAN_POINT ( 'NONE',  ( -7.464999999999999858, -3.969999999999997087, 1.834999999999999298 ) ) ;
#6099 = CARTESIAN_POINT ( 'NONE',  ( -3.454999999999999627, 0.1969615506024410823, 6.749729635533386229 ) ) ;
#6100 = EDGE_CURVE ( 'NONE', #669, #3068, #7205, .T. ) ;
#6101 = DIRECTION ( 'NONE',  ( 0.3420201433256701562, 0.9396926207859078728, 1.026515648286830928E-16 ) ) ;
#6102 = DIRECTION ( 'NONE',  ( 0.000000000000000000, -1.000000000000000000, 0.000000000000000000 ) ) ;
#6103 = EDGE_LOOP ( 'NONE', ( #1614, #432, #2874, #7262 ) ) ;
#6104 = ORIENTED_EDGE ( 'NONE', *, *, #5393, .T. ) ;
#6105 = ORIENTED_EDGE ( 'NONE', *, *, #4450, .F. ) ;
#6106 = PLANE ( 'NONE',  #132 ) ;
#6107 = CLOSED_SHELL ( 'NONE', ( #4355, #5944, #1824, #782, #2370, #4296, #833, #5233, #1024, #6717, #5351, #3871, #7876, #2798, #5135, #310 ) ) ;
#6108 = CIRCLE ( 'NONE', #7413, 0.1999999999999996503 ) ;
#6109 = DIRECTION ( 'NONE',  ( 0.000000000000000000, -1.000000000000000000, -2.184790272011094332E-16 ) ) ;
#6110 = EDGE_CURVE ( 'NONE', #2950, #7564, #7966, .T. ) ;
#6111 = CARTESIAN_POINT ( 'NONE',  ( 1.625000000000001332, 3.200000000000001954, 0.2049999999999999600 ) ) ;
#6112 = FACE_OUTER_BOUND ( 'NONE', #6346, .T. ) ;
#6113 = EDGE_LOOP ( 'NONE', ( #5878, #7043, #6177, #2449 ) ) ;
#6114 = AXIS2_PLACEMENT_3D ( 'NONE', #7384, #6618, #4118 ) ;
#6115 = FACE_OUTER_BOUND ( 'NONE', #5194, .T. ) ;
#6116 = DIRECTION ( 'NONE',  ( -0.3420201433256713774, -0.9396926207859073177, -0.000000000000000000 ) ) ;
#6117 = DIRECTION ( 'NONE',  ( 0.000000000000000000, 0.000000000000000000, 1.000000000000000000 ) ) ;
#6118 = AXIS2_PLACEMENT_3D ( 'NONE', #8136, #6969, #1878 ) ;
#6119 = AXIS2_PLACEMENT_3D ( 'NONE', #7172, #2290, #360 ) ;
#6120 = VERTEX_POINT ( 'NONE', #2439 ) ;
#6121 = DIRECTION ( 'NONE',  ( 0.000000000000000000, 0.000000000000000000, 1.000000000000000000 ) ) ;
#6122 = LINE ( 'NONE', #6085, #4022 ) ;
#6123 =( NAMED_UNIT ( * ) SI_UNIT ( $, .STERADIAN. ) SOLID_ANGLE_UNIT ( ) );
#6124 = LINE ( 'NONE', #2210, #4394 ) ;
#6125 = DIRECTION ( 'NONE',  ( -0.000000000000000000, 0.1736481776669237531, -0.9848077530122092416 ) ) ;
#6126 = CIRCLE ( 'NONE', #1795, 0.6099999999999996536 ) ;
#6127 = EDGE_CURVE ( 'NONE', #273, #836, #2975, .T. ) ;
#6128 = LINE ( 'NONE', #6711, #1785 ) ;
#6129 = ORIENTED_EDGE ( 'NONE', *, *, #3618, .F. ) ;
#6130 = PLANE ( 'NONE',  #3358 ) ;
#6131 = AXIS2_PLACEMENT_3D ( 'NONE', #981, #6654, #2219 ) ;
#6132 = VERTEX_POINT ( 'NONE', #4863 ) ;
#6133 = PLANE ( 'NONE',  #3841 ) ;
#6134 = ORIENTED_EDGE ( 'NONE', *, *, #3722, .T. ) ;
#6135 = DIRECTION ( 'NONE',  ( 0.000000000000000000, 1.000000000000000000, 1.285735975631406781E-16 ) ) ;
#6136 = CARTESIAN_POINT ( 'NONE',  ( -5.435000000000001386, 1.935118803897821982, 0.2049999999999994327 ) ) ;
#6137 = LINE ( 'NONE', #3063, #5471 ) ;
#6138 = CARTESIAN_POINT ( 'NONE',  ( 5.995000000000000107, 3.200000000000001954, 0.2050000000000002098 ) ) ;
#6139 = ORIENTED_EDGE ( 'NONE', *, *, #2692, .F. ) ;
#6140 = ORIENTED_EDGE ( 'NONE', *, *, #5993, .T. ) ;
#6141 = EDGE_CURVE ( 'NONE', #792, #822, #2482, .T. ) ;
#6142 = VERTEX_POINT ( 'NONE', #504 ) ;
#6143 = CARTESIAN_POINT ( 'NONE',  ( 5.434999999999998721, -3.420504516109076132, 0.4050000000000001932 ) ) ;
#6144 = EDGE_CURVE ( 'NONE', #7803, #383, #6128, .T. ) ;
#6145 = CARTESIAN_POINT ( 'NONE',  ( 0.9150000000000009237, 0.000000000000000000, 7.325000000000001066 ) ) ;
#6146 = CYLINDRICAL_SURFACE ( 'NONE', #1242, 0.1999999999999996503 ) ;
#6147 = CARTESIAN_POINT ( 'NONE',  ( -0.1550000000000014977, -3.969999999999997087, 1.834999999999999520 ) ) ;
#6148 = EDGE_CURVE ( 'NONE', #3671, #566, #1077, .T. ) ;
#6149 = ORIENTED_EDGE ( 'NONE', *, *, #1333, .F. ) ;
#6150 = ORIENTED_EDGE ( 'NONE', *, *, #2692, .T. ) ;
#6151 = ADVANCED_FACE ( 'NONE', ( #4985 ), #3585, .F. ) ;
#6152 = DIRECTION ( 'NONE',  ( -1.000000000000000000, -0.000000000000000000, -0.000000000000000000 ) ) ;
#6153 = EDGE_CURVE ( 'NONE', #6620, #4832, #2399, .T. ) ;
#6154 = ORIENTED_EDGE ( 'NONE', *, *, #4876, .F. ) ;
#6155 = DIRECTION ( 'NONE',  ( 0.000000000000000000, -0.6000354452533958050, 0.7999734148329924466 ) ) ;
#6156 = CARTESIAN_POINT ( 'NONE',  ( -3.454999999999999627, 3.200000000000001954, 0.2049999999999997380 ) ) ;
#6157 = CARTESIAN_POINT ( 'NONE',  ( -3.454999999999999627, 0.1969615506024410823, 6.749729635533386229 ) ) ;
#6158 =( NAMED_UNIT ( * ) SI_UNIT ( $, .STERADIAN. ) SOLID_ANGLE_UNIT ( ) );
#6159 = CIRCLE ( 'NONE', #2629, 0.6099999999999985434 ) ;
#6160 = ORIENTED_EDGE ( 'NONE', *, *, #5204, .T. ) ;
#6161 = DIRECTION ( 'NONE',  ( -1.000000000000000000, -0.000000000000000000, 0.000000000000000000 ) ) ;
#6162 = DIRECTION ( 'NONE',  ( -1.000000000000000000, -0.000000000000000000, -0.000000000000000000 ) ) ;
#6163 = LINE ( 'NONE', #7441, #3426 ) ;
#6164 = AXIS2_PLACEMENT_3D ( 'NONE', #5903, #4113, #2712 ) ;
#6165 = DIRECTION ( 'NONE',  ( 0.000000000000000000, 1.000000000000000000, 2.571471951262813563E-16 ) ) ;
#6166 = CARTESIAN_POINT ( 'NONE',  ( -4.725000000000001421, 0.000000000000000000, 2.245000000000000107 ) ) ;
#6167 = DIRECTION ( 'NONE',  ( -0.3420201433256698231, 0.9396926207859079838, 2.053031296573661856E-16 ) ) ;
#6168 = PLANE ( 'NONE',  #6369 ) ;
#6169 = VERTEX_POINT ( 'NONE', #6089 ) ;
#6170 = EDGE_CURVE ( 'NONE', #2831, #8101, #5026, .T. ) ;
#6171 = LINE ( 'NONE', #5602, #2804 ) ;
#6172 = VECTOR ( 'NONE', #2727, 1000.000000000000000 ) ;
#6173 = VERTEX_POINT ( 'NONE', #2359 ) ;
#6174 = CYLINDRICAL_SURFACE ( 'NONE', #3158, 0.6099999999999985434 ) ;
#6175 = DIRECTION ( 'NONE',  ( 0.000000000000000000, -4.011848926865882589E-17, -1.000000000000000000 ) ) ;
#6176 = CARTESIAN_POINT ( 'NONE',  ( 4.165000000000000924, -3.260504516109076434, 7.325000000000001066 ) ) ;
#6177 = ORIENTED_EDGE ( 'NONE', *, *, #6552, .F. ) ;
#6178 = DIRECTION ( 'NONE',  ( -0.3420201433256713774, -0.9396926207859073177, -0.000000000000000000 ) ) ;
#6179 = ORIENTED_EDGE ( 'NONE', *, *, #3055, .T. ) ;
#6180 = EDGE_LOOP ( 'NONE', ( #4802, #5844, #5050, #7626 ) ) ;
#6181 = EDGE_LOOP ( 'NONE', ( #224, #7744, #2889, #7083 ) ) ;
#6182 = DIRECTION ( 'NONE',  ( 0.000000000000000000, -1.000000000000000000, 0.000000000000000000 ) ) ;
#6183 = STYLED_ITEM ( 'NONE', ( #3777 ), #7983 ) ;
#6184 = AXIS2_PLACEMENT_3D ( 'NONE', #157, #7098, #7020 ) ;
#6185 = DIRECTION ( 'NONE',  ( 0.000000000000000000, -0.9848077530122092416, -0.1736481776669237254 ) ) ;
#6186 = DIRECTION ( 'NONE',  ( -1.000000000000000000, -0.000000000000000000, -0.000000000000000000 ) ) ;
#6187 = DIRECTION ( 'NONE',  ( -1.000000000000000000, -0.000000000000000000, 0.000000000000000000 ) ) ;
#6188 = VERTEX_POINT ( 'NONE', #1858 ) ;
#6189 = EDGE_CURVE ( 'NONE', #7107, #7831, #3666, .T. ) ;
#6190 = ORIENTED_EDGE ( 'NONE', *, *, #5646, .F. ) ;
#6191 = DIRECTION ( 'NONE',  ( 0.000000000000000000, 0.000000000000000000, 1.000000000000000000 ) ) ;
#6192 = VERTEX_POINT ( 'NONE', #7485 ) ;
#6193 = ADVANCED_FACE ( 'NONE', ( #7996 ), #7363, .F. ) ;
#6194 = LINE ( 'NONE', #2553, #1461 ) ;
#6195 = LINE ( 'NONE', #6818, #7393 ) ;
#6196 = EDGE_LOOP ( 'NONE', ( #1635, #6898, #1506, #3391 ) ) ;
#6197 = ADVANCED_FACE ( 'NONE', ( #7445 ), #5595, .F. ) ;
#6198 = EDGE_CURVE ( 'NONE', #4466, #1225, #6788, .T. ) ;
#6199 = DIRECTION ( 'NONE',  ( -0.9396926207859084279, -0.3420201433256688794, 0.000000000000000000 ) ) ;
#6200 = ORIENTED_EDGE ( 'NONE', *, *, #1055, .T. ) ;
#6201 = VECTOR ( 'NONE', #6380, 1000.000000000000000 ) ;
#6202 = VERTEX_POINT ( 'NONE', #5631 ) ;
#6203 = CARTESIAN_POINT ( 'NONE',  ( 6.705000000000000959, -3.260504516109076434, 7.325000000000001066 ) ) ;
#6204 = LINE ( 'NONE', #2394, #2511 ) ;
#6205 = LINE ( 'NONE', #2563, #3607 ) ;
#6206 = CYLINDRICAL_SURFACE ( 'NONE', #38, 0.2000000000000002609 ) ;
#6207 = CARTESIAN_POINT ( 'NONE',  ( 0.3549999999999994271, 0.1599946829665978842, 1.755007089050679037 ) ) ;
#6208 = ADVANCED_FACE ( 'NONE', ( #7401 ), #1157, .F. ) ;
#6209 = VECTOR ( 'NONE', #5708, 1000.000000000000000 ) ;
#6210 = CARTESIAN_POINT ( 'NONE',  ( 3.654999999999999361, -3.809999999999997389, 7.325000000000001066 ) ) ;
#6211 = ORIENTED_EDGE ( 'NONE', *, *, #2497, .T. ) ;
#6212 = CARTESIAN_POINT ( 'NONE',  ( 0.9150000000000009237, 0.000000000000000000, 7.325000000000001066 ) ) ;
#6213 = ORIENTED_EDGE ( 'NONE', *, *, #381, .T. ) ;
#6214 = AXIS2_PLACEMENT_3D ( 'NONE', #2473, #4890, #657 ) ;
#6215 = DIRECTION ( 'NONE',  ( -1.000000000000000000, -0.000000000000000000, -0.000000000000000000 ) ) ;
#6216 = LINE ( 'NONE', #6839, #1334 ) ;
#6217 = CARTESIAN_POINT ( 'NONE',  ( -5.994999999999998330, -3.809999999999997389, 6.915000000000000924 ) ) ;
#6218 = VERTEX_POINT ( 'NONE', #1899 ) ;
#6219 = LINE ( 'NONE', #3108, #359 ) ;
#6220 = VECTOR ( 'NONE', #6557, 1000.000000000000000 ) ;
#6221 = ORIENTED_EDGE ( 'NONE', *, *, #2395, .F. ) ;
#6222 = ORIENTED_EDGE ( 'NONE', *, *, #7724, .T. ) ;
#6223 = ORIENTED_EDGE ( 'NONE', *, *, #7455, .T. ) ;
#6224 = LINE ( 'NONE', #6352, #5507 ) ;
#6225 = DIRECTION ( 'NONE',  ( 0.000000000000000000, 0.000000000000000000, -1.000000000000000000 ) ) ;
#6226 = DIRECTION ( 'NONE',  ( 0.000000000000000000, 0.000000000000000000, -1.000000000000000000 ) ) ;
#6227 = DIRECTION ( 'NONE',  ( -0.000000000000000000, 1.000000000000000000, 1.285735975631406781E-16 ) ) ;
#6228 = EDGE_CURVE ( 'NONE', #3180, #3817, #630, .T. ) ;
#6229 = VERTEX_POINT ( 'NONE', #3135 ) ;
#6230 = ORIENTED_EDGE ( 'NONE', *, *, #7404, .F. ) ;
#6231 = FACE_OUTER_BOUND ( 'NONE', #1736, .T. ) ;
#6232 = ORIENTED_EDGE ( 'NONE', *, *, #4707, .T. ) ;
#6233 = VECTOR ( 'NONE', #2814, 1000.000000000000000 ) ;
#6234 = AXIS2_PLACEMENT_3D ( 'NONE', #2360, #6254, #4865 ) ;
#6235 = AXIS2_PLACEMENT_3D ( 'NONE', #4572, #6451, #784 ) ;
#6236 = FILL_AREA_STYLE ('',( #1270 ) ) ;
#6237 = PLANE ( 'NONE',  #3774 ) ;
#6238 = FACE_OUTER_BOUND ( 'NONE', #6587, .T. ) ;
#6239 = EDGE_CURVE ( 'NONE', #4629, #7297, #8033, .T. ) ;
#6240 = VECTOR ( 'NONE', #2881, 1000.000000000000000 ) ;
#6241 = EDGE_CURVE ( 'NONE', #6964, #498, #3054, .T. ) ;
#6242 = VERTEX_POINT ( 'NONE', #1816 ) ;
#6243 = ORIENTED_EDGE ( 'NONE', *, *, #7615, .T. ) ;
#6244 = ADVANCED_FACE ( 'NONE', ( #5711 ), #2566, .T. ) ;
#6245 = CARTESIAN_POINT ( 'NONE',  ( 0.3549999999999994271, -3.969999999999997087, 2.244999999999999662 ) ) ;
#6246 = PRESENTATION_STYLE_ASSIGNMENT (( #8028 ) ) ;
#6247 = VECTOR ( 'NONE', #7510, 1000.000000000000000 ) ;
#6248 = CARTESIAN_POINT ( 'NONE',  ( -5.994999999999998330, 0.000000000000000000, 7.325000000000000178 ) ) ;
#6249 = DIRECTION ( 'NONE',  ( 0.000000000000000000, 0.000000000000000000, 1.000000000000000000 ) ) ;
#6250 = ADVANCED_FACE ( 'NONE', ( #6915 ), #1285, .F. ) ;
#6251 = DIRECTION ( 'NONE',  ( -1.000000000000000000, -0.000000000000000000, -0.000000000000000000 ) ) ;
#6252 = ORIENTED_EDGE ( 'NONE', *, *, #4209, .F. ) ;
#6253 = VECTOR ( 'NONE', #4760, 1000.000000000000000 ) ;
#6254 = DIRECTION ( 'NONE',  ( -1.000000000000000000, -0.000000000000000000, -0.000000000000000000 ) ) ;
#6255 = EDGE_CURVE ( 'NONE', #7126, #5611, #7101, .T. ) ;
#6256 = VERTEX_POINT ( 'NONE', #5300 ) ;
#6257 = CARTESIAN_POINT ( 'NONE',  ( -1.624999999999999778, 0.000000000000000000, 6.715000000000001634 ) ) ;
#6258 = EDGE_CURVE ( 'NONE', #2446, #7107, #3214, .T. ) ;
#6259 = EDGE_LOOP ( 'NONE', ( #6731, #5686, #3247, #1861 ) ) ;
#6260 = VECTOR ( 'NONE', #4124, 1000.000000000000000 ) ;
#6261 = DIRECTION ( 'NONE',  ( 0.000000000000000000, 1.000000000000000000, -1.203554678059764900E-16 ) ) ;
#6262 = DIRECTION ( 'NONE',  ( 0.000000000000000000, -0.9848077530122092416, -0.1736481776669237254 ) ) ;
#6263 = DIRECTION ( 'NONE',  ( 1.000000000000000000, 0.000000000000000000, -0.000000000000000000 ) ) ;
#6264 = VERTEX_POINT ( 'NONE', #43 ) ;
#6265 = LINE ( 'NONE', #7582, #8107 ) ;
#6266 = VECTOR ( 'NONE', #1750, 1000.000000000000000 ) ;
#6267 = ORIENTED_EDGE ( 'NONE', *, *, #7203, .F. ) ;
#6268 = ORIENTED_EDGE ( 'NONE', *, *, #3372, .F. ) ;
#6269 = ORIENTED_EDGE ( 'NONE', *, *, #4471, .F. ) ;
#6270 = DIRECTION ( 'NONE',  ( -1.000000000000000000, -0.000000000000000000, -0.000000000000000000 ) ) ;
#6271 = CARTESIAN_POINT ( 'NONE',  ( 10.00999999999999979, 14.00999999999999801, -0.6999999999999998446 ) ) ;
#6272 = LINE ( 'NONE', #2421, #8102 ) ;
#6273 = ADVANCED_FACE ( 'NONE', ( #3827 ), #5951, .T. ) ;
#6274 = ORIENTED_EDGE ( 'NONE', *, *, #328, .F. ) ;
#6275 = SURFACE_SIDE_STYLE ('',( #27 ) ) ;
#6276 = ORIENTED_EDGE ( 'NONE', *, *, #7606, .T. ) ;
#6277 = EDGE_CURVE ( 'NONE', #2535, #5597, #2180, .T. ) ;
#6278 = SURFACE_STYLE_USAGE ( .BOTH. , #3159 ) ;
#6279 = PLANE ( 'NONE',  #2987 ) ;
#6280 = LINE ( 'NONE', #3083, #5041 ) ;
#6281 = SURFACE_STYLE_FILL_AREA ( #5227 ) ;
#6282 = ORIENTED_EDGE ( 'NONE', *, *, #1719, .F. ) ;
#6283 = VERTEX_POINT ( 'NONE', #2800 ) ;
#6284 = LINE ( 'NONE', #5590, #8095 ) ;
#6285 = DIRECTION ( 'NONE',  ( 0.000000000000000000, -1.000000000000000000, -2.571471951262813563E-16 ) ) ;
#6286 = DIRECTION ( 'NONE',  ( 0.000000000000000000, -0.1736481776669237809, 0.9848077530122092416 ) ) ;
#6287 = DIRECTION ( 'NONE',  ( 0.000000000000000000, -1.000000000000000000, -1.285735975631406781E-16 ) ) ;
#6288 = AXIS2_PLACEMENT_3D ( 'NONE', #3192, #4461, #3845 ) ;
#6289 = CARTESIAN_POINT ( 'NONE',  ( 7.974999999999999645, -3.969999999999997087, 1.834999999999999964 ) ) ;
#6290 = CARTESIAN_POINT ( 'NONE',  ( -8.534999999999998366, 0.000000000000000000, 6.715000000000001634 ) ) ;
#6291 = EDGE_CURVE ( 'NONE', #5206, #2951, #4604, .T. ) ;
#6292 = ORIENTED_EDGE ( 'NONE', *, *, #7465, .T. ) ;
#6293 = VECTOR ( 'NONE', #5575, 1000.000000000000000 ) ;
#6294 = CARTESIAN_POINT ( 'NONE',  ( 4.724999999999999645, 1.935118803897821982, 0.4050000000000001932 ) ) ;
#6295 = ORIENTED_EDGE ( 'NONE', *, *, #681, .T. ) ;
#6296 = CARTESIAN_POINT ( 'NONE',  ( -1.624999999999999778, 0.000000000000000000, 7.325000000000000178 ) ) ;
#6297 = EDGE_CURVE ( 'NONE', #3563, #6327, #4688, .T. ) ;
#6298 = CARTESIAN_POINT ( 'NONE',  ( -3.454999999999999627, 0.000000000000000000, 6.715000000000001634 ) ) ;
#6299 = CARTESIAN_POINT ( 'NONE',  ( 7.264999999999999680, 1.935118803897821982, 0.4050000000000003042 ) ) ;
#6300 = EDGE_LOOP ( 'NONE', ( #6992, #6462, #561, #3770 ) ) ;
#6301 = LINE ( 'NONE', #7498, #7045 ) ;
#6302 = EDGE_CURVE ( 'NONE', #2217, #8131, #2759, .T. ) ;
#6303 = EDGE_CURVE ( 'NONE', #2216, #3077, #3368, .T. ) ;
#6304 =( GEOMETRIC_REPRESENTATION_CONTEXT ( 3 ) GLOBAL_UNCERTAINTY_ASSIGNED_CONTEXT ( ( #7057 ) ) GLOBAL_UNIT_ASSIGNED_CONTEXT ( ( #1196, #6826, #663 ) ) REPRESENTATION_CONTEXT ( 'NONE', 'WORKASPACE' ) );
#6305 = ORIENTED_EDGE ( 'NONE', *, *, #2272, .F. ) ;
#6306 = ORIENTED_EDGE ( 'NONE', *, *, #7589, .T. ) ;
#6307 = PLANE ( 'NONE',  #1963 ) ;
#6308 =( NAMED_UNIT ( * ) SI_UNIT ( $, .STERADIAN. ) SOLID_ANGLE_UNIT ( ) );
#6309 = VECTOR ( 'NONE', #5431, 1000.000000000000000 ) ;
#6310 = AXIS2_PLACEMENT_3D ( 'NONE', #2145, #4654, #6495 ) ;
#6311 = CARTESIAN_POINT ( 'NONE',  ( -4.725000000000001421, 1.935118803897821982, -0.2050000000000000155 ) ) ;
#6312 = CARTESIAN_POINT ( 'NONE',  ( 5.434999999999998721, -3.420504516109076132, 2.245000000000000107 ) ) ;
#6313 = VERTEX_POINT ( 'NONE', #4035 ) ;
#6314 = CARTESIAN_POINT ( 'NONE',  ( -1.624999999999999778, 1.935118803897821982, -0.2049999999999999045 ) ) ;
#6315 = STYLED_ITEM ( 'NONE', ( #7734 ), #7783 ) ;
#6316 = CIRCLE ( 'NONE', #4484, 0.6099999999999999867 ) ;
#6317 = ORIENTED_EDGE ( 'NONE', *, *, #5752, .F. ) ;
#6318 = DIRECTION ( 'NONE',  ( -1.000000000000000000, -0.000000000000000000, -0.000000000000000000 ) ) ;
#6319 = PLANE ( 'NONE',  #7368 ) ;
#6320 = CARTESIAN_POINT ( 'NONE',  ( 9.708563902983383898, 3.200000000000002398, 0.2050000000000003209 ) ) ;
#6321 = DIRECTION ( 'NONE',  ( 0.000000000000000000, 0.000000000000000000, 1.000000000000000000 ) ) ;
#6322 = ORIENTED_EDGE ( 'NONE', *, *, #5693, .T. ) ;
#6323 =( GEOMETRIC_REPRESENTATION_CONTEXT ( 3 ) GLOBAL_UNCERTAINTY_ASSIGNED_CONTEXT ( ( #6996 ) ) GLOBAL_UNIT_ASSIGNED_CONTEXT ( ( #240, #4765, #933 ) ) REPRESENTATION_CONTEXT ( 'NONE', 'WORKASPACE' ) );
#6324 = SURFACE_SIDE_STYLE ('',( #6941 ) ) ;
#6325 = EDGE_CURVE ( 'NONE', #7933, #3362, #1562, .T. ) ;
#6326 = VERTEX_POINT ( 'NONE', #943 ) ;
#6327 = VERTEX_POINT ( 'NONE', #4647 ) ;
#6328 = DIRECTION ( 'NONE',  ( 0.000000000000000000, 0.000000000000000000, -1.000000000000000000 ) ) ;
#6329 = CARTESIAN_POINT ( 'NONE',  ( -4.165000000000000036, -3.260504516109076434, 7.325000000000000178 ) ) ;
#6330 = CARTESIAN_POINT ( 'NONE',  ( -7.974999999999999645, 3.200000000000001954, 0.2049999999999996270 ) ) ;
#6331 = CARTESIAN_POINT ( 'NONE',  ( -2.185000000000001386, 1.935118803897821982, 0.4049999999999998046 ) ) ;
#6332 = FACE_OUTER_BOUND ( 'NONE', #1522, .T. ) ;
#6333 = ORIENTED_EDGE ( 'NONE', *, *, #2119, .T. ) ;
#6334 = VECTOR ( 'NONE', #7948, 1000.000000000000000 ) ;
#6335 = LINE ( 'NONE', #4576, #2966 ) ;
#6336 = EDGE_CURVE ( 'NONE', #1383, #3938, #5587, .T. ) ;
#6337 = VERTEX_POINT ( 'NONE', #327 ) ;
#6338 = DIRECTION ( 'NONE',  ( 1.000000000000000000, 0.000000000000000000, -0.000000000000000000 ) ) ;
#6339 = ORIENTED_EDGE ( 'NONE', *, *, #7189, .F. ) ;
#6340 = AXIS2_PLACEMENT_3D ( 'NONE', #7640, #2354, #8072 ) ;
#6341 = CARTESIAN_POINT ( 'NONE',  ( 2.384999999999998010, -3.969999999999997087, 2.244999999999999662 ) ) ;
#6342 = CARTESIAN_POINT ( 'NONE',  ( 9.245000000000000995, 1.935118803897821982, -0.2049999999999994604 ) ) ;
#6343 = AXIS2_PLACEMENT_3D ( 'NONE', #4210, #4786, #5362 ) ;
#6344 = DIRECTION ( 'NONE',  ( -1.000000000000000000, -0.000000000000000000, -0.000000000000000000 ) ) ;
#6345 = EDGE_CURVE ( 'NONE', #3805, #7648, #7861, .T. ) ;
#6346 = EDGE_LOOP ( 'NONE', ( #7884, #5718, #7576, #4459, #4588, #7620 ) ) ;
#6347 = CARTESIAN_POINT ( 'NONE',  ( 0.3549999999999994271, 1.935118803897821982, -0.2049999999999997935 ) ) ;
#6348 = EDGE_CURVE ( 'NONE', #356, #7125, #5671, .T. ) ;
#6349 = VECTOR ( 'NONE', #7432, 1000.000000000000114 ) ;
#6350 = ORIENTED_EDGE ( 'NONE', *, *, #4006, .F. ) ;
#6351 = ORIENTED_EDGE ( 'NONE', *, *, #3698, .T. ) ;
#6352 = CARTESIAN_POINT ( 'NONE',  ( -0.9149999999999991473, 3.200000000000001954, 0.2049999999999998490 ) ) ;
#6353 = ADVANCED_FACE ( 'NONE', ( #7144, #6332 ), #5262, .F. ) ;
#6354 = DIRECTION ( 'NONE',  ( 0.000000000000000000, 0.000000000000000000, 1.000000000000000000 ) ) ;
#6355 = DIRECTION ( 'NONE',  ( 0.000000000000000000, 0.000000000000000000, 1.000000000000000000 ) ) ;
#6356 = AXIS2_PLACEMENT_3D ( 'NONE', #7422, #1794, #6226 ) ;
#6357 = CARTESIAN_POINT ( 'NONE',  ( 0.3549999999999994271, 0.1599946829665978842, 1.755007089050679037 ) ) ;
#6358 = ORIENTED_EDGE ( 'NONE', *, *, #3428, .T. ) ;
#6359 = VERTEX_POINT ( 'NONE', #902 ) ;
#6360 = DIRECTION ( 'NONE',  ( -1.000000000000000000, -0.000000000000000000, -0.000000000000000000 ) ) ;
#6361 = ORIENTED_EDGE ( 'NONE', *, *, #779, .T. ) ;
#6362 = DIRECTION ( 'NONE',  ( 0.000000000000000000, -0.6000354452533959160, 0.7999734148329924466 ) ) ;
#6363 = ADVANCED_FACE ( 'NONE', ( #5909 ), #288, .F. ) ;
#6364 = LINE ( 'NONE', #2094, #5404 ) ;
#6365 = CARTESIAN_POINT ( 'NONE',  ( 8.734999999999999432, -3.809999999999997389, 6.915000000000001812 ) ) ;
#6366 = PLANE ( 'NONE',  #1360 ) ;
#6367 = ORIENTED_EDGE ( 'NONE', *, *, #6277, .T. ) ;
#6368 = VERTEX_POINT ( 'NONE', #1101 ) ;
#6369 = AXIS2_PLACEMENT_3D ( 'NONE', #5029, #2484, #3714 ) ;
#6370 = LINE ( 'NONE', #7026, #2432 ) ;
#6371 = FILL_AREA_STYLE ('',( #3822 ) ) ;
#6372 = CARTESIAN_POINT ( 'NONE',  ( 1.625000000000001332, 1.334386074560374835, 0.2990746116231766671 ) ) ;
#6373 = CARTESIAN_POINT ( 'NONE',  ( -3.454999999999999627, 3.200000000000001954, 0.2049999999999997380 ) ) ;
#6374 = CLOSED_SHELL ( 'NONE', ( #7031, #835, #7827, #5357, #1030, #7550, #3103, #69, #4564, #7669, #426, #1434, #559, #8067, #2383, #4243 ) ) ;
#6375 = VECTOR ( 'NONE', #1117, 1000.000000000000000 ) ;
#6376 = ORIENTED_EDGE ( 'NONE', *, *, #4606, .T. ) ;
#6377 = DIRECTION ( 'NONE',  ( 0.000000000000000000, 0.000000000000000000, 1.000000000000000000 ) ) ;
#6378 = ORIENTED_EDGE ( 'NONE', *, *, #936, .F. ) ;
#6379 = AXIS2_PLACEMENT_3D ( 'NONE', #4725, #984, #1023 ) ;
#6380 = DIRECTION ( 'NONE',  ( -0.3420201433256698231, 0.9396926207859079838, 2.053031296573661856E-16 ) ) ;
#6381 = ORIENTED_EDGE ( 'NONE', *, *, #5254, .F. ) ;
#6382 = CARTESIAN_POINT ( 'NONE',  ( 0.3549999999999994271, 0.000000000000000000, 1.834999999999999964 ) ) ;
#6383 = EDGE_CURVE ( 'NONE', #3340, #7781, #3492, .T. ) ;
#6384 = FACE_OUTER_BOUND ( 'NONE', #2244, .T. ) ;
#6385 = AXIS2_PLACEMENT_3D ( 'NONE', #2870, #5411, #7806 ) ;
#6386 = CARTESIAN_POINT ( 'NONE',  ( 0.000000000000000000, 3.200000000000002398, -0.6999999999999990674 ) ) ;
#6387 = VERTEX_POINT ( 'NONE', #5500 ) ;
#6388 = DIRECTION ( 'NONE',  ( 0.000000000000000000, -1.000000000000000000, -1.285735975631406781E-16 ) ) ;
#6389 = VECTOR ( 'NONE', #7808, 1000.000000000000227 ) ;
#6390 = CIRCLE ( 'NONE', #6660, 0.6099999999999996536 ) ;
#6391 = VERTEX_POINT ( 'NONE', #2305 ) ;
#6392 = ORIENTED_EDGE ( 'NONE', *, *, #3148, .T. ) ;
#6393 = DIRECTION ( 'NONE',  ( -0.000000000000000000, 1.000000000000000000, 2.184790272011093839E-16 ) ) ;
#6394 = CARTESIAN_POINT ( 'NONE',  ( -4.165000000000000036, 1.334386074560374613, 0.2990746116231762231 ) ) ;
#6395 = LINE ( 'NONE', #766, #1416 ) ;
#6396 = VECTOR ( 'NONE', #7986, 1000.000000000000114 ) ;
#6397 = DIRECTION ( 'NONE',  ( -0.000000000000000000, 1.000000000000000000, 1.285735975631406781E-16 ) ) ;
#6398 = ORIENTED_EDGE ( 'NONE', *, *, #584, .F. ) ;
#6399 = ORIENTED_EDGE ( 'NONE', *, *, #363, .F. ) ;
#6400 = PRESENTATION_STYLE_ASSIGNMENT (( #3898 ) ) ;
#6401 = ORIENTED_EDGE ( 'NONE', *, *, #6092, .T. ) ;
#6402 = EDGE_CURVE ( 'NONE', #1374, #6120, #3651, .T. ) ;
#6403 = DIRECTION ( 'NONE',  ( 0.000000000000000000, 0.1736481776669237254, -0.9848077530122092416 ) ) ;
#6404 = DIRECTION ( 'NONE',  ( -1.000000000000000000, -0.000000000000000000, -0.000000000000000000 ) ) ;
#6405 = FACE_OUTER_BOUND ( 'NONE', #5985, .T. ) ;
#6406 = EDGE_CURVE ( 'NONE', #2876, #7807, #6657, .T. ) ;
#6407 = CARTESIAN_POINT ( 'NONE',  ( 7.264999999999999680, 0.000000000000000000, 2.245000000000000551 ) ) ;
#6408 = VERTEX_POINT ( 'NONE', #7901 ) ;
#6409 = EDGE_CURVE ( 'NONE', #4999, #6960, #407, .T. ) ;
#6410 = ADVANCED_FACE ( 'NONE', ( #1679 ), #2917, .F. ) ;
#6411 = ORIENTED_EDGE ( 'NONE', *, *, #1725, .T. ) ;
#6412 = DIRECTION ( 'NONE',  ( -1.000000000000000000, -0.000000000000000000, -0.000000000000000000 ) ) ;
#6413 = FACE_OUTER_BOUND ( 'NONE', #2426, .T. ) ;
#6414 = LINE ( 'NONE', #4656, #5352 ) ;
#6415 = FACE_OUTER_BOUND ( 'NONE', #1102, .T. ) ;
#6416 = DIRECTION ( 'NONE',  ( -1.000000000000000000, -0.000000000000000000, -0.000000000000000000 ) ) ;
#6417 = ORIENTED_EDGE ( 'NONE', *, *, #1723, .F. ) ;
#6418 = ORIENTED_EDGE ( 'NONE', *, *, #7589, .F. ) ;
#6419 = DIRECTION ( 'NONE',  ( 1.000000000000000000, 0.000000000000000000, -0.000000000000000000 ) ) ;
#6420 = ORIENTED_EDGE ( 'NONE', *, *, #8144, .T. ) ;
#6421 = FACE_OUTER_BOUND ( 'NONE', #3445, .T. ) ;
#6422 = DIRECTION ( 'NONE',  ( 0.000000000000000000, 1.000000000000000000, 2.571471951262813563E-16 ) ) ;
#6423 = LINE ( 'NONE', #4584, #2328 ) ;
#6424 = ORIENTED_EDGE ( 'NONE', *, *, #1682, .T. ) ;
#6425 = ORIENTED_EDGE ( 'NONE', *, *, #2774, .T. ) ;
#6426 = CARTESIAN_POINT ( 'NONE',  ( -6.704999999999999183, 1.935118803897821982, 0.4049999999999998046 ) ) ;
#6427 = EDGE_CURVE ( 'NONE', #4866, #3895, #4846, .T. ) ;
#6428 = VECTOR ( 'NONE', #6393, 1000.000000000000000 ) ;
#6429 = VERTEX_POINT ( 'NONE', #3533 ) ;
#6430 = ORIENTED_EDGE ( 'NONE', *, *, #6903, .F. ) ;
#6431 = PLANE ( 'NONE',  #8010 ) ;
#6432 = DIRECTION ( 'NONE',  ( -1.000000000000000000, -0.000000000000000000, -0.000000000000000000 ) ) ;
#6433 = CARTESIAN_POINT ( 'NONE',  ( 0.3549999999999994271, 3.200000000000001954, -0.2049999999999996547 ) ) ;
#6434 = LINE ( 'NONE', #812, #6653 ) ;
#6435 = STYLED_ITEM ( 'NONE', ( #6246 ), #2289 ) ;
#6436 = ORIENTED_EDGE ( 'NONE', *, *, #3849, .F. ) ;
#6437 = ORIENTED_EDGE ( 'NONE', *, *, #1184, .F. ) ;
#6438 = ORIENTED_EDGE ( 'NONE', *, *, #5576, .T. ) ;
#6439 = FACE_OUTER_BOUND ( 'NONE', #4964, .T. ) ;
#6440 = VECTOR ( 'NONE', #129, 1000.000000000000000 ) ;
#6441 =( GEOMETRIC_REPRESENTATION_CONTEXT ( 3 ) GLOBAL_UNCERTAINTY_ASSIGNED_CONTEXT ( ( #7870 ) ) GLOBAL_UNIT_ASSIGNED_CONTEXT ( ( #4041, #414, #3414 ) ) REPRESENTATION_CONTEXT ( 'NONE', 'WORKASPACE' ) );
#6442 = DIRECTION ( 'NONE',  ( -0.000000000000000000, 0.1736481776669237531, -0.9848077530122092416 ) ) ;
#6443 = CARTESIAN_POINT ( 'NONE',  ( -8.534999999999998366, 0.000000000000000000, 7.325000000000000178 ) ) ;
#6444 = CARTESIAN_POINT ( 'NONE',  ( 3.455000000000000515, 1.935118803897821982, 0.2050000000000000433 ) ) ;
#6445 = EDGE_CURVE ( 'NONE', #2770, #4250, #6730, .T. ) ;
#6446 =( LENGTH_UNIT ( ) NAMED_UNIT ( * ) SI_UNIT ( .MILLI., .METRE. ) );
#6447 = STYLED_ITEM ( 'NONE', ( #1378 ), #7953 ) ;
#6448 = VECTOR ( 'NONE', #4032, 1000.000000000000000 ) ;
#6449 = ORIENTED_EDGE ( 'NONE', *, *, #5211, .T. ) ;
#6450 = EDGE_CURVE ( 'NONE', #3919, #5454, #4771, .T. ) ;
#6451 = DIRECTION ( 'NONE',  ( -1.000000000000000000, -0.000000000000000000, -0.000000000000000000 ) ) ;
#6452 =( NAMED_UNIT ( * ) SI_UNIT ( $, .STERADIAN. ) SOLID_ANGLE_UNIT ( ) );
#6453 = ADVANCED_FACE ( 'NONE', ( #6112 ), #2221, .F. ) ;
#6454 = CIRCLE ( 'NONE', #7181, 0.1999999999999996503 ) ;
#6455 = EDGE_CURVE ( 'NONE', #2831, #3874, #5421, .T. ) ;
#6456 = CARTESIAN_POINT ( 'NONE',  ( -4.165000000000000036, 1.935118803897821982, 0.4049999999999999156 ) ) ;
#6457 = LINE ( 'NONE', #211, #572 ) ;
#6458 = VERTEX_POINT ( 'NONE', #452 ) ;
#6459 = CARTESIAN_POINT ( 'NONE',  ( -0.3550000000000002598, 1.935118803897821982, -0.2049999999999997935 ) ) ;
#6460 = ORIENTED_EDGE ( 'NONE', *, *, #2435, .F. ) ;
#6461 = AXIS2_PLACEMENT_3D ( 'NONE', #953, #2928, #4819 ) ;
#6462 = ORIENTED_EDGE ( 'NONE', *, *, #8021, .F. ) ;
#6463 = PLANE ( 'NONE',  #435 ) ;
#6464 = ORIENTED_EDGE ( 'NONE', *, *, #7883, .F. ) ;
#6465 = CARTESIAN_POINT ( 'NONE',  ( 1.625000000000001332, 1.935118803897821982, -0.2049999999999997935 ) ) ;
#6466 = EDGE_CURVE ( 'NONE', #3929, #4048, #4157, .T. ) ;
#6467 = CARTESIAN_POINT ( 'NONE',  ( 7.974999999999999645, -3.969999999999997087, 2.245000000000000107 ) ) ;
#6468 = LINE ( 'NONE', #3880, #5725 ) ;
#6469 = ORIENTED_EDGE ( 'NONE', *, *, #1628, .F. ) ;
#6470 = DIRECTION ( 'NONE',  ( -1.000000000000000000, -0.000000000000000000, -0.000000000000000000 ) ) ;
#6471 = VECTOR ( 'NONE', #3102, 1000.000000000000000 ) ;
#6472 = VERTEX_POINT ( 'NONE', #1643 ) ;
#6473 = VERTEX_POINT ( 'NONE', #8013 ) ;
#6474 = AXIS2_PLACEMENT_3D ( 'NONE', #7951, #2358, #3472 ) ;
#6475 = DIRECTION ( 'NONE',  ( 0.000000000000000000, -1.000000000000000000, -1.092395136005546919E-16 ) ) ;
#6476 = DIRECTION ( 'NONE',  ( -0.000000000000000000, -0.000000000000000000, 1.000000000000000000 ) ) ;
#6477 = CARTESIAN_POINT ( 'NONE',  ( 3.455000000000000515, -3.260504516109076434, 7.325000000000001066 ) ) ;
#6478 = ORIENTED_EDGE ( 'NONE', *, *, #6855, .T. ) ;
#6479 = PLANE ( 'NONE',  #2590 ) ;
#6480 = VECTOR ( 'NONE', #2513, 1000.000000000000000 ) ;
#6481 = ORIENTED_EDGE ( 'NONE', *, *, #6594, .T. ) ;
#6482 = ORIENTED_EDGE ( 'NONE', *, *, #5840, .T. ) ;
#6483 = ORIENTED_EDGE ( 'NONE', *, *, #1380, .F. ) ;
#6484 = CARTESIAN_POINT ( 'NONE',  ( 4.165000000000000924, 0.000000000000000000, 7.325000000000001066 ) ) ;
#6485 = VECTOR ( 'NONE', #7223, 1000.000000000000000 ) ;
#6486 = LINE ( 'NONE', #3859, #810 ) ;
#6487 = EDGE_CURVE ( 'NONE', #7220, #2812, #2378, .T. ) ;
#6488 = CARTESIAN_POINT ( 'NONE',  ( 2.894999999999999130, 1.775124120931223182, 0.2849929109493207768 ) ) ;
#6489 = LINE ( 'NONE', #4519, #7003 ) ;
#6490 = DIRECTION ( 'NONE',  ( 0.000000000000000000, 0.000000000000000000, -1.000000000000000000 ) ) ;
#6491 = EDGE_LOOP ( 'NONE', ( #2015, #4542, #5756, #881 ) ) ;
#6492 = VECTOR ( 'NONE', #3010, 1000.000000000000000 ) ;
#6493 = ORIENTED_EDGE ( 'NONE', *, *, #3034, .T. ) ;
#6494 = LINE ( 'NONE', #6539, #391 ) ;
#6495 = DIRECTION ( 'NONE',  ( 0.000000000000000000, 0.000000000000000000, 1.000000000000000000 ) ) ;
#6496 = CARTESIAN_POINT ( 'NONE',  ( 5.995000000000000107, 0.000000000000000000, 6.715000000000002522 ) ) ;
#6497 = DIRECTION ( 'NONE',  ( 1.000000000000000000, -0.000000000000000000, -0.000000000000000000 ) ) ;
#6498 = ADVANCED_FACE ( 'NONE', ( #4193 ), #1141, .F. ) ;
#6499 = DIRECTION ( 'NONE',  ( -0.9396926207859078728, 0.3420201433256702117, 0.000000000000000000 ) ) ;
#6500 = ORIENTED_EDGE ( 'NONE', *, *, #3582, .F. ) ;
#6501 = EDGE_CURVE ( 'NONE', #1017, #5445, #5462, .T. ) ;
#6502 = EDGE_LOOP ( 'NONE', ( #3728, #55, #3078, #5423 ) ) ;
#6503 = DIRECTION ( 'NONE',  ( 0.000000000000000000, 0.000000000000000000, 1.000000000000000000 ) ) ;
#6504 = LINE ( 'NONE', #4089, #1909 ) ;
#6505 = ADVANCED_FACE ( 'NONE', ( #1061 ), #3569, .F. ) ;
#6506 = VECTOR ( 'NONE', #6672, 1000.000000000000000 ) ;
#6507 = DIRECTION ( 'NONE',  ( -0.9396926207859084279, -0.3420201433256688794, 0.000000000000000000 ) ) ;
#6508 = VECTOR ( 'NONE', #6951, 1000.000000000000000 ) ;
#6509 = DIRECTION ( 'NONE',  ( 0.000000000000000000, 0.000000000000000000, 1.000000000000000000 ) ) ;
#6510 = FACE_OUTER_BOUND ( 'NONE', #3785, .T. ) ;
#6511 = EDGE_CURVE ( 'NONE', #1140, #1162, #725, .T. ) ;
#6512 = ORIENTED_EDGE ( 'NONE', *, *, #3268, .F. ) ;
#6513 = FACE_OUTER_BOUND ( 'NONE', #5345, .T. ) ;
#6514 = VECTOR ( 'NONE', #4232, 1000.000000000000000 ) ;
#6515 = EDGE_CURVE ( 'NONE', #6073, #3759, #4425, .T. ) ;
#6516 = EDGE_LOOP ( 'NONE', ( #5777, #4661, #3, #7565 ) ) ;
#6517 = EDGE_LOOP ( 'NONE', ( #1018, #7271, #1555, #4182, #5940, #2373, #7047, #6925, #895, #1894, #930, #6104 ) ) ;
#6518 = CARTESIAN_POINT ( 'NONE',  ( -7.265000000000000568, 0.000000000000000000, 2.244999999999999662 ) ) ;
#6519 = DIRECTION ( 'NONE',  ( 0.000000000000000000, 0.000000000000000000, -1.000000000000000000 ) ) ;
#6520 = VECTOR ( 'NONE', #3443, 1000.000000000000114 ) ;
#6521 = DIRECTION ( 'NONE',  ( 0.000000000000000000, 0.000000000000000000, 1.000000000000000000 ) ) ;
#6522 = ORIENTED_EDGE ( 'NONE', *, *, #3749, .T. ) ;
#6523 = DIRECTION ( 'NONE',  ( 0.000000000000000000, 0.000000000000000000, 1.000000000000000000 ) ) ;
#6524 = VECTOR ( 'NONE', #3387, 1000.000000000000114 ) ;
#6525 = EDGE_LOOP ( 'NONE', ( #975, #309, #7417, #815 ) ) ;
#6526 = ORIENTED_EDGE ( 'NONE', *, *, #1759, .F. ) ;
#6527 = CARTESIAN_POINT ( 'NONE',  ( -8.534999999999998366, 1.935118803897821982, 0.4049999999999996936 ) ) ;
#6528 = ORIENTED_EDGE ( 'NONE', *, *, #4435, .T. ) ;
#6529 = CYLINDRICAL_SURFACE ( 'NONE', #7344, 0.2000000000000002609 ) ;
#6530 = AXIS2_PLACEMENT_3D ( 'NONE', #6002, #377, #3614 ) ;
#6531 = CARTESIAN_POINT ( 'NONE',  ( -5.994999999999998330, 3.200000000000001954, -0.2049999999999999878 ) ) ;
#6532 = CARTESIAN_POINT ( 'NONE',  ( -5.435000000000001386, 1.935118803897821982, -0.2050000000000000155 ) ) ;
#6533 = DIRECTION ( 'NONE',  ( -1.000000000000000000, -0.000000000000000000, -0.000000000000000000 ) ) ;
#6534 = DIRECTION ( 'NONE',  ( 0.000000000000000000, -1.000000000000000000, 6.368294698886953826E-17 ) ) ;
#6535 = DIRECTION ( 'NONE',  ( -1.000000000000000000, -0.000000000000000000, -0.000000000000000000 ) ) ;
#6536 = STYLED_ITEM ( 'NONE', ( #6690 ), #5166 ) ;
#6537 = ORIENTED_EDGE ( 'NONE', *, *, #7465, .F. ) ;
#6538 = EDGE_CURVE ( 'NONE', #3068, #3275, #5988, .T. ) ;
#6539 = CARTESIAN_POINT ( 'NONE',  ( 6.194999999999999396, -3.809999999999997389, 7.325000000000001066 ) ) ;
#6540 = DIRECTION ( 'NONE',  ( 0.000000000000000000, 0.000000000000000000, -1.000000000000000000 ) ) ;
#6541 = DIRECTION ( 'NONE',  ( 0.000000000000000000, 1.000000000000000000, 1.285735975631406781E-16 ) ) ;
#6542 = UNCERTAINTY_MEASURE_WITH_UNIT (LENGTH_MEASURE( 1.000000000000000082E-05 ), #405, 'distance_accuracy_value', 'NONE');
#6543 = CARTESIAN_POINT ( 'NONE',  ( 0.9150000000000009237, 1.738157253295379956, 0.3702703644666154315 ) ) ;
#6544 = ORIENTED_EDGE ( 'NONE', *, *, #1288, .T. ) ;
#6545 = EDGE_LOOP ( 'NONE', ( #5256, #805, #4963, #8068 ) ) ;
#6546 = DIRECTION ( 'NONE',  ( 0.000000000000000000, 0.000000000000000000, 1.000000000000000000 ) ) ;
#6547 = DIRECTION ( 'NONE',  ( 0.000000000000000000, 0.000000000000000000, -1.000000000000000000 ) ) ;
#6548 = DIRECTION ( 'NONE',  ( -1.000000000000000000, -0.000000000000000000, -0.000000000000000000 ) ) ;
#6549 = LINE ( 'NONE', #4583, #7914 ) ;
#6550 = DIRECTION ( 'NONE',  ( -0.000000000000000000, 1.000000000000000000, 2.184790272011093839E-16 ) ) ;
#6551 = DIRECTION ( 'NONE',  ( -1.000000000000000000, -0.000000000000000000, -0.000000000000000000 ) ) ;
#6552 = EDGE_CURVE ( 'NONE', #7433, #1237, #1005, .T. ) ;
#6553 = ORIENTED_EDGE ( 'NONE', *, *, #4602, .F. ) ;
#6554 = ADVANCED_FACE ( 'NONE', ( #3690 ), #3851, .F. ) ;
#6555 = ORIENTED_EDGE ( 'NONE', *, *, #4372, .T. ) ;
#6556 = LINE ( 'NONE', #3436, #7755 ) ;
#6557 = DIRECTION ( 'NONE',  ( -0.000000000000000000, 1.000000000000000000, 1.285735975631406781E-16 ) ) ;
#6558 = EDGE_CURVE ( 'NONE', #8101, #1303, #6932, .T. ) ;
#6559 = DIRECTION ( 'NONE',  ( -0.3420201433256687684, 0.9396926207859083169, -0.000000000000000000 ) ) ;
#6560 = EDGE_CURVE ( 'NONE', #6090, #2793, #6272, .T. ) ;
#6561 = ORIENTED_EDGE ( 'NONE', *, *, #5547, .F. ) ;
#6562 = LINE ( 'NONE', #928, #6389 ) ;
#6563 = AXIS2_PLACEMENT_3D ( 'NONE', #7086, #1458, #3973 ) ;
#6564 = VERTEX_POINT ( 'NONE', #3810 ) ;
#6565 = ORIENTED_EDGE ( 'NONE', *, *, #5163, .F. ) ;
#6566 = ORIENTED_EDGE ( 'NONE', *, *, #3600, .F. ) ;
#6567 = LINE ( 'NONE', #6484, #4860 ) ;
#6568 = VECTOR ( 'NONE', #6764, 1000.000000000000000 ) ;
#6569 = LINE ( 'NONE', #7141, #2521 ) ;
#6570 = PLANE ( 'NONE',  #369 ) ;
#6571 = CARTESIAN_POINT ( 'NONE',  ( 6.705000000000000959, 1.334386074560374835, 0.2990746116231768892 ) ) ;
#6572 = DIRECTION ( 'NONE',  ( -1.000000000000000000, -0.000000000000000000, -0.000000000000000000 ) ) ;
#6573 = FACE_OUTER_BOUND ( 'NONE', #3705, .T. ) ;
#6574 = ORIENTED_EDGE ( 'NONE', *, *, #5895, .T. ) ;
#6575 = ORIENTED_EDGE ( 'NONE', *, *, #4757, .F. ) ;
#6576 = VECTOR ( 'NONE', #6910, 1000.000000000000000 ) ;
#6577 = DIRECTION ( 'NONE',  ( -0.000000000000000000, -0.000000000000000000, 1.000000000000000000 ) ) ;
#6578 = DIRECTION ( 'NONE',  ( 0.000000000000000000, 0.000000000000000000, 1.000000000000000000 ) ) ;
#6579 = CARTESIAN_POINT ( 'NONE',  ( -8.534999999999998366, -3.260504516109076434, 0.4049999999999996936 ) ) ;
#6580 = PLANE ( 'NONE',  #4781 ) ;
#6581 = MECHANICAL_DESIGN_GEOMETRIC_PRESENTATION_REPRESENTATION (  '', ( #2252 ), #2380 ) ;
#6582 = STYLED_ITEM ( 'NONE', ( #1803 ), #2573 ) ;
#6583 = EDGE_CURVE ( 'NONE', #660, #7581, #3733, .T. ) ;
#6584 = ORIENTED_EDGE ( 'NONE', *, *, #120, .F. ) ;
#6585 = CARTESIAN_POINT ( 'NONE',  ( -5.994999999999998330, 0.000000000000000000, 7.325000000000000178 ) ) ;
#6586 = ORIENTED_EDGE ( 'NONE', *, *, #6705, .T. ) ;
#6587 = EDGE_LOOP ( 'NONE', ( #3818, #2389, #4382, #5548 ) ) ;
#6588 = DIRECTION ( 'NONE',  ( 0.000000000000000000, 0.000000000000000000, 1.000000000000000000 ) ) ;
#6589 = AXIS2_PLACEMENT_3D ( 'NONE', #4912, #2366, #4070 ) ;
#6590 = CARTESIAN_POINT ( 'NONE',  ( -8.534999999999998366, 0.000000000000000000, 6.915000000000000924 ) ) ;
#6591 = EDGE_CURVE ( 'NONE', #2981, #37, #2507, .T. ) ;
#6592 = FACE_OUTER_BOUND ( 'NONE', #4469, .T. ) ;
#6593 = CARTESIAN_POINT ( 'NONE',  ( -0.1550000000000014977, -3.969999999999997087, 2.244999999999999662 ) ) ;
#6594 = EDGE_CURVE ( 'NONE', #5609, #3926, #7549, .T. ) ;
#6595 = CARTESIAN_POINT ( 'NONE',  ( 7.974999999999999645, 1.447135020849696696, 0.03897837839542882266 ) ) ;
#6596 = CARTESIAN_POINT ( 'NONE',  ( 5.434999999999998721, 0.000000000000000000, 1.635000000000000675 ) ) ;
#6597 = VECTOR ( 'NONE', #570, 1000.000000000000000 ) ;
#6598 = ORIENTED_EDGE ( 'NONE', *, *, #331, .T. ) ;
#6599 = DIRECTION ( 'NONE',  ( -1.000000000000000000, -0.000000000000000000, -0.000000000000000000 ) ) ;
#6600 = ORIENTED_EDGE ( 'NONE', *, *, #7484, .T. ) ;
#6601 = CARTESIAN_POINT ( 'NONE',  ( -8.534999999999998366, 0.1969615506024410823, 6.749729635533386229 ) ) ;
#6602 = EDGE_CURVE ( 'NONE', #773, #5900, #1797, .T. ) ;
#6603 = CARTESIAN_POINT ( 'NONE',  ( 4.165000000000000924, 3.200000000000001954, 0.2050000000000000711 ) ) ;
#6604 = DIRECTION ( 'NONE',  ( 0.000000000000000000, 0.000000000000000000, 1.000000000000000000 ) ) ;
#6605 = ORIENTED_EDGE ( 'NONE', *, *, #877, .F. ) ;
#6606 = DIRECTION ( 'NONE',  ( -0.3420201433256687684, 0.9396926207859083169, -0.000000000000000000 ) ) ;
#6607 = ADVANCED_FACE ( 'NONE', ( #4389 ), #3197, .F. ) ;
#6608 = CIRCLE ( 'NONE', #4121, 0.2000000000000003164 ) ;
#6609 = ORIENTED_EDGE ( 'NONE', *, *, #1494, .F. ) ;
#6610 = ORIENTED_EDGE ( 'NONE', *, *, #1965, .F. ) ;
#6611 = EDGE_CURVE ( 'NONE', #897, #5855, #63, .T. ) ;
#6612 = ORIENTED_EDGE ( 'NONE', *, *, #7154, .F. ) ;
#6613 = DIRECTION ( 'NONE',  ( 0.000000000000000000, -1.000000000000000000, -1.092395136005546919E-16 ) ) ;
#6614 = EDGE_CURVE ( 'NONE', #7889, #1344, #2586, .T. ) ;
#6615 = AXIS2_PLACEMENT_3D ( 'NONE', #301, #3423, #956 ) ;
#6616 = CARTESIAN_POINT ( 'NONE',  ( 4.165000000000000924, 0.000000000000000000, 7.325000000000001066 ) ) ;
#6617 = DIRECTION ( 'NONE',  ( -1.000000000000000000, -0.000000000000000000, -0.000000000000000000 ) ) ;
#6618 = DIRECTION ( 'NONE',  ( 0.000000000000000000, 0.000000000000000000, -1.000000000000000000 ) ) ;
#6619 = ORIENTED_EDGE ( 'NONE', *, *, #585, .F. ) ;
#6620 = VERTEX_POINT ( 'NONE', #6357 ) ;
#6621 = ADVANCED_FACE ( 'NONE', ( #2466 ), #6894, .F. ) ;
#6622 = AXIS2_PLACEMENT_3D ( 'NONE', #337, #4200, #2351 ) ;
#6623 = DIRECTION ( 'NONE',  ( 0.000000000000000000, 0.000000000000000000, 1.000000000000000000 ) ) ;
#6624 = SURFACE_STYLE_USAGE ( .BOTH. , #456 ) ;
#6625 = LINE ( 'NONE', #6156, #5478 ) ;
#6626 = LINE ( 'NONE', #458, #3073 ) ;
#6627 = CIRCLE ( 'NONE', #1898, 0.2000000000000003164 ) ;
#6628 = LINE ( 'NONE', #2514, #7623 ) ;
#6629 = ORIENTED_EDGE ( 'NONE', *, *, #7612, .T. ) ;
#6630 = ORIENTED_EDGE ( 'NONE', *, *, #6255, .F. ) ;
#6631 = DIRECTION ( 'NONE',  ( -0.000000000000000000, 1.000000000000000000, 2.184790272011093839E-16 ) ) ;
#6632 = DIRECTION ( 'NONE',  ( 0.000000000000000000, 0.000000000000000000, 1.000000000000000000 ) ) ;
#6633 = CARTESIAN_POINT ( 'NONE',  ( 1.625000000000001332, 3.200000000000001954, 0.2049999999999999600 ) ) ;
#6634 = CARTESIAN_POINT ( 'NONE',  ( -2.185000000000001386, 3.200000000000001954, -0.2049999999999997380 ) ) ;
#6635 = FACE_OUTER_BOUND ( 'NONE', #6300, .T. ) ;
#6636 = CYLINDRICAL_SURFACE ( 'NONE', #3226, 0.6099999999999985434 ) ;
#6637 = EDGE_CURVE ( 'NONE', #3832, #104, #7567, .T. ) ;
#6638 = ORIENTED_EDGE ( 'NONE', *, *, #5637, .F. ) ;
#6639 = EDGE_CURVE ( 'NONE', #2382, #2022, #3154, .T. ) ;
#6640 = AXIS2_PLACEMENT_3D ( 'NONE', #5599, #6499, #7072 ) ;
#6641 = DIRECTION ( 'NONE',  ( 0.000000000000000000, -1.000000000000000000, -1.285735975631406781E-16 ) ) ;
#6642 = ORIENTED_EDGE ( 'NONE', *, *, #1646, .T. ) ;
#6643 = DIRECTION ( 'NONE',  ( -0.000000000000000000, 1.000000000000000000, -0.000000000000000000 ) ) ;
#6644 = DIRECTION ( 'NONE',  ( -1.000000000000000000, -0.000000000000000000, -0.000000000000000000 ) ) ;
#6645 = ORIENTED_EDGE ( 'NONE', *, *, #6733, .F. ) ;
#6646 = AXIS2_PLACEMENT_3D ( 'NONE', #1536, #4050, #6547 ) ;
#6647 = CARTESIAN_POINT ( 'NONE',  ( 4.165000000000000924, 1.334386074560374835, 0.2990746116231767782 ) ) ;
#6648 = VECTOR ( 'NONE', #962, 1000.000000000000000 ) ;
#6649 = ORIENTED_EDGE ( 'NONE', *, *, #4446, .T. ) ;
#6650 = ORIENTED_EDGE ( 'NONE', *, *, #109, .T. ) ;
#6651 = ORIENTED_EDGE ( 'NONE', *, *, #2172, .F. ) ;
#6652 = CARTESIAN_POINT ( 'NONE',  ( -2.895000000000000906, 1.447135020849696696, 0.03897837839542835081 ) ) ;
#6653 = VECTOR ( 'NONE', #6397, 1000.000000000000000 ) ;
#6654 = DIRECTION ( 'NONE',  ( -0.000000000000000000, 0.000000000000000000, 1.000000000000000000 ) ) ;
#6655 = CARTESIAN_POINT ( 'NONE',  ( -7.265000000000000568, 3.200000000000001954, -0.2049999999999999878 ) ) ;
#6656 = VECTOR ( 'NONE', #139, 1000.000000000000000 ) ;
#6657 = LINE ( 'NONE', #6032, #6240 ) ;
#6658 = EDGE_CURVE ( 'NONE', #4029, #2951, #5579, .T. ) ;
#6659 = ORIENTED_EDGE ( 'NONE', *, *, #4852, .F. ) ;
#6660 = AXIS2_PLACEMENT_3D ( 'NONE', #6456, #906, #5829 ) ;
#6661 = EDGE_CURVE ( 'NONE', #6620, #2730, #4969, .T. ) ;
#6662 = LINE ( 'NONE', #2307, #1480 ) ;
#6663 = LINE ( 'NONE', #335, #7904 ) ;
#6664 = CARTESIAN_POINT ( 'NONE',  ( 5.995000000000000107, 3.200000000000001954, 0.2050000000000002098 ) ) ;
#6665 = LINE ( 'NONE', #6039, #708 ) ;
#6666 = EDGE_CURVE ( 'NONE', #3362, #1850, #2059, .T. ) ;
#6667 = EDGE_CURVE ( 'NONE', #598, #1140, #3889, .T. ) ;
#6668 = VECTOR ( 'NONE', #8011, 1000.000000000000000 ) ;
#6669 = FACE_OUTER_BOUND ( 'NONE', #7912, .T. ) ;
#6670 = ORIENTED_EDGE ( 'NONE', *, *, #1377, .F. ) ;
#6671 = CARTESIAN_POINT ( 'NONE',  ( 7.264999999999999680, -3.420504516109077908, 2.245000000000000107 ) ) ;
#6672 = DIRECTION ( 'NONE',  ( -1.000000000000000000, -0.000000000000000000, -0.000000000000000000 ) ) ;
#6673 = DIRECTION ( 'NONE',  ( -1.000000000000000000, -0.000000000000000000, -0.000000000000000000 ) ) ;
#6674 = PLANE ( 'NONE',  #313 ) ;
#6675 = LINE ( 'NONE', #7285, #7032 ) ;
#6676 = EDGE_LOOP ( 'NONE', ( #6306, #1179, #4522, #7378 ) ) ;
#6677 = PLANE ( 'NONE',  #601 ) ;
#6678 = ORIENTED_EDGE ( 'NONE', *, *, #5000, .T. ) ;
#6679 = DIRECTION ( 'NONE',  ( 0.000000000000000000, -0.000000000000000000, -1.000000000000000000 ) ) ;
#6680 = VERTEX_POINT ( 'NONE', #192 ) ;
#6681 = LINE ( 'NONE', #4796, #7216 ) ;
#6682 = LINE ( 'NONE', #7213, #7572 ) ;
#6683 = DIRECTION ( 'NONE',  ( 0.000000000000000000, -0.9925461516413229823, -0.1218693434051406344 ) ) ;
#6684 = EDGE_CURVE ( 'NONE', #3519, #707, #6562, .T. ) ;
#6685 = ORIENTED_EDGE ( 'NONE', *, *, #2839, .F. ) ;
#6686 = ORIENTED_EDGE ( 'NONE', *, *, #7239, .T. ) ;
#6687 = DIRECTION ( 'NONE',  ( 0.000000000000000000, 0.000000000000000000, 1.000000000000000000 ) ) ;
#6688 = ORIENTED_EDGE ( 'NONE', *, *, #8104, .F. ) ;
#6689 = CARTESIAN_POINT ( 'NONE',  ( 5.434999999999998721, -3.420504516109076132, 1.834999999999999964 ) ) ;
#6690 = PRESENTATION_STYLE_ASSIGNMENT (( #1021 ) ) ;
#6691 = CARTESIAN_POINT ( 'NONE',  ( -5.994999999999998330, 3.200000000000001954, 0.2049999999999996270 ) ) ;
#6692 = ORIENTED_EDGE ( 'NONE', *, *, #2802, .F. ) ;
#6693 = DIRECTION ( 'NONE',  ( 0.000000000000000000, -1.000000000000000000, 0.000000000000000000 ) ) ;
#6694 = EDGE_LOOP ( 'NONE', ( #2540, #3033, #7251, #2126 ) ) ;
#6695 = VECTOR ( 'NONE', #6719, 1000.000000000000000 ) ;
#6696 = CARTESIAN_POINT ( 'NONE',  ( -7.974999999999999645, 1.935118803897821982, 0.4049999999999995826 ) ) ;
#6697 = DIRECTION ( 'NONE',  ( 0.000000000000000000, 0.000000000000000000, -1.000000000000000000 ) ) ;
#6698 = CARTESIAN_POINT ( 'NONE',  ( 6.705000000000000959, 1.334386074560374613, 0.2990746116231767227 ) ) ;
#6699 = CARTESIAN_POINT ( 'NONE',  ( -7.265000000000000568, 3.200000000000001954, 0.2049999999999996270 ) ) ;
#6700 = EDGE_CURVE ( 'NONE', #6120, #4014, #1422, .T. ) ;
#6701 = FACE_OUTER_BOUND ( 'NONE', #5540, .T. ) ;
#6702 = AXIS2_PLACEMENT_3D ( 'NONE', #5967, #7356, #5475 ) ;
#6703 = EDGE_CURVE ( 'NONE', #5412, #3509, #4555, .T. ) ;
#6704 = ORIENTED_EDGE ( 'NONE', *, *, #3148, .F. ) ;
#6705 = EDGE_CURVE ( 'NONE', #1547, #5735, #7036, .T. ) ;
#6706 = FACE_OUTER_BOUND ( 'NONE', #7226, .T. ) ;
#6707 = DIRECTION ( 'NONE',  ( -0.000000000000000000, 1.000000000000000000, 1.285735975631406781E-16 ) ) ;
#6708 = CARTESIAN_POINT ( 'NONE',  ( -7.265000000000000568, 1.775124120931223182, 0.2849929109493202772 ) ) ;
#6709 = VECTOR ( 'NONE', #3291, 1000.000000000000000 ) ;
#6710 = PLANE ( 'NONE',  #968 ) ;
#6711 = CARTESIAN_POINT ( 'NONE',  ( -5.235000000000002984, -3.969999999999997087, 1.834999999999999298 ) ) ;
#6712 = CARTESIAN_POINT ( 'NONE',  ( 4.165000000000000924, 1.935118803897821982, 0.4050000000000003042 ) ) ;
#6713 = STYLED_ITEM ( 'NONE', ( #2760 ), #7853 ) ;
#6714 = VECTOR ( 'NONE', #6720, 1000.000000000000000 ) ;
#6715 = ORIENTED_EDGE ( 'NONE', *, *, #2624, .T. ) ;
#6716 = DIRECTION ( 'NONE',  ( 0.000000000000000000, -1.000000000000000000, 0.000000000000000000 ) ) ;
#6717 = ADVANCED_FACE ( 'NONE', ( #1553 ), #5127, .F. ) ;
#6718 = ORIENTED_EDGE ( 'NONE', *, *, #4253, .T. ) ;
#6719 = DIRECTION ( 'NONE',  ( -1.000000000000000000, -0.000000000000000000, -0.000000000000000000 ) ) ;
#6720 = DIRECTION ( 'NONE',  ( -0.000000000000000000, 1.000000000000000000, 1.285735975631406781E-16 ) ) ;
#6721 = DIRECTION ( 'NONE',  ( 0.000000000000000000, -0.6000354452533958050, 0.7999734148329924466 ) ) ;
#6722 = VECTOR ( 'NONE', #865, 1000.000000000000000 ) ;
#6723 = FACE_OUTER_BOUND ( 'NONE', #7689, .T. ) ;
#6724 = ORIENTED_EDGE ( 'NONE', *, *, #3745, .T. ) ;
#6725 = ORIENTED_EDGE ( 'NONE', *, *, #262, .F. ) ;
#6726 = VERTEX_POINT ( 'NONE', #5290 ) ;
#6727 = DIRECTION ( 'NONE',  ( 0.000000000000000000, 0.000000000000000000, -1.000000000000000000 ) ) ;
#6728 = DIRECTION ( 'NONE',  ( -0.000000000000000000, 1.000000000000000000, 1.285735975631406781E-16 ) ) ;
#6729 = CARTESIAN_POINT ( 'NONE',  ( 3.455000000000000515, 0.000000000000000000, 6.715000000000002522 ) ) ;
#6730 = LINE ( 'NONE', #3032, #6514 ) ;
#6731 = ORIENTED_EDGE ( 'NONE', *, *, #1128, .T. ) ;
#6732 = AXIS2_PLACEMENT_3D ( 'NONE', #2391, #5131, #5552 ) ;
#6733 = EDGE_CURVE ( 'NONE', #1954, #171, #2324, .T. ) ;
#6734 = VECTOR ( 'NONE', #8032, 1000.000000000000000 ) ;
#6735 = DIRECTION ( 'NONE',  ( 0.000000000000000000, 0.000000000000000000, 1.000000000000000000 ) ) ;
#6736 = DIRECTION ( 'NONE',  ( -1.000000000000000000, -0.000000000000000000, -0.000000000000000000 ) ) ;
#6737 = FACE_OUTER_BOUND ( 'NONE', #569, .T. ) ;
#6738 = AXIS2_PLACEMENT_3D ( 'NONE', #4687, #5908, #4770 ) ;
#6739 = ORIENTED_EDGE ( 'NONE', *, *, #5495, .T. ) ;
#6740 = DIRECTION ( 'NONE',  ( 0.000000000000000000, 0.000000000000000000, 1.000000000000000000 ) ) ;
#6741 = DIRECTION ( 'NONE',  ( -1.000000000000000000, -0.000000000000000000, 0.000000000000000000 ) ) ;
#6742 = CARTESIAN_POINT ( 'NONE',  ( 2.894999999999999130, 3.200000000000001954, -0.2049999999999995437 ) ) ;
#6743 = LINE ( 'NONE', #4061, #1104 ) ;
#6744 = DIRECTION ( 'NONE',  ( -0.000000000000000000, -0.000000000000000000, 1.000000000000000000 ) ) ;
#6745 = AXIS2_PLACEMENT_3D ( 'NONE', #3625, #4941, #924 ) ;
#6746 = CARTESIAN_POINT ( 'NONE',  ( -5.994999999999998330, 1.935118803897821982, 0.4049999999999998046 ) ) ;
#6747 = LINE ( 'NONE', #4408, #207 ) ;
#6748 = ADVANCED_FACE ( 'NONE', ( #5771 ), #4677, .F. ) ;
#6749 = EDGE_CURVE ( 'NONE', #5073, #6814, #4592, .T. ) ;
#6750 = EDGE_LOOP ( 'NONE', ( #3920, #5983, #1796, #2034 ) ) ;
#6751 = CARTESIAN_POINT ( 'NONE',  ( -5.435000000000001386, 0.000000000000000000, 1.835000000000000187 ) ) ;
#6752 = ORIENTED_EDGE ( 'NONE', *, *, #8064, .F. ) ;
#6753 = DIRECTION ( 'NONE',  ( -0.3420201433256713774, -0.9396926207859073177, -0.000000000000000000 ) ) ;
#6754 = EDGE_CURVE ( 'NONE', #343, #7844, #4064, .T. ) ;
#6755 = CARTESIAN_POINT ( 'NONE',  ( -5.435000000000001386, 1.935118803897821982, 0.4049999999999996936 ) ) ;
#6756 = CARTESIAN_POINT ( 'NONE',  ( -4.725000000000001421, 0.1599946829665978842, 1.755007089050678815 ) ) ;
#6757 = CARTESIAN_POINT ( 'NONE',  ( -9.244999999999999218, 3.200000000000001954, -0.2050000000000000988 ) ) ;
#6758 = ADVANCED_FACE ( 'NONE', ( #5215 ), #6479, .F. ) ;
#6759 = EDGE_CURVE ( 'NONE', #7844, #3371, #6434, .T. ) ;
#6760 = ORIENTED_EDGE ( 'NONE', *, *, #228, .F. ) ;
#6761 = ORIENTED_EDGE ( 'NONE', *, *, #1074, .T. ) ;
#6762 = AXIS2_PLACEMENT_3D ( 'NONE', #6036, #987, #2884 ) ;
#6763 = ORIENTED_EDGE ( 'NONE', *, *, #6144, .T. ) ;
#6764 = DIRECTION ( 'NONE',  ( -1.000000000000000000, -0.000000000000000000, -0.000000000000000000 ) ) ;
#6765 = VECTOR ( 'NONE', #7566, 1000.000000000000000 ) ;
#6766 = VECTOR ( 'NONE', #3551, 1000.000000000000227 ) ;
#6767 = LINE ( 'NONE', #2504, #4702 ) ;
#6768 = CARTESIAN_POINT ( 'NONE',  ( 2.894999999999999130, -3.420504516109076132, 1.834999999999999964 ) ) ;
#6769 = CARTESIAN_POINT ( 'NONE',  ( -2.895000000000000906, 3.200000000000001954, 0.2049999999999998490 ) ) ;
#6770 = ORIENTED_EDGE ( 'NONE', *, *, #18, .T. ) ;
#6771 = ORIENTED_EDGE ( 'NONE', *, *, #959, .T. ) ;
#6772 = VECTOR ( 'NONE', #7342, 1000.000000000000000 ) ;
#6773 = CARTESIAN_POINT ( 'NONE',  ( -0.9149999999999991473, 1.334386074560374613, 0.2990746116231763341 ) ) ;
#6774 = EDGE_LOOP ( 'NONE', ( #3949, #4275, #2751, #6650 ) ) ;
#6775 =( NAMED_UNIT ( * ) SI_UNIT ( $, .STERADIAN. ) SOLID_ANGLE_UNIT ( ) );
#6776 = DIRECTION ( 'NONE',  ( 0.000000000000000000, 0.000000000000000000, 1.000000000000000000 ) ) ;
#6777 = LINE ( 'NONE', #6862, #6081 ) ;
#6778 = AXIS2_PLACEMENT_3D ( 'NONE', #3978, #5171, #2127 ) ;
#6779 = SURFACE_SIDE_STYLE ('',( #1722 ) ) ;
#6780 = EDGE_CURVE ( 'NONE', #5173, #7018, #236, .T. ) ;
#6781 = CIRCLE ( 'NONE', #2982, 0.6099999999999992095 ) ;
#6782 = ORIENTED_EDGE ( 'NONE', *, *, #6277, .F. ) ;
#6783 = DIRECTION ( 'NONE',  ( 0.000000000000000000, 0.000000000000000000, 1.000000000000000000 ) ) ;
#6784 = CARTESIAN_POINT ( 'NONE',  ( -9.045000000000001705, -3.809999999999997389, 7.325000000000000178 ) ) ;
#6785 = DIRECTION ( 'NONE',  ( -0.000000000000000000, 1.000000000000000000, -0.000000000000000000 ) ) ;
#6786 = CARTESIAN_POINT ( 'NONE',  ( 6.705000000000000959, -3.260504516109076434, 7.325000000000001066 ) ) ;
#6787 = VECTOR ( 'NONE', #4432, 1000.000000000000000 ) ;
#6788 = LINE ( 'NONE', #4903, #3624 ) ;
#6789 = ORIENTED_EDGE ( 'NONE', *, *, #5334, .T. ) ;
#6790 = ORIENTED_EDGE ( 'NONE', *, *, #5891, .F. ) ;
#6791 = DIRECTION ( 'NONE',  ( -1.000000000000000000, -0.000000000000000000, -0.000000000000000000 ) ) ;
#6792 = VERTEX_POINT ( 'NONE', #850 ) ;
#6793 = FACE_OUTER_BOUND ( 'NONE', #7522, .T. ) ;
#6794 = VERTEX_POINT ( 'NONE', #148 ) ;
#6795 = DIRECTION ( 'NONE',  ( -1.000000000000000000, -0.000000000000000000, 0.000000000000000000 ) ) ;
#6796 = DIRECTION ( 'NONE',  ( -1.000000000000000000, -0.000000000000000000, -0.000000000000000000 ) ) ;
#6797 = PLANE ( 'NONE',  #742 ) ;
#6798 = EDGE_CURVE ( 'NONE', #4456, #3129, #107, .T. ) ;
#6799 = ORIENTED_EDGE ( 'NONE', *, *, #338, .T. ) ;
#6800 = DIRECTION ( 'NONE',  ( 0.000000000000000000, 1.000000000000000000, 1.092395136005547166E-16 ) ) ;
#6801 = VERTEX_POINT ( 'NONE', #4508 ) ;
#6802 = EDGE_CURVE ( 'NONE', #3199, #3442, #1508, .T. ) ;
#6803 = VERTEX_POINT ( 'NONE', #7762 ) ;
#6804 = ORIENTED_EDGE ( 'NONE', *, *, #5005, .F. ) ;
#6805 = DIRECTION ( 'NONE',  ( 0.000000000000000000, -1.000000000000000000, -1.285735975631406781E-16 ) ) ;
#6806 = EDGE_CURVE ( 'NONE', #1501, #4412, #1381, .T. ) ;
#6807 = DIRECTION ( 'NONE',  ( -0.000000000000000000, 1.000000000000000000, 0.000000000000000000 ) ) ;
#6808 = DIRECTION ( 'NONE',  ( -1.000000000000000000, 0.000000000000000000, -0.000000000000000000 ) ) ;
#6809 = ORIENTED_EDGE ( 'NONE', *, *, #2457, .F. ) ;
#6810 = CARTESIAN_POINT ( 'NONE',  ( -8.534999999999998366, 3.200000000000001954, -0.2050000000000000988 ) ) ;
#6811 = VERTEX_POINT ( 'NONE', #399 ) ;
#6812 = ORIENTED_EDGE ( 'NONE', *, *, #8018, .T. ) ;
#6813 =( LENGTH_UNIT ( ) NAMED_UNIT ( * ) SI_UNIT ( .MILLI., .METRE. ) );
#6814 = VERTEX_POINT ( 'NONE', #318 ) ;
#6815 = EDGE_CURVE ( 'NONE', #6326, #4502, #2829, .T. ) ;
#6816 = CARTESIAN_POINT ( 'NONE',  ( -0.9149999999999991473, 3.200000000000001954, -0.2049999999999997380 ) ) ;
#6817 = SURFACE_STYLE_USAGE ( .BOTH. , #6938 ) ;
#6818 = CARTESIAN_POINT ( 'NONE',  ( -9.244999999999999218, 0.000000000000000000, 6.915000000000000924 ) ) ;
#6819 = ORIENTED_EDGE ( 'NONE', *, *, #6170, .F. ) ;
#6820 = FACE_OUTER_BOUND ( 'NONE', #2576, .T. ) ;
#6821 = AXIS2_PLACEMENT_3D ( 'NONE', #2461, #2582, #5729 ) ;
#6822 = ORIENTED_EDGE ( 'NONE', *, *, #3682, .F. ) ;
#6823 = VERTEX_POINT ( 'NONE', #973 ) ;
#6824 = CARTESIAN_POINT ( 'NONE',  ( 5.434999999999998721, 3.200000000000001954, -0.2049999999999994049 ) ) ;
#6825 = CARTESIAN_POINT ( 'NONE',  ( 2.894999999999999130, 3.200000000000001954, 0.2050000000000000711 ) ) ;
#6826 =( NAMED_UNIT ( * ) PLANE_ANGLE_UNIT ( ) SI_UNIT ( $, .RADIAN. ) );
#6827 = AXIS2_PLACEMENT_3D ( 'NONE', #4346, #721, #1997 ) ;
#6828 = DIRECTION ( 'NONE',  ( 0.000000000000000000, 0.000000000000000000, 1.000000000000000000 ) ) ;
#6829 = LINE ( 'NONE', #1200, #6997 ) ;
#6830 = DIRECTION ( 'NONE',  ( -1.000000000000000000, -0.000000000000000000, -0.000000000000000000 ) ) ;
#6831 = ORIENTED_EDGE ( 'NONE', *, *, #4853, .T. ) ;
#6832 = CARTESIAN_POINT ( 'NONE',  ( 1.905000000000000027, 18.03000000000000114, -0.6999999999999990674 ) ) ;
#6833 = ORIENTED_EDGE ( 'NONE', *, *, #3346, .T. ) ;
#6834 = DIRECTION ( 'NONE',  ( 0.000000000000000000, -0.000000000000000000, -1.000000000000000000 ) ) ;
#6835 =( GEOMETRIC_REPRESENTATION_CONTEXT ( 3 ) GLOBAL_UNCERTAINTY_ASSIGNED_CONTEXT ( ( #4083 ) ) GLOBAL_UNIT_ASSIGNED_CONTEXT ( ( #3128, #4238, #6158 ) ) REPRESENTATION_CONTEXT ( 'NONE', 'WORKASPACE' ) );
#6836 = ORIENTED_EDGE ( 'NONE', *, *, #2594, .T. ) ;
#6837 = DIRECTION ( 'NONE',  ( 0.000000000000000000, 0.000000000000000000, 1.000000000000000000 ) ) ;
#6838 = EDGE_CURVE ( 'NONE', #1512, #3275, #4762, .T. ) ;
#6839 = CARTESIAN_POINT ( 'NONE',  ( -5.994999999999998330, 1.935118803897821982, -0.2050000000000001543 ) ) ;
#6840 = PLANE ( 'NONE',  #1398 ) ;
#6841 = VERTEX_POINT ( 'NONE', #2251 ) ;
#6842 = FACE_OUTER_BOUND ( 'NONE', #264, .T. ) ;
#6843 = AXIS2_PLACEMENT_3D ( 'NONE', #5296, #2177, #7373 ) ;
#6844 = ORIENTED_EDGE ( 'NONE', *, *, #646, .F. ) ;
#6845 = ORIENTED_EDGE ( 'NONE', *, *, #923, .F. ) ;
#6846 = ORIENTED_EDGE ( 'NONE', *, *, #2505, .F. ) ;
#6847 = ADVANCED_FACE ( 'NONE', ( #4873 ), #7929, .F. ) ;
#6848 = LINE ( 'NONE', #6930, #520 ) ;
#6849 = AXIS2_PLACEMENT_3D ( 'NONE', #7261, #6687, #5417 ) ;
#6850 = CIRCLE ( 'NONE', #6184, 0.2000000000000002054 ) ;
#6851 = CARTESIAN_POINT ( 'NONE',  ( -5.435000000000001386, 0.000000000000000000, 1.635000000000000231 ) ) ;
#6852 = ADVANCED_FACE ( 'NONE', ( #6723 ), #2368, .F. ) ;
#6853 = CARTESIAN_POINT ( 'NONE',  ( 1.625000000000001332, 1.935118803897821982, -0.2049999999999997935 ) ) ;
#6854 = CARTESIAN_POINT ( 'NONE',  ( 0.3549999999999994271, 1.447135020849696474, 0.03897837839542857286 ) ) ;
#6855 = EDGE_CURVE ( 'NONE', #6473, #6327, #1013, .T. ) ;
#6856 = EDGE_LOOP ( 'NONE', ( #6222, #5285, #321, #7782, #2400, #5918 ) ) ;
#6857 = ORIENTED_EDGE ( 'NONE', *, *, #5105, .T. ) ;
#6858 = ORIENTED_EDGE ( 'NONE', *, *, #3447, .F. ) ;
#6859 = EDGE_CURVE ( 'NONE', #7093, #4801, #5333, .T. ) ;
#6860 = DIRECTION ( 'NONE',  ( -1.000000000000000000, -0.000000000000000000, -0.000000000000000000 ) ) ;
#6861 = DIRECTION ( 'NONE',  ( 0.000000000000000000, 0.000000000000000000, 1.000000000000000000 ) ) ;
#6862 = CARTESIAN_POINT ( 'NONE',  ( 9.245000000000000995, 0.6007327293374460364, 6.820925388376825715 ) ) ;
#6863 = VERTEX_POINT ( 'NONE', #3526 ) ;
#6864 =( NAMED_UNIT ( * ) SI_UNIT ( $, .STERADIAN. ) SOLID_ANGLE_UNIT ( ) );
#6865 = EDGE_CURVE ( 'NONE', #3982, #6359, #6023, .T. ) ;
#6866 = ORIENTED_EDGE ( 'NONE', *, *, #5214, .F. ) ;
#6867 = AXIS2_PLACEMENT_3D ( 'NONE', #2315, #1072, #6084 ) ;
#6868 = ORIENTED_EDGE ( 'NONE', *, *, #1181, .F. ) ;
#6869 = CARTESIAN_POINT ( 'NONE',  ( 1.625000000000001332, 0.1969615506024410823, 6.749729635533387118 ) ) ;
#6870 = FACE_OUTER_BOUND ( 'NONE', #2291, .T. ) ;
#6871 = DIRECTION ( 'NONE',  ( 1.000000000000000000, 0.000000000000000000, 0.000000000000000000 ) ) ;
#6872 = DIRECTION ( 'NONE',  ( 0.000000000000000000, 0.9925461516413229823, -0.1218693434051405511 ) ) ;
#6873 = ORIENTED_EDGE ( 'NONE', *, *, #2844, .T. ) ;
#6874 = VECTOR ( 'NONE', #2973, 999.9999999999998863 ) ;
#6875 = DIRECTION ( 'NONE',  ( 0.000000000000000000, -1.000000000000000000, -1.285735975631406781E-16 ) ) ;
#6876 = ORIENTED_EDGE ( 'NONE', *, *, #3979, .T. ) ;
#6877 = FACE_OUTER_BOUND ( 'NONE', #1080, .T. ) ;
#6878 = ORIENTED_EDGE ( 'NONE', *, *, #1119, .F. ) ;
#6879 = AXIS2_PLACEMENT_3D ( 'NONE', #1022, #983, #3491 ) ;
#6880 = DIRECTION ( 'NONE',  ( -0.9396926207859079838, -0.3420201433256698786, 0.000000000000000000 ) ) ;
#6881 = FACE_OUTER_BOUND ( 'NONE', #6066, .T. ) ;
#6882 = DIRECTION ( 'NONE',  ( 0.000000000000000000, 4.011848926865882589E-17, 1.000000000000000000 ) ) ;
#6883 = EDGE_CURVE ( 'NONE', #1644, #1596, #7850, .T. ) ;
#6884 = CARTESIAN_POINT ( 'NONE',  ( 7.974999999999999645, 0.000000000000000000, 2.245000000000000551 ) ) ;
#6885 = VECTOR ( 'NONE', #888, 1000.000000000000227 ) ;
#6886 = ADVANCED_FACE ( 'NONE', ( #5491 ), #2293, .T. ) ;
#6887 = ORIENTED_EDGE ( 'NONE', *, *, #939, .T. ) ;
#6888 = ORIENTED_EDGE ( 'NONE', *, *, #2272, .T. ) ;
#6889 = ORIENTED_EDGE ( 'NONE', *, *, #2998, .T. ) ;
#6890 = DIRECTION ( 'NONE',  ( 0.000000000000000000, 0.1736481776669237254, -0.9848077530122092416 ) ) ;
#6891 = LINE ( 'NONE', #4919, #5093 ) ;
#6892 = DIRECTION ( 'NONE',  ( 1.000000000000000000, 0.000000000000000000, -0.000000000000000000 ) ) ;
#6893 = EDGE_LOOP ( 'NONE', ( #5889, #7000, #7477, #2601 ) ) ;
#6894 = PLANE ( 'NONE',  #5592 ) ;
#6895 = ORIENTED_EDGE ( 'NONE', *, *, #931, .F. ) ;
#6896 = CARTESIAN_POINT ( 'NONE',  ( 8.535000000000000142, 1.935118803897821982, 0.4050000000000005262 ) ) ;
#6897 = EDGE_CURVE ( 'NONE', #171, #3338, #4220, .T. ) ;
#6898 = ORIENTED_EDGE ( 'NONE', *, *, #3505, .F. ) ;
#6899 = CIRCLE ( 'NONE', #3878, 0.6099999999999985434 ) ;
#6900 = DIRECTION ( 'NONE',  ( -0.000000000000000000, -0.000000000000000000, 1.000000000000000000 ) ) ;
#6901 = CARTESIAN_POINT ( 'NONE',  ( -2.185000000000001386, 1.775124120931223182, 0.2849929109493204993 ) ) ;
#6902 = FACE_OUTER_BOUND ( 'NONE', #110, .T. ) ;
#6903 = EDGE_CURVE ( 'NONE', #1789, #1096, #7294, .T. ) ;
#6904 = LINE ( 'NONE', #577, #2515 ) ;
#6905 = AXIS2_PLACEMENT_3D ( 'NONE', #4211, #7879, #2935 ) ;
#6906 = ORIENTED_EDGE ( 'NONE', *, *, #646, .T. ) ;
#6907 = ORIENTED_EDGE ( 'NONE', *, *, #3283, .F. ) ;
#6908 = EDGE_CURVE ( 'NONE', #5531, #8121, #3484, .T. ) ;
#6909 = FACE_OUTER_BOUND ( 'NONE', #1478, .T. ) ;
#6910 = DIRECTION ( 'NONE',  ( -0.000000000000000000, -0.000000000000000000, 1.000000000000000000 ) ) ;
#6911 = EDGE_CURVE ( 'NONE', #4359, #5412, #478, .T. ) ;
#6912 = VECTOR ( 'NONE', #2873, 1000.000000000000000 ) ;
#6913 = DIRECTION ( 'NONE',  ( -0.9396926207859079838, -0.3420201433256698786, 0.000000000000000000 ) ) ;
#6914 = CARTESIAN_POINT ( 'NONE',  ( -3.454999999999999627, -3.260504516109076434, 0.4049999999999999156 ) ) ;
#6915 = FACE_OUTER_BOUND ( 'NONE', #8059, .T. ) ;
#6916 = VECTOR ( 'NONE', #263, 1000.000000000000000 ) ;
#6917 = CARTESIAN_POINT ( 'NONE',  ( -8.534999999999998366, 1.935118803897821982, 0.2049999999999994882 ) ) ;
#6918 = ORIENTED_EDGE ( 'NONE', *, *, #123, .F. ) ;
#6919 = CARTESIAN_POINT ( 'NONE',  ( 4.724999999999999645, 1.935118803897821982, -0.2049999999999995715 ) ) ;
#6920 = VERTEX_POINT ( 'NONE', #441 ) ;
#6921 = AXIS2_PLACEMENT_3D ( 'NONE', #1401, #5874, #7070 ) ;
#6922 = FACE_OUTER_BOUND ( 'NONE', #886, .T. ) ;
#6923 = CARTESIAN_POINT ( 'NONE',  ( 9.245000000000000995, 1.935118803897821982, 0.2050000000000002931 ) ) ;
#6924 = DIRECTION ( 'NONE',  ( 0.000000000000000000, -1.000000000000000000, -1.285735975631406781E-16 ) ) ;
#6925 = ORIENTED_EDGE ( 'NONE', *, *, #2292, .T. ) ;
#6926 = DIRECTION ( 'NONE',  ( 0.000000000000000000, 0.000000000000000000, 1.000000000000000000 ) ) ;
#6927 = AXIS2_PLACEMENT_3D ( 'NONE', #159, #3944, #1516 ) ;
#6928 = ORIENTED_EDGE ( 'NONE', *, *, #3979, .F. ) ;
#6929 = ORIENTED_EDGE ( 'NONE', *, *, #1928, .F. ) ;
#6930 = CARTESIAN_POINT ( 'NONE',  ( 2.894999999999999130, -3.969999999999997087, 2.244999999999999662 ) ) ;
#6931 = CARTESIAN_POINT ( 'NONE',  ( 4.165000000000000924, 0.000000000000000000, 6.715000000000002522 ) ) ;
#6932 = LINE ( 'NONE', #7467, #1534 ) ;
#6933 = ORIENTED_EDGE ( 'NONE', *, *, #5543, .T. ) ;
#6934 = DIRECTION ( 'NONE',  ( 1.000000000000000000, 0.000000000000000000, 0.000000000000000000 ) ) ;
#6935 = ORIENTED_EDGE ( 'NONE', *, *, #8014, .T. ) ;
#6936 = CARTESIAN_POINT ( 'NONE',  ( 2.184999999999999609, 1.935118803897821982, 0.4050000000000000822 ) ) ;
#6937 = EDGE_CURVE ( 'NONE', #4559, #4629, #4185, .T. ) ;
#6938 = SURFACE_SIDE_STYLE ('',( #2554 ) ) ;
#6939 = PLANE ( 'NONE',  #2294 ) ;
#6940 = ORIENTED_EDGE ( 'NONE', *, *, #4352, .F. ) ;
#6941 = SURFACE_STYLE_FILL_AREA ( #4434 ) ;
#6942 = ORIENTED_EDGE ( 'NONE', *, *, #7180, .F. ) ;
#6943 = ORIENTED_EDGE ( 'NONE', *, *, #1033, .F. ) ;
#6944 = DIRECTION ( 'NONE',  ( 0.000000000000000000, -1.000000000000000000, -1.092395136005546919E-16 ) ) ;
#6945 = EDGE_CURVE ( 'NONE', #3563, #2475, #2334, .T. ) ;
#6946 = DIRECTION ( 'NONE',  ( -1.000000000000000000, -0.000000000000000000, -0.000000000000000000 ) ) ;
#6947 = LINE ( 'NONE', #3092, #57 ) ;
#6948 = DIRECTION ( 'NONE',  ( 0.000000000000000000, 0.000000000000000000, -1.000000000000000000 ) ) ;
#6949 = CARTESIAN_POINT ( 'NONE',  ( -5.994999999999998330, 1.935118803897821982, 0.4049999999999998046 ) ) ;
#6950 = EDGE_CURVE ( 'NONE', #854, #3199, #2948, .T. ) ;
#6951 = DIRECTION ( 'NONE',  ( 0.000000000000000000, 0.000000000000000000, 1.000000000000000000 ) ) ;
#6952 = ADVANCED_FACE ( 'NONE', ( #7215 ), #5980, .T. ) ;
#6953 = ORIENTED_EDGE ( 'NONE', *, *, #5717, .F. ) ;
#6954 = CIRCLE ( 'NONE', #266, 0.6099999999999995426 ) ;
#6955 = DIRECTION ( 'NONE',  ( 0.000000000000000000, 0.6000354452533959160, -0.7999734148329924466 ) ) ;
#6956 = ORIENTED_EDGE ( 'NONE', *, *, #1479, .F. ) ;
#6957 = CYLINDRICAL_SURFACE ( 'NONE', #4599, 0.2000000000000002609 ) ;
#6958 = CARTESIAN_POINT ( 'NONE',  ( -9.244999999999999218, 0.000000000000000000, 6.915000000000000924 ) ) ;
#6959 = DIRECTION ( 'NONE',  ( -1.000000000000000000, -0.000000000000000000, -0.000000000000000000 ) ) ;
#6960 = VERTEX_POINT ( 'NONE', #514 ) ;
#6961 = DIRECTION ( 'NONE',  ( -0.000000000000000000, 1.000000000000000000, -0.000000000000000000 ) ) ;
#6962 = ADVANCED_FACE ( 'NONE', ( #7412 ), #7458, .T. ) ;
#6963 = ORIENTED_EDGE ( 'NONE', *, *, #75, .T. ) ;
#6964 = VERTEX_POINT ( 'NONE', #3065 ) ;
#6965 = CARTESIAN_POINT ( 'NONE',  ( 5.995000000000000107, 0.000000000000000000, 6.915000000000001812 ) ) ;
#6966 = CARTESIAN_POINT ( 'NONE',  ( 3.455000000000000515, 1.738157253295379956, 0.3702703644666155425 ) ) ;
#6967 =( GEOMETRIC_REPRESENTATION_CONTEXT ( 3 ) GLOBAL_UNCERTAINTY_ASSIGNED_CONTEXT ( ( #7194 ) ) GLOBAL_UNIT_ASSIGNED_CONTEXT ( ( #1808, #3658, #8066 ) ) REPRESENTATION_CONTEXT ( 'NONE', 'WORKASPACE' ) );
#6968 = DIRECTION ( 'NONE',  ( 0.000000000000000000, -2.184790272011094332E-16, 1.000000000000000000 ) ) ;
#6969 = DIRECTION ( 'NONE',  ( -1.000000000000000000, -0.000000000000000000, -0.000000000000000000 ) ) ;
#6970 = EDGE_LOOP ( 'NONE', ( #2255, #186, #3026, #1444 ) ) ;
#6971 = ORIENTED_EDGE ( 'NONE', *, *, #1933, .F. ) ;
#6972 = VECTOR ( 'NONE', #5823, 1000.000000000000000 ) ;
#6973 = ORIENTED_EDGE ( 'NONE', *, *, #3937, .F. ) ;
#6974 = LINE ( 'NONE', #8026, #4507 ) ;
#6975 = PLANE ( 'NONE',  #2659 ) ;
#6976 = LINE ( 'NONE', #6901, #5222 ) ;
#6977 = CARTESIAN_POINT ( 'NONE',  ( -4.925000000000001599, -3.969999999999997087, 2.244999999999999662 ) ) ;
#6978 = SURFACE_SIDE_STYLE ('',( #6281 ) ) ;
#6979 = ORIENTED_EDGE ( 'NONE', *, *, #3538, .T. ) ;
#6980 = ORIENTED_EDGE ( 'NONE', *, *, #4486, .F. ) ;
#6981 = EDGE_LOOP ( 'NONE', ( #712, #2976, #3411, #4790 ) ) ;
#6982 = EDGE_CURVE ( 'NONE', #2661, #6242, #1254, .T. ) ;
#6983 = CARTESIAN_POINT ( 'NONE',  ( -10.00999999999999979, 3.451094427046427437, -2.249999999999999112 ) ) ;
#6984 = DIRECTION ( 'NONE',  ( -0.3420201433256687684, 0.9396926207859083169, -0.000000000000000000 ) ) ;
#6985 = CARTESIAN_POINT ( 'NONE',  ( -6.505000000000000782, -3.809999999999997389, 6.915000000000000924 ) ) ;
#6986 = FACE_OUTER_BOUND ( 'NONE', #7208, .T. ) ;
#6987 = ORIENTED_EDGE ( 'NONE', *, *, #6780, .F. ) ;
#6988 = AXIS2_PLACEMENT_3D ( 'NONE', #4950, #2570, #2487 ) ;
#6989 = FACE_OUTER_BOUND ( 'NONE', #5061, .T. ) ;
#6990 = EDGE_LOOP ( 'NONE', ( #6358, #6267, #6973, #7460 ) ) ;
#6991 = CARTESIAN_POINT ( 'NONE',  ( -7.464999999999999858, -3.969999999999997087, 2.244999999999999218 ) ) ;
#6992 = ORIENTED_EDGE ( 'NONE', *, *, #6897, .T. ) ;
#6993 = VECTOR ( 'NONE', #3901, 1000.000000000000000 ) ;
#6994 = DIRECTION ( 'NONE',  ( -0.000000000000000000, 1.000000000000000000, 1.285735975631406781E-16 ) ) ;
#6995 = CARTESIAN_POINT ( 'NONE',  ( -7.974999999999999645, 3.200000000000001954, -0.2049999999999999878 ) ) ;
#6996 = UNCERTAINTY_MEASURE_WITH_UNIT (LENGTH_MEASURE( 1.000000000000000082E-05 ), #240, 'distance_accuracy_value', 'NONE');
#6997 = VECTOR ( 'NONE', #5630, 1000.000000000000000 ) ;
#6998 = EDGE_CURVE ( 'NONE', #7188, #5818, #6219, .T. ) ;
#6999 = CARTESIAN_POINT ( 'NONE',  ( -8.734999999999999432, -3.809999999999997389, 7.325000000000000178 ) ) ;
#7000 = ORIENTED_EDGE ( 'NONE', *, *, #6602, .F. ) ;
#7001 = LINE ( 'NONE', #5886, #2184 ) ;
#7002 = EDGE_CURVE ( 'NONE', #6680, #6801, #5525, .T. ) ;
#7003 = VECTOR ( 'NONE', #5783, 1000.000000000000000 ) ;
#7004 = ORIENTED_EDGE ( 'NONE', *, *, #7084, .T. ) ;
#7005 = EDGE_CURVE ( 'NONE', #7625, #3371, #678, .T. ) ;
#7006 = EDGE_LOOP ( 'NONE', ( #2086, #814, #2372, #8039 ) ) ;
#7007 = CARTESIAN_POINT ( 'NONE',  ( -5.435000000000001386, 0.1599946829665978842, 1.755007089050678815 ) ) ;
#7008 = CYLINDRICAL_SURFACE ( 'NONE', #1854, 0.6099999999999996536 ) ;
#7009 = EDGE_CURVE ( 'NONE', #7018, #2284, #6301, .T. ) ;
#7010 = DIRECTION ( 'NONE',  ( -1.000000000000000000, -0.000000000000000000, -0.000000000000000000 ) ) ;
#7011 = EDGE_CURVE ( 'NONE', #5481, #4226, #4340, .T. ) ;
#7012 = AXIS2_PLACEMENT_3D ( 'NONE', #4712, #5892, #3664 ) ;
#7013 = CARTESIAN_POINT ( 'NONE',  ( -7.265000000000000568, -3.420504516109076132, 0.4049999999999995826 ) ) ;
#7014 = ORIENTED_EDGE ( 'NONE', *, *, #3419, .F. ) ;
#7015 = ORIENTED_EDGE ( 'NONE', *, *, #5498, .T. ) ;
#7016 = VERTEX_POINT ( 'NONE', #5040 ) ;
#7017 = SURFACE_STYLE_FILL_AREA ( #4513 ) ;
#7018 = VERTEX_POINT ( 'NONE', #7542 ) ;
#7019 = DIRECTION ( 'NONE',  ( 0.000000000000000000, -0.6000354452533959160, 0.7999734148329924466 ) ) ;
#7020 = DIRECTION ( 'NONE',  ( 0.000000000000000000, 0.000000000000000000, 1.000000000000000000 ) ) ;
#7021 = LINE ( 'NONE', #7142, #2872 ) ;
#7022 = CARTESIAN_POINT ( 'NONE',  ( 2.894999999999999130, 1.935118803897821982, 0.4050000000000000822 ) ) ;
#7023 = ORIENTED_EDGE ( 'NONE', *, *, #4229, .F. ) ;
#7024 = VERTEX_POINT ( 'NONE', #2496 ) ;
#7025 = VECTOR ( 'NONE', #7123, 1000.000000000000000 ) ;
#7026 = CARTESIAN_POINT ( 'NONE',  ( 10.00632528852202086, 3.447419715568447618, -2.220071876700477898 ) ) ;
#7027 = DIRECTION ( 'NONE',  ( 0.000000000000000000, 0.000000000000000000, 1.000000000000000000 ) ) ;
#7028 = DIRECTION ( 'NONE',  ( -0.000000000000000000, 0.000000000000000000, 1.000000000000000000 ) ) ;
#7029 = DIRECTION ( 'NONE',  ( -1.000000000000000000, -0.000000000000000000, -0.000000000000000000 ) ) ;
#7030 = CLOSED_SHELL ( 'NONE', ( #3305, #5925, #1244, #3000, #4395, #3704, #5398, #1773, #3494, #1207, #8118, #2546, #4110, #3843, #7769, #6498 ) ) ;
#7031 = ADVANCED_FACE ( 'NONE', ( #3187 ), #3803, .F. ) ;
#7032 = VECTOR ( 'NONE', #4827, 1000.000000000000000 ) ;
#7033 = CARTESIAN_POINT ( 'NONE',  ( 2.694999999999999396, -3.969999999999997087, 1.834999999999999742 ) ) ;
#7034 = ORIENTED_EDGE ( 'NONE', *, *, #1541, .F. ) ;
#7035 = ORIENTED_EDGE ( 'NONE', *, *, #2300, .T. ) ;
#7036 = CIRCLE ( 'NONE', #2850, 0.6099999999999989875 ) ;
#7037 = CARTESIAN_POINT ( 'NONE',  ( -0.3550000000000002598, 0.000000000000000000, 1.835000000000000409 ) ) ;
#7038 = ORIENTED_EDGE ( 'NONE', *, *, #2172, .T. ) ;
#7039 = LINE ( 'NONE', #3343, #2 ) ;
#7040 = LINE ( 'NONE', #1495, #816 ) ;
#7041 = AXIS2_PLACEMENT_3D ( 'NONE', #439, #3598, #6604 ) ;
#7042 = CARTESIAN_POINT ( 'NONE',  ( -0.9149999999999991473, 3.200000000000001954, 0.2049999999999998490 ) ) ;
#7043 = ORIENTED_EDGE ( 'NONE', *, *, #8123, .F. ) ;
#7044 = CARTESIAN_POINT ( 'NONE',  ( 5.995000000000000107, 0.000000000000000000, 6.715000000000002522 ) ) ;
#7045 = VECTOR ( 'NONE', #1130, 1000.000000000000000 ) ;
#7046 = CIRCLE ( 'NONE', #7857, 0.6099999999999992095 ) ;
#7047 = ORIENTED_EDGE ( 'NONE', *, *, #4500, .T. ) ;
#7048 = ORIENTED_EDGE ( 'NONE', *, *, #5501, .T. ) ;
#7049 = DIRECTION ( 'NONE',  ( 0.000000000000000000, -1.000000000000000000, -1.092395136005546919E-16 ) ) ;
#7050 = EDGE_CURVE ( 'NONE', #4250, #7553, #6265, .T. ) ;
#7051 = LINE ( 'NONE', #5813, #5659 ) ;
#7052 = DIRECTION ( 'NONE',  ( -0.9396926207859084279, -0.3420201433256688794, 0.000000000000000000 ) ) ;
#7053 = AXIS2_PLACEMENT_3D ( 'NONE', #6271, #3153, #650 ) ;
#7054 = DIRECTION ( 'NONE',  ( -1.000000000000000000, -0.000000000000000000, 0.000000000000000000 ) ) ;
#7055 = ADVANCED_FACE ( 'NONE', ( #6842 ), #644, .F. ) ;
#7056 = EDGE_LOOP ( 'NONE', ( #3317, #4216, #3713, #1971 ) ) ;
#7057 = UNCERTAINTY_MEASURE_WITH_UNIT (LENGTH_MEASURE( 1.000000000000000082E-05 ), #1196, 'distance_accuracy_value', 'NONE');
#7058 = VERTEX_POINT ( 'NONE', #6138 ) ;
#7059 = ADVANCED_FACE ( 'NONE', ( #8044 ), #5607, .T. ) ;
#7060 = ORIENTED_EDGE ( 'NONE', *, *, #2598, .F. ) ;
#7061 = AXIS2_PLACEMENT_3D ( 'NONE', #6433, #1956, #7631 ) ;
#7062 = CARTESIAN_POINT ( 'NONE',  ( 0.3549999999999994271, 3.200000000000001954, -0.2049999999999996547 ) ) ;
#7063 = CARTESIAN_POINT ( 'NONE',  ( 9.457469475936957082, 13.64778554533645227, 2.249999999999999112 ) ) ;
#7064 = LINE ( 'NONE', #6443, #1283 ) ;
#7065 = DIRECTION ( 'NONE',  ( -0.000000000000000000, 1.000000000000000000, 2.184790272011093839E-16 ) ) ;
#7066 = CARTESIAN_POINT ( 'NONE',  ( -6.194999999999999396, -3.809999999999997389, 6.915000000000000924 ) ) ;
#7067 = ORIENTED_EDGE ( 'NONE', *, *, #379, .T. ) ;
#7068 = ADVANCED_FACE ( 'NONE', ( #5570 ), #4303, .F. ) ;
#7069 = DIRECTION ( 'NONE',  ( 0.3420201433256701562, 0.9396926207859078728, 1.026515648286830928E-16 ) ) ;
#7070 = DIRECTION ( 'NONE',  ( 0.000000000000000000, 0.000000000000000000, -1.000000000000000000 ) ) ;
#7071 = DIRECTION ( 'NONE',  ( 0.000000000000000000, -0.1736481776669237254, 0.9848077530122092416 ) ) ;
#7072 = DIRECTION ( 'NONE',  ( 0.000000000000000000, 0.000000000000000000, -1.000000000000000000 ) ) ;
#7073 = ORIENTED_EDGE ( 'NONE', *, *, #4979, .T. ) ;
#7074 = ORIENTED_EDGE ( 'NONE', *, *, #1589, .T. ) ;
#7075 = DIRECTION ( 'NONE',  ( 0.000000000000000000, 0.000000000000000000, 1.000000000000000000 ) ) ;
#7076 = CARTESIAN_POINT ( 'NONE',  ( -2.185000000000001386, -3.420504516109076132, 0.4049999999999998046 ) ) ;
#7077 = CARTESIAN_POINT ( 'NONE',  ( -7.775000000000001243, -3.969999999999997087, 1.834999999999999298 ) ) ;
#7078 = DIRECTION ( 'NONE',  ( -0.000000000000000000, 1.000000000000000000, -0.000000000000000000 ) ) ;
#7079 = DIRECTION ( 'NONE',  ( -0.000000000000000000, -0.000000000000000000, 1.000000000000000000 ) ) ;
#7080 = ORIENTED_EDGE ( 'NONE', *, *, #5060, .T. ) ;
#7081 = DIRECTION ( 'NONE',  ( 0.000000000000000000, 0.000000000000000000, 1.000000000000000000 ) ) ;
#7082 = AXIS2_PLACEMENT_3D ( 'NONE', #5719, #8085, #5034 ) ;
#7083 = ORIENTED_EDGE ( 'NONE', *, *, #6302, .F. ) ;
#7084 = EDGE_CURVE ( 'NONE', #4, #8047, #1167, .T. ) ;
#7085 = ORIENTED_EDGE ( 'NONE', *, *, #4101, .T. ) ;
#7086 = CARTESIAN_POINT ( 'NONE',  ( 7.264999999999999680, 1.935118803897821982, 0.4050000000000003042 ) ) ;
#7087 = CARTESIAN_POINT ( 'NONE',  ( 3.455000000000000515, 3.200000000000001954, 0.2050000000000000711 ) ) ;
#7088 = DIRECTION ( 'NONE',  ( -1.000000000000000000, -0.000000000000000000, -0.000000000000000000 ) ) ;
#7089 = ORIENTED_EDGE ( 'NONE', *, *, #4606, .F. ) ;
#7090 = CARTESIAN_POINT ( 'NONE',  ( -6.959999999999999964, 20.82000000000000028, -2.250000000000001332 ) ) ;
#7091 = VECTOR ( 'NONE', #7398, 1000.000000000000114 ) ;
#7092 = ORIENTED_EDGE ( 'NONE', *, *, #8129, .F. ) ;
#7093 = VERTEX_POINT ( 'NONE', #558 ) ;
#7094 = EDGE_LOOP ( 'NONE', ( #6836, #3763, #8115, #1275, #1209, #7902, #5264, #1581, #5819, #6213, #700, #6232 ) ) ;
#7095 = DIRECTION ( 'NONE',  ( 0.000000000000000000, 0.000000000000000000, 1.000000000000000000 ) ) ;
#7096 = CIRCLE ( 'NONE', #3559, 0.6099999999999985434 ) ;
#7097 = EDGE_CURVE ( 'NONE', #1225, #6794, #2454, .T. ) ;
#7098 = DIRECTION ( 'NONE',  ( -1.000000000000000000, -0.000000000000000000, 0.000000000000000000 ) ) ;
#7099 = DIRECTION ( 'NONE',  ( 0.000000000000000000, -0.1736481776669237809, 0.9848077530122092416 ) ) ;
#7100 = DIRECTION ( 'NONE',  ( 1.000000000000000000, 0.000000000000000000, 0.000000000000000000 ) ) ;
#7101 = LINE ( 'NONE', #7733, #212 ) ;
#7102 = ADVANCED_FACE ( 'NONE', ( #1869 ), #4379, .F. ) ;
#7103 = SURFACE_STYLE_USAGE ( .BOTH. , #5869 ) ;
#7104 = CIRCLE ( 'NONE', #4620, 0.6099999999999985434 ) ;
#7105 = CIRCLE ( 'NONE', #3566, 0.6099999999999997646 ) ;
#7106 = EDGE_CURVE ( 'NONE', #2677, #7540, #2035, .T. ) ;
#7107 = VERTEX_POINT ( 'NONE', #3882 ) ;
#7108 = EDGE_CURVE ( 'NONE', #2501, #1257, #7001, .T. ) ;
#7109 = CARTESIAN_POINT ( 'NONE',  ( 0.3549999999999994271, -3.420504516109076132, 2.244999999999999662 ) ) ;
#7110 = CARTESIAN_POINT ( 'NONE',  ( -9.045000000000001705, -3.809999999999997389, 6.915000000000000924 ) ) ;
#7111 = CARTESIAN_POINT ( 'NONE',  ( 9.245000000000000995, 1.334386074560374835, 0.2990746116231770002 ) ) ;
#7112 = LINE ( 'NONE', #3294, #5426 ) ;
#7113 = EDGE_CURVE ( 'NONE', #1162, #4213, #7754, .T. ) ;
#7114 = LINE ( 'NONE', #5151, #3956 ) ;
#7115 = ORIENTED_EDGE ( 'NONE', *, *, #2440, .T. ) ;
#7116 = ORIENTED_EDGE ( 'NONE', *, *, #3457, .T. ) ;
#7117 = DIRECTION ( 'NONE',  ( 0.000000000000000000, 0.000000000000000000, 1.000000000000000000 ) ) ;
#7118 = CARTESIAN_POINT ( 'NONE',  ( 2.894999999999999130, 1.935118803897821982, 0.4050000000000000822 ) ) ;
#7119 = DIRECTION ( 'NONE',  ( -1.000000000000000000, -0.000000000000000000, -0.000000000000000000 ) ) ;
#7120 = CARTESIAN_POINT ( 'NONE',  ( 0.9150000000000009237, -3.260504516109076434, 7.325000000000001066 ) ) ;
#7121 = CARTESIAN_POINT ( 'NONE',  ( 9.245000000000000995, 1.935118803897821982, -0.2049999999999994604 ) ) ;
#7122 = VERTEX_POINT ( 'NONE', #3928 ) ;
#7123 = DIRECTION ( 'NONE',  ( -0.000000000000000000, 1.000000000000000000, -0.000000000000000000 ) ) ;
#7124 = AXIS2_PLACEMENT_3D ( 'NONE', #4205, #462, #4172 ) ;
#7125 = VERTEX_POINT ( 'NONE', #2116 ) ;
#7126 = VERTEX_POINT ( 'NONE', #5243 ) ;
#7127 = VECTOR ( 'NONE', #4403, 1000.000000000000114 ) ;
#7128 = DIRECTION ( 'NONE',  ( -1.000000000000000000, -0.000000000000000000, -0.000000000000000000 ) ) ;
#7129 = FACE_OUTER_BOUND ( 'NONE', #580, .T. ) ;
#7130 = CARTESIAN_POINT ( 'NONE',  ( 2.894999999999999130, 3.200000000000001954, -0.2049999999999995437 ) ) ;
#7131 = ORIENTED_EDGE ( 'NONE', *, *, #3788, .T. ) ;
#7132 = DIRECTION ( 'NONE',  ( -0.9396926207859074287, 0.3420201433256714885, 0.000000000000000000 ) ) ;
#7133 = EDGE_CURVE ( 'NONE', #4194, #1739, #1991, .T. ) ;
#7134 = VECTOR ( 'NONE', #3740, 1000.000000000000000 ) ;
#7135 = ORIENTED_EDGE ( 'NONE', *, *, #625, .T. ) ;
#7136 = ORIENTED_EDGE ( 'NONE', *, *, #1680, .F. ) ;
#7137 = LINE ( 'NONE', #3984, #1998 ) ;
#7138 = EDGE_LOOP ( 'NONE', ( #5229, #4886, #5722, #2002 ) ) ;
#7139 = FACE_OUTER_BOUND ( 'NONE', #5634, .T. ) ;
#7140 = VECTOR ( 'NONE', #6519, 1000.000000000000000 ) ;
#7141 = CARTESIAN_POINT ( 'NONE',  ( 0.9150000000000009237, 0.000000000000000000, 6.915000000000001812 ) ) ;
#7142 = CARTESIAN_POINT ( 'NONE',  ( 3.965000000000000746, -3.809999999999997389, 7.325000000000001066 ) ) ;
#7143 = CARTESIAN_POINT ( 'NONE',  ( -0.1550000000000014977, -3.969999999999997087, 1.834999999999999520 ) ) ;
#7144 = FACE_BOUND ( 'NONE', #5521, .T. ) ;
#7145 =( NAMED_UNIT ( * ) PLANE_ANGLE_UNIT ( ) SI_UNIT ( $, .RADIAN. ) );
#7146 = AXIS2_PLACEMENT_3D ( 'NONE', #627, #2480, #6286 ) ;
#7147 = ORIENTED_EDGE ( 'NONE', *, *, #1278, .T. ) ;
#7148 = FACE_OUTER_BOUND ( 'NONE', #1870, .T. ) ;
#7149 = CARTESIAN_POINT ( 'NONE',  ( 7.264999999999999680, 3.200000000000001954, 0.2050000000000003209 ) ) ;
#7150 = LINE ( 'NONE', #7111, #2465 ) ;
#7151 = DIRECTION ( 'NONE',  ( 0.3420201433256701562, 0.9396926207859078728, 1.026515648286830928E-16 ) ) ;
#7152 = EDGE_CURVE ( 'NONE', #1554, #2325, #6108, .T. ) ;
#7153 = CARTESIAN_POINT ( 'NONE',  ( 7.974999999999999645, 0.000000000000000000, 2.245000000000000551 ) ) ;
#7154 = EDGE_CURVE ( 'NONE', #7647, #6726, #5808, .T. ) ;
#7155 = ORIENTED_EDGE ( 'NONE', *, *, #6937, .F. ) ;
#7156 = ORIENTED_EDGE ( 'NONE', *, *, #556, .F. ) ;
#7157 = ADVANCED_FACE ( 'NONE', ( #4543 ), #1415, .T. ) ;
#7158 = CARTESIAN_POINT ( 'NONE',  ( 3.455000000000000515, 1.334386074560374835, 0.2990746116231767782 ) ) ;
#7159 = ORIENTED_EDGE ( 'NONE', *, *, #6658, .F. ) ;
#7160 = CLOSED_SHELL ( 'NONE', ( #7360, #3124, #1921, #4490, #7380, #1620, #1703, #6748, #4186, #5056, #3143, #3390, #7823, #7880, #4530, #29 ) ) ;
#7161 = CARTESIAN_POINT ( 'NONE',  ( -6.505000000000000782, -3.809999999999997389, 7.325000000000000178 ) ) ;
#7162 = VECTOR ( 'NONE', #6470, 1000.000000000000000 ) ;
#7163 = DIRECTION ( 'NONE',  ( 0.000000000000000000, -0.000000000000000000, 1.000000000000000000 ) ) ;
#7164 = CARTESIAN_POINT ( 'NONE',  ( -8.534999999999998366, 3.200000000000001954, -0.2050000000000000988 ) ) ;
#7165 = CARTESIAN_POINT ( 'NONE',  ( -1.425000000000000933, -3.809999999999997389, 6.915000000000000924 ) ) ;
#7166 = VECTOR ( 'NONE', #3712, 1000.000000000000000 ) ;
#7167 = ORIENTED_EDGE ( 'NONE', *, *, #6798, .F. ) ;
#7168 = ORIENTED_EDGE ( 'NONE', *, *, #2743, .T. ) ;
#7169 = LINE ( 'NONE', #5209, #3279 ) ;
#7170 = DIRECTION ( 'NONE',  ( -1.000000000000000000, -0.000000000000000000, -0.000000000000000000 ) ) ;
#7171 = VECTOR ( 'NONE', #6693, 1000.000000000000000 ) ;
#7172 = CARTESIAN_POINT ( 'NONE',  ( -8.534999999999998366, 3.200000000000001954, 0.2049999999999995159 ) ) ;
#7173 = ORIENTED_EDGE ( 'NONE', *, *, #2243, .T. ) ;
#7174 = DIRECTION ( 'NONE',  ( 0.000000000000000000, -2.184790272011094332E-16, 1.000000000000000000 ) ) ;
#7175 = AXIS2_PLACEMENT_3D ( 'NONE', #3482, #6644, #1090 ) ;
#7176 = ORIENTED_EDGE ( 'NONE', *, *, #4133, .F. ) ;
#7177 = VERTEX_POINT ( 'NONE', #5281 ) ;
#7178 = EDGE_LOOP ( 'NONE', ( #453, #2581, #6399, #3112, #1322, #2414, #1811, #3756, #2371, #4638, #5336, #517 ) ) ;
#7179 = CARTESIAN_POINT ( 'NONE',  ( 4.165000000000000924, 1.738157253295379956, 0.3702703644666155425 ) ) ;
#7180 = EDGE_CURVE ( 'NONE', #1689, #1394, #801, .T. ) ;
#7181 = AXIS2_PLACEMENT_3D ( 'NONE', #5750, #125, #2637 ) ;
#7182 = DIRECTION ( 'NONE',  ( -1.000000000000000000, -0.000000000000000000, -0.000000000000000000 ) ) ;
#7183 = LINE ( 'NONE', #7731, #4179 ) ;
#7184 = CARTESIAN_POINT ( 'NONE',  ( 5.995000000000000107, 1.935118803897821982, -0.2049999999999995715 ) ) ;
#7185 = CARTESIAN_POINT ( 'NONE',  ( 2.184999999999999609, 3.200000000000001954, 0.2050000000000000711 ) ) ;
#7186 = DIRECTION ( 'NONE',  ( -1.000000000000000000, 0.000000000000000000, 0.000000000000000000 ) ) ;
#7187 = AXIS2_PLACEMENT_3D ( 'NONE', #4644, #2008, #7099 ) ;
#7188 = VERTEX_POINT ( 'NONE', #5202 ) ;
#7189 = EDGE_CURVE ( 'NONE', #205, #140, #3839, .T. ) ;
#7190 = DIRECTION ( 'NONE',  ( 0.000000000000000000, 0.000000000000000000, 1.000000000000000000 ) ) ;
#7191 = FILL_AREA_STYLE ('',( #4731 ) ) ;
#7192 = LINE ( 'NONE', #3376, #3640 ) ;
#7193 = PLANE ( 'NONE',  #6622 ) ;
#7194 = UNCERTAINTY_MEASURE_WITH_UNIT (LENGTH_MEASURE( 1.000000000000000082E-05 ), #1808, 'distance_accuracy_value', 'NONE');
#7195 = ORIENTED_EDGE ( 'NONE', *, *, #2830, .T. ) ;
#7196 = FACE_OUTER_BOUND ( 'NONE', #4076, .T. ) ;
#7197 = VERTEX_POINT ( 'NONE', #7799 ) ;
#7198 = EDGE_CURVE ( 'NONE', #3983, #6472, #2077, .T. ) ;
#7199 = EDGE_LOOP ( 'NONE', ( #7469, #3014, #3467, #3463 ) ) ;
#7200 = LINE ( 'NONE', #5965, #7517 ) ;
#7201 = CARTESIAN_POINT ( 'NONE',  ( 0.9150000000000009237, 3.200000000000001954, 0.2049999999999999600 ) ) ;
#7202 = LINE ( 'NONE', #2235, #4738 ) ;
#7203 = EDGE_CURVE ( 'NONE', #6803, #7520, #1452, .T. ) ;
#7204 = CARTESIAN_POINT ( 'NONE',  ( -0.9149999999999991473, 3.200000000000001954, -0.2049999999999997380 ) ) ;
#7205 = LINE ( 'NONE', #3474, #2843 ) ;
#7206 = DIRECTION ( 'NONE',  ( 0.000000000000000000, 0.000000000000000000, 1.000000000000000000 ) ) ;
#7207 = EDGE_CURVE ( 'NONE', #5971, #2645, #1372, .T. ) ;
#7208 = EDGE_LOOP ( 'NONE', ( #5492, #1932, #2262, #2228 ) ) ;
#7209 = DIRECTION ( 'NONE',  ( 0.000000000000000000, 0.000000000000000000, 1.000000000000000000 ) ) ;
#7210 = ORIENTED_EDGE ( 'NONE', *, *, #5495, .F. ) ;
#7211 = DIRECTION ( 'NONE',  ( 0.000000000000000000, -1.203554678059764900E-16, -1.000000000000000000 ) ) ;
#7212 = LINE ( 'NONE', #4245, #7140 ) ;
#7213 = CARTESIAN_POINT ( 'NONE',  ( -3.965000000000001634, -3.809999999999997389, 6.915000000000000924 ) ) ;
#7214 = ORIENTED_EDGE ( 'NONE', *, *, #4407, .T. ) ;
#7215 = FACE_OUTER_BOUND ( 'NONE', #1424, .T. ) ;
#7216 = VECTOR ( 'NONE', #7292, 1000.000000000000000 ) ;
#7217 = EDGE_CURVE ( 'NONE', #1417, #4866, #841, .T. ) ;
#7218 = ORIENTED_EDGE ( 'NONE', *, *, #732, .F. ) ;
#7219 = ORIENTED_EDGE ( 'NONE', *, *, #5035, .F. ) ;
#7220 = VERTEX_POINT ( 'NONE', #5162 ) ;
#7221 = DIRECTION ( 'NONE',  ( 0.000000000000000000, -1.000000000000000000, 0.000000000000000000 ) ) ;
#7222 = CIRCLE ( 'NONE', #2369, 0.6099999999999985434 ) ;
#7223 = DIRECTION ( 'NONE',  ( 0.000000000000000000, 0.000000000000000000, 1.000000000000000000 ) ) ;
#7224 = DIRECTION ( 'NONE',  ( -0.000000000000000000, 1.000000000000000000, 0.000000000000000000 ) ) ;
#7225 =( NAMED_UNIT ( * ) SI_UNIT ( $, .STERADIAN. ) SOLID_ANGLE_UNIT ( ) );
#7226 = EDGE_LOOP ( 'NONE', ( #2991, #4106, #1142, #6907 ) ) ;
#7227 = ORIENTED_EDGE ( 'NONE', *, *, #4305, .F. ) ;
#7228 = VECTOR ( 'NONE', #1034, 1000.000000000000114 ) ;
#7229 = AXIS2_PLACEMENT_3D ( 'NONE', #6708, #958, #6046 ) ;
#7230 = DIRECTION ( 'NONE',  ( -1.000000000000000000, -0.000000000000000000, -0.000000000000000000 ) ) ;
#7231 = CARTESIAN_POINT ( 'NONE',  ( -4.725000000000001421, -3.420504516109076132, 2.244999999999999662 ) ) ;
#7232 = CARTESIAN_POINT ( 'NONE',  ( 0.3549999999999994271, 3.200000000000001954, 0.2049999999999999600 ) ) ;
#7233 = DIRECTION ( 'NONE',  ( -1.000000000000000000, -0.000000000000000000, -0.000000000000000000 ) ) ;
#7234 = EDGE_CURVE ( 'NONE', #8121, #7715, #718, .T. ) ;
#7235 = AXIS2_PLACEMENT_3D ( 'NONE', #2840, #5994, #5381 ) ;
#7236 = AXIS2_PLACEMENT_3D ( 'NONE', #1525, #293, #5386 ) ;
#7237 = EDGE_LOOP ( 'NONE', ( #1790, #1151, #546, #4628 ) ) ;
#7238 = DIRECTION ( 'NONE',  ( 1.000000000000000000, 0.000000000000000000, 0.000000000000000000 ) ) ;
#7239 = EDGE_CURVE ( 'NONE', #7742, #482, #141, .T. ) ;
#7240 = ORIENTED_EDGE ( 'NONE', *, *, #2686, .F. ) ;
#7241 = VERTEX_POINT ( 'NONE', #2617 ) ;
#7242 = CARTESIAN_POINT ( 'NONE',  ( -9.244999999999999218, -3.260504516109076434, 7.325000000000000178 ) ) ;
#7243 = VECTOR ( 'NONE', #7182, 1000.000000000000000 ) ;
#7244 = PLANE ( 'NONE',  #2311 ) ;
#7245 = DIRECTION ( 'NONE',  ( 0.3420201433256687684, -0.9396926207859083169, 0.000000000000000000 ) ) ;
#7246 = LINE ( 'NONE', #5968, #445 ) ;
#7247 = CARTESIAN_POINT ( 'NONE',  ( -4.725000000000001421, 1.935118803897821982, 0.2049999999999994327 ) ) ;
#7248 = LINE ( 'NONE', #7881, #3752 ) ;
#7249 = VERTEX_POINT ( 'NONE', #225 ) ;
#7250 = PLANE ( 'NONE',  #4010 ) ;
#7251 = ORIENTED_EDGE ( 'NONE', *, *, #7415, .F. ) ;
#7252 = LINE ( 'NONE', #396, #3669 ) ;
#7253 = CARTESIAN_POINT ( 'NONE',  ( 7.974999999999999645, 0.000000000000000000, 1.835000000000000853 ) ) ;
#7254 = ORIENTED_EDGE ( 'NONE', *, *, #7480, .F. ) ;
#7255 = EDGE_CURVE ( 'NONE', #1463, #7016, #882, .T. ) ;
#7256 = CARTESIAN_POINT ( 'NONE',  ( -10.00999999999999979, 13.64778554533645227, 2.249999999999998668 ) ) ;
#7257 = VECTOR ( 'NONE', #7117, 1000.000000000000000 ) ;
#7258 = ORIENTED_EDGE ( 'NONE', *, *, #7106, .F. ) ;
#7259 = ADVANCED_FACE ( 'NONE', ( #6513 ), #5763, .F. ) ;
#7260 = EDGE_LOOP ( 'NONE', ( #5861, #904, #7599, #3620, #7335, #344 ) ) ;
#7261 = CARTESIAN_POINT ( 'NONE',  ( -0.000000000000000000, 0.003200000000000002322, -0.000000000000000000 ) ) ;
#7262 = ORIENTED_EDGE ( 'NONE', *, *, #328, .T. ) ;
#7263 = DIRECTION ( 'NONE',  ( 0.000000000000000000, 0.000000000000000000, -1.000000000000000000 ) ) ;
#7264 = ADVANCED_FACE ( 'NONE', ( #5323 ), #6677, .F. ) ;
#7265 = EDGE_CURVE ( 'NONE', #4265, #8103, #1695, .T. ) ;
#7266 = CARTESIAN_POINT ( 'NONE',  ( 4.724999999999999645, 0.000000000000000000, 1.635000000000000675 ) ) ;
#7267 = LINE ( 'NONE', #942, #5822 ) ;
#7268 = AXIS2_PLACEMENT_3D ( 'NONE', #4779, #2964, #2887 ) ;
#7269 = CARTESIAN_POINT ( 'NONE',  ( 6.705000000000000959, 1.935118803897821982, -0.2049999999999995715 ) ) ;
#7270 = SURFACE_STYLE_USAGE ( .BOTH. , #903 ) ;
#7271 = ORIENTED_EDGE ( 'NONE', *, *, #2045, .T. ) ;
#7272 = ORIENTED_EDGE ( 'NONE', *, *, #4328, .T. ) ;
#7273 = CYLINDRICAL_SURFACE ( 'NONE', #7488, 0.2000000000000003164 ) ;
#7274 = FACE_OUTER_BOUND ( 'NONE', #5932, .T. ) ;
#7275 = CARTESIAN_POINT ( 'NONE',  ( -1.624999999999999778, 3.200000000000001954, 0.2049999999999998490 ) ) ;
#7276 = LINE ( 'NONE', #6699, #5305 ) ;
#7277 = VECTOR ( 'NONE', #393, 1000.000000000000000 ) ;
#7278 = PRESENTATION_STYLE_ASSIGNMENT (( #5917 ) ) ;
#7279 = ORIENTED_EDGE ( 'NONE', *, *, #4204, .T. ) ;
#7280 = DIRECTION ( 'NONE',  ( -0.000000000000000000, 1.000000000000000000, 0.000000000000000000 ) ) ;
#7281 = PLANE ( 'NONE',  #2445 ) ;
#7282 = CARTESIAN_POINT ( 'NONE',  ( 2.184999999999999609, 3.200000000000001954, 0.2050000000000000711 ) ) ;
#7283 = EDGE_CURVE ( 'NONE', #1052, #4752, #5482, .T. ) ;
#7284 = FACE_OUTER_BOUND ( 'NONE', #1247, .T. ) ;
#7285 = CARTESIAN_POINT ( 'NONE',  ( -0.9149999999999991473, -3.809999999999997389, 7.325000000000000178 ) ) ;
#7286 = CARTESIAN_POINT ( 'NONE',  ( 8.535000000000000142, 0.000000000000000000, 6.915000000000001812 ) ) ;
#7287 = CIRCLE ( 'NONE', #1521, 0.6099999999999989875 ) ;
#7288 = ORIENTED_EDGE ( 'NONE', *, *, #1579, .T. ) ;
#7289 = VECTOR ( 'NONE', #7622, 1000.000000000000000 ) ;
#7290 = LINE ( 'NONE', #2903, #849 ) ;
#7291 = EDGE_LOOP ( 'NONE', ( #3276, #832, #1451, #3031 ) ) ;
#7292 = DIRECTION ( 'NONE',  ( -0.000000000000000000, 1.000000000000000000, 2.184790272011093839E-16 ) ) ;
#7293 = CARTESIAN_POINT ( 'NONE',  ( 6.705000000000000959, 3.200000000000001954, 0.2050000000000002098 ) ) ;
#7294 = LINE ( 'NONE', #1671, #3766 ) ;
#7295 = CIRCLE ( 'NONE', #6905, 0.2000000000000002609 ) ;
#7296 = PRODUCT ( 'NDL15', 'NDL15', '', ( #1556 ) ) ;
#7297 = VERTEX_POINT ( 'NONE', #7956 ) ;
#7298 = ORIENTED_EDGE ( 'NONE', *, *, #340, .F. ) ;
#7299 = ORIENTED_EDGE ( 'NONE', *, *, #3840, .T. ) ;
#7300 = EDGE_CURVE ( 'NONE', #2868, #1043, #4791, .T. ) ;
#7301 = FACE_OUTER_BOUND ( 'NONE', #5130, .T. ) ;
#7302 = AXIS2_PLACEMENT_3D ( 'NONE', #7333, #6063, #4145 ) ;
#7303 = CARTESIAN_POINT ( 'NONE',  ( 7.974999999999999645, 0.000000000000000000, 1.635000000000000897 ) ) ;
#7304 = EDGE_CURVE ( 'NONE', #7872, #1259, #4056, .T. ) ;
#7305 = FACE_OUTER_BOUND ( 'NONE', #7766, .T. ) ;
#7306 = VECTOR ( 'NONE', #6344, 1000.000000000000000 ) ;
#7307 = CARTESIAN_POINT ( 'NONE',  ( 3.455000000000000515, 0.000000000000000000, 7.325000000000001066 ) ) ;
#7308 = ADVANCED_FACE ( 'NONE', ( #4212 ), #6636, .T. ) ;
#7309 = EDGE_CURVE ( 'NONE', #1095, #7889, #7248, .T. ) ;
#7310 = ORIENTED_EDGE ( 'NONE', *, *, #576, .T. ) ;
#7311 = AXIS2_PLACEMENT_3D ( 'NONE', #5310, #7828, #2848 ) ;
#7312 = CARTESIAN_POINT ( 'NONE',  ( 2.184999999999999609, 3.200000000000001954, 0.2050000000000000711 ) ) ;
#7313 = FACE_OUTER_BOUND ( 'NONE', #6491, .T. ) ;
#7314 = CARTESIAN_POINT ( 'NONE',  ( 7.974999999999999645, -3.420504516109076132, 1.835000000000000187 ) ) ;
#7315 = CARTESIAN_POINT ( 'NONE',  ( 2.184999999999999609, 0.000000000000000000, 2.245000000000000107 ) ) ;
#7316 = AXIS2_PLACEMENT_3D ( 'NONE', #3324, #5866, #244 ) ;
#7317 = LINE ( 'NONE', #7153, #5397 ) ;
#7318 = ADVANCED_FACE ( 'NONE', ( #918 ), #6091, .F. ) ;
#7319 = ORIENTED_EDGE ( 'NONE', *, *, #1833, .F. ) ;
#7320 = CARTESIAN_POINT ( 'NONE',  ( -7.265000000000000568, 1.935118803897821982, 0.4049999999999995826 ) ) ;
#7321 = CARTESIAN_POINT ( 'NONE',  ( -3.454999999999999627, -3.260504516109076434, 6.915000000000000924 ) ) ;
#7322 = LINE ( 'NONE', #5320, #1319 ) ;
#7323 = CARTESIAN_POINT ( 'NONE',  ( -0.3550000000000002598, 3.200000000000001954, 0.2049999999999999600 ) ) ;
#7324 = CARTESIAN_POINT ( 'NONE',  ( 6.705000000000000959, 3.200000000000001954, 0.2050000000000002098 ) ) ;
#7325 = VERTEX_POINT ( 'NONE', #5440 ) ;
#7326 = FACE_OUTER_BOUND ( 'NONE', #4879, .T. ) ;
#7327 = ORIENTED_EDGE ( 'NONE', *, *, #4709, .T. ) ;
#7328 = CARTESIAN_POINT ( 'NONE',  ( 3.455000000000000515, -3.260504516109076434, 7.325000000000001066 ) ) ;
#7329 = ORIENTED_EDGE ( 'NONE', *, *, #1074, .F. ) ;
#7330 = DIRECTION ( 'NONE',  ( -0.000000000000000000, 0.000000000000000000, 1.000000000000000000 ) ) ;
#7331 = DIRECTION ( 'NONE',  ( 0.000000000000000000, -0.1736481776669237254, 0.9848077530122092416 ) ) ;
#7332 = CYLINDRICAL_SURFACE ( 'NONE', #7175, 0.6099999999999985434 ) ;
#7333 = CARTESIAN_POINT ( 'NONE',  ( -7.265000000000000568, 3.200000000000001954, 0.2049999999999996270 ) ) ;
#7334 = ADVANCED_FACE ( 'NONE', ( #7326 ), #468, .T. ) ;
#7335 = ORIENTED_EDGE ( 'NONE', *, *, #5993, .F. ) ;
#7336 = ORIENTED_EDGE ( 'NONE', *, *, #2946, .F. ) ;
#7337 = ORIENTED_EDGE ( 'NONE', *, *, #3951, .F. ) ;
#7338 = DIRECTION ( 'NONE',  ( 0.000000000000000000, -0.6000354452533959160, 0.7999734148329924466 ) ) ;
#7339 = AXIS2_PLACEMENT_3D ( 'NONE', #2166, #4672, #1548 ) ;
#7340 = CARTESIAN_POINT ( 'NONE',  ( -7.265000000000000568, 0.000000000000000000, 1.835000000000000187 ) ) ;
#7341 = CARTESIAN_POINT ( 'NONE',  ( -0.9149999999999991473, 3.200000000000001954, -0.2049999999999997380 ) ) ;
#7342 = DIRECTION ( 'NONE',  ( -1.000000000000000000, -0.000000000000000000, -0.000000000000000000 ) ) ;
#7343 = ORIENTED_EDGE ( 'NONE', *, *, #384, .T. ) ;
#7344 = AXIS2_PLACEMENT_3D ( 'NONE', #282, #4030, #4069 ) ;
#7345 = EDGE_CURVE ( 'NONE', #7544, #2979, #1044, .T. ) ;
#7346 = PLANE ( 'NONE',  #4478 ) ;
#7347 = EDGE_CURVE ( 'NONE', #5818, #356, #5401, .T. ) ;
#7348 = DIRECTION ( 'NONE',  ( 1.000000000000000000, 0.000000000000000000, -0.000000000000000000 ) ) ;
#7349 = CARTESIAN_POINT ( 'NONE',  ( -10.00999999999999979, 3.200000000000002398, -2.250000000000000888 ) ) ;
#7350 = EDGE_CURVE ( 'NONE', #3817, #1095, #7836, .T. ) ;
#7351 = VECTOR ( 'NONE', #626, 1000.000000000000000 ) ;
#7352 = VERTEX_POINT ( 'NONE', #2864 ) ;
#7353 = EDGE_CURVE ( 'NONE', #4957, #4987, #4178, .T. ) ;
#7354 = DIRECTION ( 'NONE',  ( 0.000000000000000000, 0.000000000000000000, 1.000000000000000000 ) ) ;
#7355 = CARTESIAN_POINT ( 'NONE',  ( 2.184999999999999609, 1.935118803897821982, 0.4050000000000000822 ) ) ;
#7356 = DIRECTION ( 'NONE',  ( 1.000000000000000000, 0.000000000000000000, -0.000000000000000000 ) ) ;
#7357 = EDGE_CURVE ( 'NONE', #1133, #1871, #2977, .T. ) ;
#7358 = PRESENTATION_LAYER_ASSIGNMENT (  '', '', ( #1324 ) ) ;
#7359 = VECTOR ( 'NONE', #7906, 1000.000000000000000 ) ;
#7360 = ADVANCED_FACE ( 'NONE', ( #1578 ), #429, .F. ) ;
#7361 = FACE_OUTER_BOUND ( 'NONE', #2842, .T. ) ;
#7362 = FACE_OUTER_BOUND ( 'NONE', #2613, .T. ) ;
#7363 = PLANE ( 'NONE',  #5464 ) ;
#7364 = VERTEX_POINT ( 'NONE', #7165 ) ;
#7365 = VERTEX_POINT ( 'NONE', #4708 ) ;
#7366 = CARTESIAN_POINT ( 'NONE',  ( -8.534999999999998366, -3.260504516109076434, 0.4049999999999996936 ) ) ;
#7367 = STYLED_ITEM ( 'NONE', ( #4074 ), #7824 ) ;
#7368 = AXIS2_PLACEMENT_3D ( 'NONE', #696, #73, #4600 ) ;
#7369 = EDGE_LOOP ( 'NONE', ( #1215, #844, #4188, #447, #7023, #195 ) ) ;
#7370 = CYLINDRICAL_SURFACE ( 'NONE', #7012, 0.6099999999999985434 ) ;
#7371 = VERTEX_POINT ( 'NONE', #4095 ) ;
#7372 = PLANE ( 'NONE',  #5764 ) ;
#7373 = DIRECTION ( 'NONE',  ( 0.000000000000000000, -0.000000000000000000, -1.000000000000000000 ) ) ;
#7374 = DIRECTION ( 'NONE',  ( -1.000000000000000000, -0.000000000000000000, -0.000000000000000000 ) ) ;
#7375 = CARTESIAN_POINT ( 'NONE',  ( -3.454999999999999627, 0.000000000000000000, 7.325000000000000178 ) ) ;
#7376 = EDGE_LOOP ( 'NONE', ( #4059, #6819, #2129, #1166 ) ) ;
#7377 = ORIENTED_EDGE ( 'NONE', *, *, #7255, .F. ) ;
#7378 = ORIENTED_EDGE ( 'NONE', *, *, #4833, .T. ) ;
#7379 = CARTESIAN_POINT ( 'NONE',  ( -7.265000000000000568, -3.969999999999997087, 2.244999999999999218 ) ) ;
#7380 = ADVANCED_FACE ( 'NONE', ( #3475 ), #5673, .T. ) ;
#7381 = DIRECTION ( 'NONE',  ( 1.000000000000000000, 0.000000000000000000, 0.000000000000000000 ) ) ;
#7382 = DIRECTION ( 'NONE',  ( 0.000000000000000000, 0.000000000000000000, -1.000000000000000000 ) ) ;
#7383 = AXIS2_PLACEMENT_3D ( 'NONE', #2109, #6419, #7075 ) ;
#7384 = CARTESIAN_POINT ( 'NONE',  ( 4.165000000000000924, 0.000000000000000000, 7.325000000000001066 ) ) ;
#7385 = VERTEX_POINT ( 'NONE', #7531 ) ;
#7386 = VERTEX_POINT ( 'NONE', #8116 ) ;
#7387 = DIRECTION ( 'NONE',  ( 0.000000000000000000, 0.000000000000000000, 1.000000000000000000 ) ) ;
#7388 = ORIENTED_EDGE ( 'NONE', *, *, #7721, .T. ) ;
#7389 = AXIS2_PLACEMENT_3D ( 'NONE', #2276, #4088, #6588 ) ;
#7390 = DIRECTION ( 'NONE',  ( -1.000000000000000000, -0.000000000000000000, -0.000000000000000000 ) ) ;
#7391 = DIRECTION ( 'NONE',  ( -0.000000000000000000, 0.6000354452533958050, -0.7999734148329924466 ) ) ;
#7392 = CARTESIAN_POINT ( 'NONE',  ( 0.9150000000000009237, 0.000000000000000000, 6.915000000000001812 ) ) ;
#7393 = VECTOR ( 'NONE', #1188, 1000.000000000000000 ) ;
#7394 = EDGE_LOOP ( 'NONE', ( #2141, #2379, #3697, #6704 ) ) ;
#7395 = CARTESIAN_POINT ( 'NONE',  ( -7.265000000000000568, 1.775124120931223182, 0.2849929109493202772 ) ) ;
#7396 = DIRECTION ( 'NONE',  ( 0.000000000000000000, 0.000000000000000000, -1.000000000000000000 ) ) ;
#7397 = ADVANCED_FACE ( 'NONE', ( #1246 ), #1900, .F. ) ;
#7398 = DIRECTION ( 'NONE',  ( -0.000000000000000000, 0.1736481776669237531, -0.9848077530122092416 ) ) ;
#7399 = CARTESIAN_POINT ( 'NONE',  ( 4.724999999999999645, 3.200000000000001954, 0.2050000000000002098 ) ) ;
#7400 = CYLINDRICAL_SURFACE ( 'NONE', #3067, 0.6099999999999992095 ) ;
#7401 = FACE_OUTER_BOUND ( 'NONE', #3336, .T. ) ;
#7402 = EDGE_CURVE ( 'NONE', #1160, #205, #2527, .T. ) ;
#7403 = CARTESIAN_POINT ( 'NONE',  ( 5.434999999999998721, 3.200000000000001954, 0.2050000000000002098 ) ) ;
#7404 = EDGE_CURVE ( 'NONE', #2165, #2206, #7489, .T. ) ;
#7405 = EDGE_CURVE ( 'NONE', #4502, #1342, #3489, .T. ) ;
#7406 = ORIENTED_EDGE ( 'NONE', *, *, #909, .F. ) ;
#7407 = DIRECTION ( 'NONE',  ( 0.000000000000000000, 1.000000000000000000, 1.092395136005547166E-16 ) ) ;
#7408 = ORIENTED_EDGE ( 'NONE', *, *, #3292, .T. ) ;
#7409 = DIRECTION ( 'NONE',  ( 0.000000000000000000, -1.000000000000000000, 0.000000000000000000 ) ) ;
#7410 = CARTESIAN_POINT ( 'NONE',  ( 2.894999999999999130, -3.420504516109076132, 2.244999999999999662 ) ) ;
#7411 = FACE_OUTER_BOUND ( 'NONE', #6856, .T. ) ;
#7412 = FACE_OUTER_BOUND ( 'NONE', #6990, .T. ) ;
#7413 = AXIS2_PLACEMENT_3D ( 'NONE', #7044, #3389, #4586 ) ;
#7414 = VERTEX_POINT ( 'NONE', #5 ) ;
#7415 = EDGE_CURVE ( 'NONE', #5788, #7364, #1771, .T. ) ;
#7416 = ORIENTED_EDGE ( 'NONE', *, *, #7858, .T. ) ;
#7417 = ORIENTED_EDGE ( 'NONE', *, *, #7662, .T. ) ;
#7418 = PLANE ( 'NONE',  #3678 ) ;
#7419 = CLOSED_SHELL ( 'NONE', ( #3601, #6621, #3892, #1306, #7059, #6096, #4550, #6197, #6505, #5655, #4541, #2237, #2148, #202, #1880, #7507 ) ) ;
#7420 = VECTOR ( 'NONE', #6830, 1000.000000000000000 ) ;
#7421 = FACE_OUTER_BOUND ( 'NONE', #1325, .T. ) ;
#7422 = CARTESIAN_POINT ( 'NONE',  ( -2.185000000000001386, 0.000000000000000000, 1.635000000000000453 ) ) ;
#7423 = CARTESIAN_POINT ( 'NONE',  ( 7.974999999999999645, 0.000000000000000000, 2.245000000000000551 ) ) ;
#7424 = EDGE_LOOP ( 'NONE', ( #7319, #1775, #6437, #1510, #1446, #3184, #2967, #1134, #290, #6575, #6154, #536 ) ) ;
#7425 = ORIENTED_EDGE ( 'NONE', *, *, #3975, .T. ) ;
#7426 = VECTOR ( 'NONE', #5732, 1000.000000000000000 ) ;
#7427 = LINE ( 'NONE', #1920, #6597 ) ;
#7428 = ORIENTED_EDGE ( 'NONE', *, *, #2133, .T. ) ;
#7429 = VECTOR ( 'NONE', #2907, 1000.000000000000000 ) ;
#7430 = DIRECTION ( 'NONE',  ( 0.000000000000000000, -1.000000000000000000, -1.285735975631406781E-16 ) ) ;
#7431 = FACE_OUTER_BOUND ( 'NONE', #7394, .T. ) ;
#7432 = DIRECTION ( 'NONE',  ( -0.3420201433256713774, -0.9396926207859073177, -0.000000000000000000 ) ) ;
#7433 = VERTEX_POINT ( 'NONE', #6917 ) ;
#7434 = VECTOR ( 'NONE', #7677, 1000.000000000000114 ) ;
#7435 = EDGE_LOOP ( 'NONE', ( #7865, #7990, #3262, #4949 ) ) ;
#7436 = AXIS2_PLACEMENT_3D ( 'NONE', #4889, #7390, #6776 ) ;
#7437 = ORIENTED_EDGE ( 'NONE', *, *, #6883, .F. ) ;
#7438 = ADVANCED_FACE ( 'NONE', ( #4252 ), #6168, .F. ) ;
#7439 = FACE_OUTER_BOUND ( 'NONE', #1927, .T. ) ;
#7440 = CARTESIAN_POINT ( 'NONE',  ( 4.165000000000000924, 0.000000000000000000, 6.915000000000001812 ) ) ;
#7441 = CARTESIAN_POINT ( 'NONE',  ( 7.974999999999999645, 0.000000000000000000, 1.835000000000000409 ) ) ;
#7442 = CARTESIAN_POINT ( 'NONE',  ( 4.165000000000000924, -3.809999999999997389, 7.325000000000001066 ) ) ;
#7443 = DIRECTION ( 'NONE',  ( 0.000000000000000000, 0.000000000000000000, 1.000000000000000000 ) ) ;
#7444 = VECTOR ( 'NONE', #5378, 1000.000000000000114 ) ;
#7445 = FACE_OUTER_BOUND ( 'NONE', #1706, .T. ) ;
#7446 = CARTESIAN_POINT ( 'NONE',  ( -7.974999999999999645, 0.000000000000000000, 1.835000000000000187 ) ) ;
#7447 = EDGE_CURVE ( 'NONE', #4782, #1596, #6747, .T. ) ;
#7448 = VECTOR ( 'NONE', #737, 1000.000000000000000 ) ;
#7449 = ORIENTED_EDGE ( 'NONE', *, *, #5936, .T. ) ;
#7450 = CARTESIAN_POINT ( 'NONE',  ( -6.704999999999999183, 0.000000000000000000, 7.325000000000000178 ) ) ;
#7451 = ADVANCED_FACE ( 'NONE', ( #4946 ), #1287, .F. ) ;
#7452 = VERTEX_POINT ( 'NONE', #3056 ) ;
#7453 = LINE ( 'NONE', #5074, #5647 ) ;
#7454 = CARTESIAN_POINT ( 'NONE',  ( 3.654999999999999361, -3.809999999999997389, 7.325000000000001066 ) ) ;
#7455 = EDGE_CURVE ( 'NONE', #3550, #3643, #6899, .T. ) ;
#7456 = DIRECTION ( 'NONE',  ( -1.000000000000000000, -0.000000000000000000, -0.000000000000000000 ) ) ;
#7457 = ORIENTED_EDGE ( 'NONE', *, *, #3749, .F. ) ;
#7458 = CYLINDRICAL_SURFACE ( 'NONE', #3897, 0.6099999999999998757 ) ;
#7459 = ADVANCED_FACE ( 'NONE', ( #3629 ), #6130, .T. ) ;
#7460 = ORIENTED_EDGE ( 'NONE', *, *, #4198, .T. ) ;
#7461 = ORIENTED_EDGE ( 'NONE', *, *, #4891, .T. ) ;
#7462 = VERTEX_POINT ( 'NONE', #5517 ) ;
#7463 = FACE_OUTER_BOUND ( 'NONE', #3681, .T. ) ;
#7464 = LINE ( 'NONE', #4349, #891 ) ;
#7465 = EDGE_CURVE ( 'NONE', #7700, #3435, #4370, .T. ) ;
#7466 = DIRECTION ( 'NONE',  ( 0.000000000000000000, 0.000000000000000000, 1.000000000000000000 ) ) ;
#7467 = CARTESIAN_POINT ( 'NONE',  ( -2.895000000000000906, 1.447135020849696474, 0.03897837839542846183 ) ) ;
#7468 = ORIENTED_EDGE ( 'NONE', *, *, #1390, .T. ) ;
#7469 = ORIENTED_EDGE ( 'NONE', *, *, #6450, .T. ) ;
#7470 = VECTOR ( 'NONE', #7069, 999.9999999999998863 ) ;
#7471 = VERTEX_POINT ( 'NONE', #8080 ) ;
#7472 = CARTESIAN_POINT ( 'NONE',  ( 5.434999999999998721, 1.447135020849696474, 0.03897837839542881572 ) ) ;
#7473 = FACE_OUTER_BOUND ( 'NONE', #234, .T. ) ;
#7474 = CARTESIAN_POINT ( 'NONE',  ( -2.895000000000000906, -3.420504516109077908, 1.834999999999999742 ) ) ;
#7475 = DIRECTION ( 'NONE',  ( -0.000000000000000000, -0.000000000000000000, 1.000000000000000000 ) ) ;
#7476 = VECTOR ( 'NONE', #1338, 1000.000000000000114 ) ;
#7477 = ORIENTED_EDGE ( 'NONE', *, *, #3642, .F. ) ;
#7478 = VERTEX_POINT ( 'NONE', #2401 ) ;
#7479 = DIRECTION ( 'NONE',  ( 0.000000000000000000, 0.000000000000000000, -1.000000000000000000 ) ) ;
#7480 = EDGE_CURVE ( 'NONE', #7220, #4456, #4905, .T. ) ;
#7481 = CARTESIAN_POINT ( 'NONE',  ( 4.165000000000000924, 3.200000000000001954, 0.2050000000000000711 ) ) ;
#7482 = DIRECTION ( 'NONE',  ( 0.000000000000000000, 0.000000000000000000, -1.000000000000000000 ) ) ;
#7483 = DIRECTION ( 'NONE',  ( -1.000000000000000000, -0.000000000000000000, -0.000000000000000000 ) ) ;
#7484 = EDGE_CURVE ( 'NONE', #5632, #6169, #1159, .T. ) ;
#7485 = CARTESIAN_POINT ( 'NONE',  ( 5.434999999999998721, 0.000000000000000000, 2.245000000000000551 ) ) ;
#7486 = PRESENTATION_LAYER_ASSIGNMENT (  '', '', ( #6435 ) ) ;
#7487 = EDGE_LOOP ( 'NONE', ( #6322, #2666, #8037, #7035 ) ) ;
#7488 = AXIS2_PLACEMENT_3D ( 'NONE', #4078, #7230, #1565 ) ;
#7489 = LINE ( 'NONE', #3794, #2047 ) ;
#7490 = VERTEX_POINT ( 'NONE', #4331 ) ;
#7491 = DIRECTION ( 'NONE',  ( 0.000000000000000000, 1.092395136005547166E-16, -1.000000000000000000 ) ) ;
#7492 = VECTOR ( 'NONE', #1566, 1000.000000000000114 ) ;
#7493 = ORIENTED_EDGE ( 'NONE', *, *, #730, .T. ) ;
#7494 = DIRECTION ( 'NONE',  ( 0.7071067811865513475, -0.7071067811865435759, 0.000000000000000000 ) ) ;
#7495 = FACE_OUTER_BOUND ( 'NONE', #5368, .T. ) ;
#7496 = LINE ( 'NONE', #676, #5341 ) ;
#7497 = ORIENTED_EDGE ( 'NONE', *, *, #5182, .F. ) ;
#7498 = CARTESIAN_POINT ( 'NONE',  ( 10.00999999999999979, 20.82000000000000028, -0.7000000000000002887 ) ) ;
#7499 = COLOUR_RGB ( '',0.7921568627450980005, 0.8196078431372548767, 0.9333333333333333481 ) ;
#7500 = VECTOR ( 'NONE', #3451, 1000.000000000000000 ) ;
#7501 = PRODUCT_DEFINITION_SHAPE ( 'NONE', 'NONE',  #6057 ) ;
#7502 = ORIENTED_EDGE ( 'NONE', *, *, #5857, .F. ) ;
#7503 = VERTEX_POINT ( 'NONE', #6832 ) ;
#7504 = ORIENTED_EDGE ( 'NONE', *, *, #4847, .T. ) ;
#7505 = CARTESIAN_POINT ( 'NONE',  ( -0.9149999999999991473, 1.738157253295379956, 0.3702703644666152649 ) ) ;
#7506 = VECTOR ( 'NONE', #5321, 1000.000000000000000 ) ;
#7507 = ADVANCED_FACE ( 'NONE', ( #591 ), #3098, .F. ) ;
#7508 = FACE_OUTER_BOUND ( 'NONE', #6097, .T. ) ;
#7509 = CARTESIAN_POINT ( 'NONE',  ( 9.245000000000000995, -3.260504516109076434, 0.4050000000000005262 ) ) ;
#7510 = DIRECTION ( 'NONE',  ( -1.000000000000000000, -0.000000000000000000, -0.000000000000000000 ) ) ;
#7511 = EDGE_CURVE ( 'NONE', #5273, #1017, #1487, .T. ) ;
#7512 = VERTEX_POINT ( 'NONE', #1943 ) ;
#7513 = EDGE_CURVE ( 'NONE', #4727, #3155, #3829, .T. ) ;
#7514 = DIRECTION ( 'NONE',  ( -1.000000000000000000, -0.000000000000000000, -0.000000000000000000 ) ) ;
#7515 = EDGE_CURVE ( 'NONE', #4171, #8103, #6335, .T. ) ;
#7516 = ORIENTED_EDGE ( 'NONE', *, *, #6950, .F. ) ;
#7517 = VECTOR ( 'NONE', #1690, 1000.000000000000000 ) ;
#7518 = CYLINDRICAL_SURFACE ( 'NONE', #4696, 0.6099999999999985434 ) ;
#7519 = DIRECTION ( 'NONE',  ( -0.000000000000000000, 1.000000000000000000, -4.011848926865882589E-17 ) ) ;
#7520 = VERTEX_POINT ( 'NONE', #6459 ) ;
#7521 = VECTOR ( 'NONE', #3382, 1000.000000000000000 ) ;
#7522 = EDGE_LOOP ( 'NONE', ( #3872, #5111, #1972, #2749, #6339, #6411 ) ) ;
#7523 = AXIS2_PLACEMENT_3D ( 'NONE', #6331, #5065, #8076 ) ;
#7524 = DIRECTION ( 'NONE',  ( 0.000000000000000000, -0.6000354452533958050, 0.7999734148329924466 ) ) ;
#7525 = LINE ( 'NONE', #7481, #6576 ) ;
#7526 = CARTESIAN_POINT ( 'NONE',  ( -6.704999999999999183, 3.200000000000001954, -0.2049999999999999878 ) ) ;
#7527 = DIRECTION ( 'NONE',  ( 0.3420201433256687684, -0.9396926207859083169, 0.000000000000000000 ) ) ;
#7528 = CARTESIAN_POINT ( 'NONE',  ( 4.165000000000000924, 0.000000000000000000, 6.915000000000001812 ) ) ;
#7529 = VERTEX_POINT ( 'NONE', #5831 ) ;
#7530 = VECTOR ( 'NONE', #2926, 1000.000000000000114 ) ;
#7531 = CARTESIAN_POINT ( 'NONE',  ( -1.905000000000000027, 18.03000000000000114, -0.6999999999999990674 ) ) ;
#7532 = ORIENTED_EDGE ( 'NONE', *, *, #2820, .T. ) ;
#7533 = EDGE_CURVE ( 'NONE', #6327, #6792, #7114, .T. ) ;
#7534 = CARTESIAN_POINT ( 'NONE',  ( -9.708563902983383898, 3.200000000000002398, 0.2050000000000005984 ) ) ;
#7535 = ORIENTED_EDGE ( 'NONE', *, *, #689, .T. ) ;
#7536 = AXIS2_PLACEMENT_3D ( 'NONE', #6691, #2880, #1059 ) ;
#7537 = CARTESIAN_POINT ( 'NONE',  ( -8.534999999999998366, 1.738157253295379956, 0.3702703644666149319 ) ) ;
#7538 = FACE_OUTER_BOUND ( 'NONE', #3529, .T. ) ;
#7539 = CARTESIAN_POINT ( 'NONE',  ( 4.724999999999999645, -3.420504516109077908, 2.245000000000000107 ) ) ;
#7540 = VERTEX_POINT ( 'NONE', #7655 ) ;
#7541 = VERTEX_POINT ( 'NONE', #829 ) ;
#7542 = CARTESIAN_POINT ( 'NONE',  ( -6.959999999999999964, 20.82000000000000028, -0.6999999999999990674 ) ) ;
#7543 = VECTOR ( 'NONE', #7170, 1000.000000000000000 ) ;
#7544 = VERTEX_POINT ( 'NONE', #5796 ) ;
#7545 = EDGE_CURVE ( 'NONE', #5773, #35, #170, .T. ) ;
#7546 = ORIENTED_EDGE ( 'NONE', *, *, #276, .F. ) ;
#7547 = LINE ( 'NONE', #4504, #658 ) ;
#7548 = LINE ( 'NONE', #564, #3779 ) ;
#7549 = LINE ( 'NONE', #7423, #2978 ) ;
#7550 = ADVANCED_FACE ( 'NONE', ( #1981 ), #5234, .F. ) ;
#7551 = VERTEX_POINT ( 'NONE', #2024 ) ;
#7552 = CARTESIAN_POINT ( 'NONE',  ( 5.995000000000000107, 1.935118803897821982, 0.4050000000000004152 ) ) ;
#7553 = VERTEX_POINT ( 'NONE', #7033 ) ;
#7554 = AXIS2_PLACEMENT_3D ( 'NONE', #8027, #5395, #1691 ) ;
#7555 = VECTOR ( 'NONE', #7840, 1000.000000000000114 ) ;
#7556 = EDGE_CURVE ( 'NONE', #2076, #149, #410, .T. ) ;
#7557 = FACE_OUTER_BOUND ( 'NONE', #2912, .T. ) ;
#7558 = CARTESIAN_POINT ( 'NONE',  ( 0.3549999999999994271, 0.000000000000000000, 2.245000000000000107 ) ) ;
#7559 = CARTESIAN_POINT ( 'NONE',  ( -5.994999999999998330, 1.334386074560374613, 0.2990746116231761120 ) ) ;
#7560 = ORIENTED_EDGE ( 'NONE', *, *, #683, .T. ) ;
#7561 = EDGE_CURVE ( 'NONE', #312, #1292, #2106, .T. ) ;
#7562 = CARTESIAN_POINT ( 'NONE',  ( 1.625000000000001332, 3.200000000000001954, -0.2049999999999996547 ) ) ;
#7563 = AXIS2_PLACEMENT_3D ( 'NONE', #7938, #2345, #5380 ) ;
#7564 = VERTEX_POINT ( 'NONE', #3258 ) ;
#7565 = ORIENTED_EDGE ( 'NONE', *, *, #6903, .T. ) ;
#7566 = DIRECTION ( 'NONE',  ( -1.000000000000000000, -0.000000000000000000, -0.000000000000000000 ) ) ;
#7567 = CIRCLE ( 'NONE', #2197, 0.2000000000000003164 ) ;
#7568 = DIRECTION ( 'NONE',  ( -1.000000000000000000, -0.000000000000000000, -0.000000000000000000 ) ) ;
#7569 = LINE ( 'NONE', #3213, #6209 ) ;
#7570 = DIRECTION ( 'NONE',  ( 0.000000000000000000, 0.000000000000000000, -1.000000000000000000 ) ) ;
#7571 = ADVANCED_FACE ( 'NONE', ( #46 ), #1404, .F. ) ;
#7572 = VECTOR ( 'NONE', #6559, 1000.000000000000227 ) ;
#7573 = DIRECTION ( 'NONE',  ( 0.000000000000000000, -0.1736481776669237809, 0.9848077530122092416 ) ) ;
#7574 = ORIENTED_EDGE ( 'NONE', *, *, #4305, .T. ) ;
#7575 = LINE ( 'NONE', #8038, #961 ) ;
#7576 = ORIENTED_EDGE ( 'NONE', *, *, #4407, .F. ) ;
#7577 = STYLED_ITEM ( 'NONE', ( #1187 ), #5016 ) ;
#7578 = CARTESIAN_POINT ( 'NONE',  ( 7.974999999999999645, 3.200000000000001954, 0.2050000000000003209 ) ) ;
#7579 = CARTESIAN_POINT ( 'NONE',  ( -0.9149999999999991473, 1.738157253295379956, 0.3702703644666152649 ) ) ;
#7580 = LINE ( 'NONE', #2694, #1668 ) ;
#7581 = VERTEX_POINT ( 'NONE', #3379 ) ;
#7582 = CARTESIAN_POINT ( 'NONE',  ( 2.894999999999999130, -3.420504516109076132, 1.834999999999999964 ) ) ;
#7583 = ORIENTED_EDGE ( 'NONE', *, *, #6998, .F. ) ;
#7584 = ORIENTED_EDGE ( 'NONE', *, *, #6001, .T. ) ;
#7585 = DIRECTION ( 'NONE',  ( 0.000000000000000000, 0.000000000000000000, 1.000000000000000000 ) ) ;
#7586 = FILL_AREA_STYLE ('',( #3353 ) ) ;
#7587 = CARTESIAN_POINT ( 'NONE',  ( -0.9149999999999991473, 0.1969615506024410823, 6.749729635533386229 ) ) ;
#7588 = CARTESIAN_POINT ( 'NONE',  ( -3.965000000000001634, -3.809999999999997389, 7.325000000000000178 ) ) ;
#7589 = EDGE_CURVE ( 'NONE', #6264, #4048, #7771, .T. ) ;
#7590 = ORIENTED_EDGE ( 'NONE', *, *, #6558, .T. ) ;
#7591 = ORIENTED_EDGE ( 'NONE', *, *, #379, .F. ) ;
#7592 = LINE ( 'NONE', #896, #2658 ) ;
#7593 = ORIENTED_EDGE ( 'NONE', *, *, #2900, .T. ) ;
#7594 = LINE ( 'NONE', #7395, #3584 ) ;
#7595 = CARTESIAN_POINT ( 'NONE',  ( 8.535000000000000142, 1.935118803897821982, 0.4050000000000005262 ) ) ;
#7596 = DIRECTION ( 'NONE',  ( 0.000000000000000000, -0.6000354452533959160, 0.7999734148329924466 ) ) ;
#7597 = DIRECTION ( 'NONE',  ( 0.000000000000000000, 0.000000000000000000, 1.000000000000000000 ) ) ;
#7598 = CARTESIAN_POINT ( 'NONE',  ( 5.434999999999998721, -3.420504516109076132, 0.4050000000000001932 ) ) ;
#7599 = ORIENTED_EDGE ( 'NONE', *, *, #4959, .F. ) ;
#7600 = ORIENTED_EDGE ( 'NONE', *, *, #6427, .T. ) ;
#7601 = EDGE_CURVE ( 'NONE', #2028, #7018, #7698, .T. ) ;
#7602 = LINE ( 'NONE', #1315, #2444 ) ;
#7603 = CARTESIAN_POINT ( 'NONE',  ( 2.894999999999999130, 0.000000000000000000, 1.835000000000000187 ) ) ;
#7604 = LINE ( 'NONE', #1976, #6093 ) ;
#7605 = LINE ( 'NONE', #4657, #1885 ) ;
#7606 = EDGE_CURVE ( 'NONE', #2298, #3929, #4348, .T. ) ;
#7607 = CIRCLE ( 'NONE', #4077, 0.1999999999999996503 ) ;
#7608 = ORIENTED_EDGE ( 'NONE', *, *, #4006, .T. ) ;
#7609 = DIRECTION ( 'NONE',  ( 1.000000000000000000, 0.000000000000000000, -0.000000000000000000 ) ) ;
#7610 = ADVANCED_FACE ( 'NONE', ( #6989 ), #3873, .T. ) ;
#7611 = VERTEX_POINT ( 'NONE', #1442 ) ;
#7612 = EDGE_CURVE ( 'NONE', #4427, #3486, #5754, .T. ) ;
#7613 = VECTOR ( 'NONE', #5257, 1000.000000000000000 ) ;
#7614 = CARTESIAN_POINT ( 'NONE',  ( 10.00999999999999979, 3.451094427046426993, -2.250000000000000444 ) ) ;
#7615 = EDGE_CURVE ( 'NONE', #197, #6283, #2640, .T. ) ;
#7616 = EDGE_LOOP ( 'NONE', ( #3257, #7608, #3939, #4675, #320, #6481 ) ) ;
#7617 = DIRECTION ( 'NONE',  ( 0.000000000000000000, 0.000000000000000000, -1.000000000000000000 ) ) ;
#7618 = DIRECTION ( 'NONE',  ( 0.000000000000000000, 0.000000000000000000, 1.000000000000000000 ) ) ;
#7619 = LINE ( 'NONE', #6999, #5598 ) ;
#7620 = ORIENTED_EDGE ( 'NONE', *, *, #7511, .T. ) ;
#7621 = ORIENTED_EDGE ( 'NONE', *, *, #5182, .T. ) ;
#7622 = DIRECTION ( 'NONE',  ( -1.000000000000000000, -0.000000000000000000, -0.000000000000000000 ) ) ;
#7623 = VECTOR ( 'NONE', #7475, 1000.000000000000000 ) ;
#7624 = VECTOR ( 'NONE', #5512, 1000.000000000000114 ) ;
#7625 = VERTEX_POINT ( 'NONE', #2768 ) ;
#7626 = ORIENTED_EDGE ( 'NONE', *, *, #4114, .T. ) ;
#7627 = DIRECTION ( 'NONE',  ( 1.000000000000000000, 0.000000000000000000, 0.000000000000000000 ) ) ;
#7628 = CARTESIAN_POINT ( 'NONE',  ( 9.245000000000000995, -3.260504516109076434, 7.325000000000001066 ) ) ;
#7629 = MECHANICAL_DESIGN_GEOMETRIC_PRESENTATION_REPRESENTATION (  '', ( #6315 ), #17 ) ;
#7630 = MECHANICAL_DESIGN_GEOMETRIC_PRESENTATION_REPRESENTATION (  '', ( #6582 ), #5006 ) ;
#7631 = DIRECTION ( 'NONE',  ( 0.000000000000000000, -1.000000000000000000, -1.285735975631406781E-16 ) ) ;
#7632 = CARTESIAN_POINT ( 'NONE',  ( 4.165000000000000924, 1.935118803897821982, -0.2049999999999997102 ) ) ;
#7633 = ADVANCED_BREP_SHAPE_REPRESENTATION ( 'NDL15', ( #5166, #7983, #7750, #2331, #7853, #7953, #7824, #2491, #7783, #2573, #2560, #2289, #5016, #2422, #7812, #7736, #7765, #6849 ), #3049 ) ;
#7634 = EDGE_LOOP ( 'NONE', ( #3968, #6760, #7156, #3260 ) ) ;
#7635 = ORIENTED_EDGE ( 'NONE', *, *, #7556, .T. ) ;
#7636 = CARTESIAN_POINT ( 'NONE',  ( -0.9149999999999991473, -3.260504516109076434, 0.4050000000000000266 ) ) ;
#7637 =( GEOMETRIC_REPRESENTATION_CONTEXT ( 3 ) GLOBAL_UNCERTAINTY_ASSIGNED_CONTEXT ( ( #952 ) ) GLOBAL_UNIT_ASSIGNED_CONTEXT ( ( #6446, #116, #2098 ) ) REPRESENTATION_CONTEXT ( 'NONE', 'WORKASPACE' ) );
#7638 = AXIS2_PLACEMENT_3D ( 'NONE', #3699, #5504, #4276 ) ;
#7639 = ORIENTED_EDGE ( 'NONE', *, *, #2036, .F. ) ;
#7640 = CARTESIAN_POINT ( 'NONE',  ( 0.9150000000000009237, 1.935118803897821982, 0.4050000000000001932 ) ) ;
#7641 = EDGE_CURVE ( 'NONE', #5609, #6188, #7317, .T. ) ;
#7642 = CARTESIAN_POINT ( 'NONE',  ( -2.185000000000001386, 0.4879837830481246197, 2.001021621604571532 ) ) ;
#7643 = PLANE ( 'NONE',  #760 ) ;
#7644 = DIRECTION ( 'NONE',  ( 0.000000000000000000, 0.000000000000000000, 1.000000000000000000 ) ) ;
#7645 = CYLINDRICAL_SURFACE ( 'NONE', #944, 0.2000000000000002054 ) ;
#7646 = ORIENTED_EDGE ( 'NONE', *, *, #3087, .F. ) ;
#7647 = VERTEX_POINT ( 'NONE', #5272 ) ;
#7648 = VERTEX_POINT ( 'NONE', #2312 ) ;
#7649 = DIRECTION ( 'NONE',  ( -1.000000000000000000, -0.000000000000000000, -0.000000000000000000 ) ) ;
#7650 =( NAMED_UNIT ( * ) PLANE_ANGLE_UNIT ( ) SI_UNIT ( $, .RADIAN. ) );
#7651 = CARTESIAN_POINT ( 'NONE',  ( -2.895000000000000906, 3.200000000000001954, -0.2049999999999997380 ) ) ;
#7652 = CYLINDRICAL_SURFACE ( 'NONE', #2017, 0.2000000000000003164 ) ;
#7653 = ORIENTED_EDGE ( 'NONE', *, *, #2089, .T. ) ;
#7654 = AXIS2_PLACEMENT_3D ( 'NONE', #2403, #5519, #5031 ) ;
#7655 = CARTESIAN_POINT ( 'NONE',  ( -6.704999999999999183, 3.200000000000001954, -0.2049999999999999878 ) ) ;
#7656 = ORIENTED_EDGE ( 'NONE', *, *, #2524, .F. ) ;
#7657 = ADVANCED_FACE ( 'NONE', ( #6669 ), #4780, .F. ) ;
#7658 = VERTEX_POINT ( 'NONE', #3465 ) ;
#7659 = LINE ( 'NONE', #1491, #7521 ) ;
#7660 = ORIENTED_EDGE ( 'NONE', *, *, #5098, .T. ) ;
#7661 = DIRECTION ( 'NONE',  ( -0.000000000000000000, -0.000000000000000000, 1.000000000000000000 ) ) ;
#7662 = EDGE_CURVE ( 'NONE', #4380, #4987, #254, .T. ) ;
#7663 = LINE ( 'NONE', #1449, #1746 ) ;
#7664 = CIRCLE ( 'NONE', #7268, 0.1999999999999996503 ) ;
#7665 = LINE ( 'NONE', #2616, #5216 ) ;
#7666 = VERTEX_POINT ( 'NONE', #3506 ) ;
#7667 = ORIENTED_EDGE ( 'NONE', *, *, #7970, .T. ) ;
#7668 = CARTESIAN_POINT ( 'NONE',  ( 1.625000000000001332, 1.935118803897821982, 0.4050000000000001932 ) ) ;
#7669 = ADVANCED_FACE ( 'NONE', ( #6006 ), #7946, .F. ) ;
#7670 = VECTOR ( 'NONE', #5468, 1000.000000000000000 ) ;
#7671 = ORIENTED_EDGE ( 'NONE', *, *, #5840, .F. ) ;
#7672 = EDGE_LOOP ( 'NONE', ( #3866, #256, #6483, #1551 ) ) ;
#7673 = LINE ( 'NONE', #2041, #4458 ) ;
#7674 = DIRECTION ( 'NONE',  ( 1.000000000000000000, 0.000000000000000000, 0.000000000000000000 ) ) ;
#7675 = CARTESIAN_POINT ( 'NONE',  ( 6.194999999999999396, -3.809999999999997389, 7.325000000000001066 ) ) ;
#7676 = VECTOR ( 'NONE', #1624, 999.9999999999998863 ) ;
#7677 = DIRECTION ( 'NONE',  ( 0.000000000000000000, -0.1736481776669237254, 0.9848077530122092416 ) ) ;
#7678 = EDGE_CURVE ( 'NONE', #1237, #3550, #3420, .T. ) ;
#7679 = ORIENTED_EDGE ( 'NONE', *, *, #7207, .F. ) ;
#7680 = EDGE_LOOP ( 'NONE', ( #3347, #4916, #4848, #6351 ) ) ;
#7681 = LINE ( 'NONE', #5776, #2528 ) ;
#7682 = ORIENTED_EDGE ( 'NONE', *, *, #1982, .T. ) ;
#7683 = CARTESIAN_POINT ( 'NONE',  ( 4.724999999999999645, 0.000000000000000000, 2.245000000000000551 ) ) ;
#7684 = CARTESIAN_POINT ( 'NONE',  ( 6.959999999999999964, 20.82000000000000028, -2.250000000000001332 ) ) ;
#7685 = CARTESIAN_POINT ( 'NONE',  ( -4.725000000000001421, 3.200000000000001954, -0.2049999999999998490 ) ) ;
#7686 = CARTESIAN_POINT ( 'NONE',  ( -9.244999999999999218, 1.738157253295379956, 0.3702703644666149319 ) ) ;
#7687 = DIRECTION ( 'NONE',  ( -0.9396926207859078728, 0.3420201433256702117, 0.000000000000000000 ) ) ;
#7688 = VECTOR ( 'NONE', #2689, 1000.000000000000000 ) ;
#7689 = EDGE_LOOP ( 'NONE', ( #1185, #2499, #2079, #194 ) ) ;
#7690 = VECTOR ( 'NONE', #2696, 1000.000000000000227 ) ;
#7691 = CARTESIAN_POINT ( 'NONE',  ( -3.454999999999999627, 1.935118803897821982, 0.4049999999999999156 ) ) ;
#7692 = VECTOR ( 'NONE', #8148, 1000.000000000000000 ) ;
#7693 = DIRECTION ( 'NONE',  ( -1.000000000000000000, -0.000000000000000000, -0.000000000000000000 ) ) ;
#7694 = CARTESIAN_POINT ( 'NONE',  ( 5.995000000000000107, 3.200000000000001954, -0.2049999999999994049 ) ) ;
#7695 = VECTOR ( 'NONE', #2355, 1000.000000000000000 ) ;
#7696 = AXIS2_PLACEMENT_3D ( 'NONE', #7777, #2137, #6534 ) ;
#7697 = EDGE_LOOP ( 'NONE', ( #7761, #6460, #2286, #2338 ) ) ;
#7698 = LINE ( 'NONE', #3297, #4477 ) ;
#7699 = EDGE_CURVE ( 'NONE', #6142, #7648, #4126, .T. ) ;
#7700 = VERTEX_POINT ( 'NONE', #4659 ) ;
#7701 = VERTEX_POINT ( 'NONE', #5961 ) ;
#7702 = VECTOR ( 'NONE', #5009, 1000.000000000000114 ) ;
#7703 = DIRECTION ( 'NONE',  ( -1.000000000000000000, -0.000000000000000000, -0.000000000000000000 ) ) ;
#7704 = VERTEX_POINT ( 'NONE', #2853 ) ;
#7705 = LINE ( 'NONE', #2073, #797 ) ;
#7706 = CARTESIAN_POINT ( 'NONE',  ( 2.184999999999999609, 1.935118803897821982, 0.2049999999999997380 ) ) ;
#7707 = VECTOR ( 'NONE', #4995, 1000.000000000000000 ) ;
#7708 = DIRECTION ( 'NONE',  ( -1.000000000000000000, -0.000000000000000000, -0.000000000000000000 ) ) ;
#7709 = ADVANCED_FACE ( 'NONE', ( #7196 ), #1688, .F. ) ;
#7710 = ORIENTED_EDGE ( 'NONE', *, *, #2343, .F. ) ;
#7711 = CARTESIAN_POINT ( 'NONE',  ( -8.534999999999998366, 0.000000000000000000, 6.915000000000000924 ) ) ;
#7712 = ADVANCED_FACE ( 'NONE', ( #6701 ), #4737, .F. ) ;
#7713 = CIRCLE ( 'NONE', #2726, 0.1999999999999996503 ) ;
#7714 = ORIENTED_EDGE ( 'NONE', *, *, #3076, .F. ) ;
#7715 = VERTEX_POINT ( 'NONE', #2809 ) ;
#7716 = CARTESIAN_POINT ( 'NONE',  ( -10.00999999999999979, 14.00999999999999801, -2.250000000000000888 ) ) ;
#7717 = EDGE_CURVE ( 'NONE', #6391, #2740, #4202, .T. ) ;
#7718 = CARTESIAN_POINT ( 'NONE',  ( 1.625000000000001332, 1.738157253295379956, 0.3702703644666154315 ) ) ;
#7719 = CARTESIAN_POINT ( 'NONE',  ( -3.454999999999999627, 1.334386074560374613, 0.2990746116231762231 ) ) ;
#7720 = VECTOR ( 'NONE', #2417, 1000.000000000000000 ) ;
#7721 = EDGE_CURVE ( 'NONE', #1674, #6242, #4045, .T. ) ;
#7722 = DIRECTION ( 'NONE',  ( 0.000000000000000000, 0.000000000000000000, -1.000000000000000000 ) ) ;
#7723 = ORIENTED_EDGE ( 'NONE', *, *, #4830, .T. ) ;
#7724 = EDGE_CURVE ( 'NONE', #4557, #7125, #380, .T. ) ;
#7725 = ORIENTED_EDGE ( 'NONE', *, *, #3589, .F. ) ;
#7726 = CARTESIAN_POINT ( 'NONE',  ( 5.434999999999998721, 1.775124120931223182, 0.2849929109493208879 ) ) ;
#7727 = ORIENTED_EDGE ( 'NONE', *, *, #625, .F. ) ;
#7728 = CARTESIAN_POINT ( 'NONE',  ( -6.704999999999999183, 0.1969615506024410823, 6.749729635533386229 ) ) ;
#7729 = EDGE_CURVE ( 'NONE', #2661, #2037, #802, .T. ) ;
#7730 = DIRECTION ( 'NONE',  ( 1.000000000000000000, 0.000000000000000000, -0.000000000000000000 ) ) ;
#7731 = CARTESIAN_POINT ( 'NONE',  ( 10.00999999999999979, 17.77000000000003510, -2.250000000000001332 ) ) ;
#7732 = LINE ( 'NONE', #3246, #451 ) ;
#7733 = CARTESIAN_POINT ( 'NONE',  ( 6.705000000000000959, 3.200000000000001954, 0.2050000000000002098 ) ) ;
#7734 = PRESENTATION_STYLE_ASSIGNMENT (( #1929 ) ) ;
#7735 = ORIENTED_EDGE ( 'NONE', *, *, #172, .T. ) ;
#7736 = MANIFOLD_SOLID_BREP ( 'LPattern1[12]', #6107 ) ;
#7737 = CARTESIAN_POINT ( 'NONE',  ( -2.185000000000001386, 1.935118803897821982, 0.4049999999999998046 ) ) ;
#7738 = LINE ( 'NONE', #4611, #5916 ) ;
#7739 = FACE_OUTER_BOUND ( 'NONE', #3633, .T. ) ;
#7740 = FACE_OUTER_BOUND ( 'NONE', #5996, .T. ) ;
#7741 = DIRECTION ( 'NONE',  ( -1.000000000000000000, 0.000000000000000000, -0.000000000000000000 ) ) ;
#7742 = VERTEX_POINT ( 'NONE', #497 ) ;
#7743 = EDGE_CURVE ( 'NONE', #3534, #3400, #6628, .T. ) ;
#7744 = ORIENTED_EDGE ( 'NONE', *, *, #7513, .F. ) ;
#7745 = CARTESIAN_POINT ( 'NONE',  ( -0.3550000000000002598, -3.420504516109077908, 2.244999999999999662 ) ) ;
#7746 = CARTESIAN_POINT ( 'NONE',  ( 10.00999999999999979, 14.00999999999999801, -2.250000000000000888 ) ) ;
#7747 = DIRECTION ( 'NONE',  ( 0.000000000000000000, 0.000000000000000000, 1.000000000000000000 ) ) ;
#7748 = EDGE_CURVE ( 'NONE', #3035, #6726, #7989, .T. ) ;
#7749 = CARTESIAN_POINT ( 'NONE',  ( -1.624999999999999778, 1.935118803897821982, 0.2049999999999998213 ) ) ;
#7750 = MANIFOLD_SOLID_BREP ( 'Chamfer1', #6374 ) ;
#7751 = PLANE ( 'NONE',  #617 ) ;
#7752 = VERTEX_POINT ( 'NONE', #7392 ) ;
#7753 = ORIENTED_EDGE ( 'NONE', *, *, #7780, .F. ) ;
#7754 = LINE ( 'NONE', #265, #3095 ) ;
#7755 = VECTOR ( 'NONE', #3635, 1000.000000000000000 ) ;
#7756 = VERTEX_POINT ( 'NONE', #620 ) ;
#7757 = ORIENTED_EDGE ( 'NONE', *, *, #936, .T. ) ;
#7758 = FACE_OUTER_BOUND ( 'NONE', #1298, .T. ) ;
#7759 = DIRECTION ( 'NONE',  ( -1.000000000000000000, -0.000000000000000000, 0.000000000000000000 ) ) ;
#7760 = CARTESIAN_POINT ( 'NONE',  ( -3.655000000000000249, -3.809999999999997389, 6.915000000000000924 ) ) ;
#7761 = ORIENTED_EDGE ( 'NONE', *, *, #5214, .T. ) ;
#7762 = CARTESIAN_POINT ( 'NONE',  ( 0.3549999999999994271, 1.935118803897821982, -0.2049999999999997935 ) ) ;
#7763 = AXIS2_PLACEMENT_3D ( 'NONE', #2356, #1000, #7916 ) ;
#7764 = ORIENTED_EDGE ( 'NONE', *, *, #437, .F. ) ;
#7765 = MANIFOLD_SOLID_BREP ( 'LPattern1[13]', #4807 ) ;
#7766 = EDGE_LOOP ( 'NONE', ( #2033, #5503, #6906, #672, #6058, #5775, #7085, #7288, #2107, #1996, #3381, #7667 ) ) ;
#7767 = DIRECTION ( 'NONE',  ( 0.000000000000000000, 0.000000000000000000, 1.000000000000000000 ) ) ;
#7768 = ORIENTED_EDGE ( 'NONE', *, *, #1264, .F. ) ;
#7769 = ADVANCED_FACE ( 'NONE', ( #6820 ), #8143, .T. ) ;
#7770 = FACE_OUTER_BOUND ( 'NONE', #1654, .T. ) ;
#7771 = CIRCLE ( 'NONE', #2910, 0.6099999999999996536 ) ;
#7772 = VECTOR ( 'NONE', #5790, 1000.000000000000000 ) ;
#7773 = DIRECTION ( 'NONE',  ( 0.000000000000000000, 0.000000000000000000, 1.000000000000000000 ) ) ;
#7774 = LINE ( 'NONE', #3904, #4570 ) ;
#7775 = EDGE_CURVE ( 'NONE', #3400, #6090, #6904, .T. ) ;
#7776 = CARTESIAN_POINT ( 'NONE',  ( 6.705000000000000959, 0.000000000000000000, 6.915000000000001812 ) ) ;
#7777 = CARTESIAN_POINT ( 'NONE',  ( 0.000000000000000000, 3.200000000000002398, -2.250000000000000000 ) ) ;
#7778 = EDGE_CURVE ( 'NONE', #6564, #4660, #7096, .T. ) ;
#7779 = AXIS2_PLACEMENT_3D ( 'NONE', #1420, #7759, #6354 ) ;
#7780 = EDGE_CURVE ( 'NONE', #3734, #7364, #2388, .T. ) ;
#7781 = VERTEX_POINT ( 'NONE', #7066 ) ;
#7782 = ORIENTED_EDGE ( 'NONE', *, *, #6127, .F. ) ;
#7783 = MANIFOLD_SOLID_BREP ( 'LPattern1[5]', #4152 ) ;
#7784 = DIRECTION ( 'NONE',  ( -1.000000000000000000, -0.000000000000000000, -0.000000000000000000 ) ) ;
#7785 = PLANE ( 'NONE',  #6310 ) ;
#7786 = STYLED_ITEM ( 'NONE', ( #6400 ), #7633 ) ;
#7787 = CARTESIAN_POINT ( 'NONE',  ( 0.9150000000000009237, -3.260504516109076434, 6.915000000000001812 ) ) ;
#7788 = VECTOR ( 'NONE', #292, 1000.000000000000227 ) ;
#7789 = DIRECTION ( 'NONE',  ( 0.000000000000000000, 0.000000000000000000, 1.000000000000000000 ) ) ;
#7790 = DIRECTION ( 'NONE',  ( -0.1218693434051412727, 0.000000000000000000, 0.9925461516413227603 ) ) ;
#7791 = ORIENTED_EDGE ( 'NONE', *, *, #6189, .F. ) ;
#7792 = ORIENTED_EDGE ( 'NONE', *, *, #661, .F. ) ;
#7793 = FACE_OUTER_BOUND ( 'NONE', #1016, .T. ) ;
#7794 = DIRECTION ( 'NONE',  ( 1.000000000000000000, 0.000000000000000000, -0.000000000000000000 ) ) ;
#7795 = CARTESIAN_POINT ( 'NONE',  ( -0.3550000000000002598, 3.200000000000001954, -0.2049999999999996547 ) ) ;
#7796 = DIRECTION ( 'NONE',  ( -0.3420201433256701562, -0.9396926207859078728, -2.053031296573661856E-16 ) ) ;
#7797 = AXIS2_PLACEMENT_3D ( 'NONE', #1777, #3017, #1862 ) ;
#7798 = DIRECTION ( 'NONE',  ( 0.000000000000000000, 0.000000000000000000, 1.000000000000000000 ) ) ;
#7799 = CARTESIAN_POINT ( 'NONE',  ( -5.435000000000001386, 0.4879837830481246197, 2.001021621604571532 ) ) ;
#7800 = EDGE_CURVE ( 'NONE', #4187, #3654, #2599, .T. ) ;
#7801 = AXIS2_PLACEMENT_3D ( 'NONE', #5739, #6161, #6783 ) ;
#7802 = VERTEX_POINT ( 'NONE', #2676 ) ;
#7803 = VERTEX_POINT ( 'NONE', #4569 ) ;
#7804 = PLANE ( 'NONE',  #7339 ) ;
#7805 = CARTESIAN_POINT ( 'NONE',  ( 7.974999999999999645, 3.200000000000001954, 0.2050000000000003209 ) ) ;
#7806 = DIRECTION ( 'NONE',  ( 0.000000000000000000, 0.000000000000000000, 1.000000000000000000 ) ) ;
#7807 = VERTEX_POINT ( 'NONE', #5059 ) ;
#7808 = DIRECTION ( 'NONE',  ( 0.3420201433256687684, -0.9396926207859083169, 0.000000000000000000 ) ) ;
#7809 = CIRCLE ( 'NONE', #4787, 0.1999999999999996503 ) ;
#7810 = ADVANCED_FACE ( 'NONE', ( #5183 ), #2556, .F. ) ;
#7811 = ORIENTED_EDGE ( 'NONE', *, *, #7935, .T. ) ;
#7812 = MANIFOLD_SOLID_BREP ( 'LPattern1[11]', #7160 ) ;
#7813 = ORIENTED_EDGE ( 'NONE', *, *, #3937, .T. ) ;
#7814 = ORIENTED_EDGE ( 'NONE', *, *, #3249, .T. ) ;
#7815 = DIRECTION ( 'NONE',  ( 0.000000000000000000, 0.000000000000000000, -1.000000000000000000 ) ) ;
#7816 = AXIS2_PLACEMENT_3D ( 'NONE', #1281, #8111, #1856 ) ;
#7817 = CARTESIAN_POINT ( 'NONE',  ( -10.00999999999999979, 14.00999999999999801, -0.6999999999999998446 ) ) ;
#7818 = DIRECTION ( 'NONE',  ( -0.000000000000000000, 1.000000000000000000, 0.000000000000000000 ) ) ;
#7819 = FACE_OUTER_BOUND ( 'NONE', #5375, .T. ) ;
#7820 = CARTESIAN_POINT ( 'NONE',  ( -4.725000000000001421, -3.420504516109076132, 0.4049999999999996936 ) ) ;
#7821 = ADVANCED_FACE ( 'NONE', ( #3162 ), #2717, .F. ) ;
#7822 = ORIENTED_EDGE ( 'NONE', *, *, #7561, .T. ) ;
#7823 = ADVANCED_FACE ( 'NONE', ( #5138 ), #5664, .F. ) ;
#7824 = MANIFOLD_SOLID_BREP ( 'LPattern1[3]', #1651 ) ;
#7825 = LINE ( 'NONE', #2185, #5133 ) ;
#7826 = LINE ( 'NONE', #2269, #5140 ) ;
#7827 = ADVANCED_FACE ( 'NONE', ( #3369 ), #7645, .F. ) ;
#7828 = DIRECTION ( 'NONE',  ( -0.9396926207859084279, -0.3420201433256688794, 0.000000000000000000 ) ) ;
#7829 = LINE ( 'NONE', #7349, #7530 ) ;
#7830 = EDGE_LOOP ( 'NONE', ( #5191, #2939, #2336, #4344, #4467, #7814 ) ) ;
#7831 = VERTEX_POINT ( 'NONE', #1604 ) ;
#7832 = PLANE ( 'NONE',  #3464 ) ;
#7833 = CARTESIAN_POINT ( 'NONE',  ( 0.9150000000000009237, 0.1969615506024410823, 6.749729635533387118 ) ) ;
#7834 = CLOSED_SHELL ( 'NONE', ( #7657, #3341, #5800, #6273, #5405, #5899, #6353, #7709, #7438, #1910 ) ) ;
#7835 = LINE ( 'NONE', #4743, #4215 ) ;
#7836 = CIRCLE ( 'NONE', #4928, 0.2000000000000002054 ) ;
#7837 = EDGE_CURVE ( 'NONE', #5494, #2656, #4772, .T. ) ;
#7838 = CARTESIAN_POINT ( 'NONE',  ( -0.3550000000000002598, 3.200000000000001954, 0.2049999999999999600 ) ) ;
#7839 = DIRECTION ( 'NONE',  ( 0.000000000000000000, 1.000000000000000000, 1.092395136005547166E-16 ) ) ;
#7840 = DIRECTION ( 'NONE',  ( 0.000000000000000000, -0.1736481776669237254, 0.9848077530122092416 ) ) ;
#7841 = VECTOR ( 'NONE', #5537, 1000.000000000000000 ) ;
#7842 = ORIENTED_EDGE ( 'NONE', *, *, #253, .F. ) ;
#7843 = CARTESIAN_POINT ( 'NONE',  ( -1.624999999999999778, 0.1969615506024410823, 6.749729635533386229 ) ) ;
#7844 = VERTEX_POINT ( 'NONE', #4119 ) ;
#7845 = DIRECTION ( 'NONE',  ( -0.000000000000000000, 1.000000000000000000, 0.000000000000000000 ) ) ;
#7846 = CARTESIAN_POINT ( 'NONE',  ( 0.3549999999999994271, 3.200000000000001954, -0.2049999999999996547 ) ) ;
#7847 = AXIS2_PLACEMENT_3D ( 'NONE', #7256, #6683, #1631 ) ;
#7848 = CARTESIAN_POINT ( 'NONE',  ( -4.165000000000000036, 1.738157253295379956, 0.3702703644666151539 ) ) ;
#7849 = ORIENTED_EDGE ( 'NONE', *, *, #5046, .T. ) ;
#7850 = LINE ( 'NONE', #1050, #5853 ) ;
#7851 = AXIS2_PLACEMENT_3D ( 'NONE', #7964, #4143, #397 ) ;
#7852 = EDGE_LOOP ( 'NONE', ( #6555, #5154, #6129, #1396 ) ) ;
#7853 = MANIFOLD_SOLID_BREP ( 'LPattern1[1]', #4404 ) ;
#7854 = ORIENTED_EDGE ( 'NONE', *, *, #1082, .T. ) ;
#7855 = ORIENTED_EDGE ( 'NONE', *, *, #2339, .T. ) ;
#7856 = DIRECTION ( 'NONE',  ( 0.000000000000000000, 0.000000000000000000, 1.000000000000000000 ) ) ;
#7857 = AXIS2_PLACEMENT_3D ( 'NONE', #1610, #3574, #2963 ) ;
#7858 = EDGE_CURVE ( 'NONE', #20, #4021, #2181, .T. ) ;
#7859 = DIRECTION ( 'NONE',  ( -0.000000000000000000, 1.000000000000000000, 2.184790272011093839E-16 ) ) ;
#7860 = CARTESIAN_POINT ( 'NONE',  ( -10.00999999999999979, 14.00999999999999801, -2.250000000000000888 ) ) ;
#7861 = LINE ( 'NONE', #3408, #5071 ) ;
#7862 = FILL_AREA_STYLE_COLOUR ( '', #3170 ) ;
#7863 = ORIENTED_EDGE ( 'NONE', *, *, #6239, .F. ) ;
#7864 = AXIS2_PLACEMENT_3D ( 'NONE', #6851, #1218, #6225 ) ;
#7865 = ORIENTED_EDGE ( 'NONE', *, *, #3268, .T. ) ;
#7866 = DIRECTION ( 'NONE',  ( 1.000000000000000000, 0.000000000000000000, -0.000000000000000000 ) ) ;
#7867 = LINE ( 'NONE', #4079, #6048 ) ;
#7868 = CARTESIAN_POINT ( 'NONE',  ( -3.454999999999999627, 1.935118803897821982, -0.2050000000000000155 ) ) ;
#7869 = CARTESIAN_POINT ( 'NONE',  ( -9.457469475936957082, 13.64778554533645227, 2.249999999999998668 ) ) ;
#7870 = UNCERTAINTY_MEASURE_WITH_UNIT (LENGTH_MEASURE( 1.000000000000000082E-05 ), #4041, 'distance_accuracy_value', 'NONE');
#7871 = DIRECTION ( 'NONE',  ( -0.000000000000000000, -0.000000000000000000, 1.000000000000000000 ) ) ;
#7872 = VERTEX_POINT ( 'NONE', #2264 ) ;
#7873 = ORIENTED_EDGE ( 'NONE', *, *, #6908, .T. ) ;
#7874 = DIRECTION ( 'NONE',  ( -1.000000000000000000, -0.000000000000000000, -0.000000000000000000 ) ) ;
#7875 = CARTESIAN_POINT ( 'NONE',  ( -0.3550000000000002598, 1.775124120931223182, 0.2849929109493206658 ) ) ;
#7876 = ADVANCED_FACE ( 'NONE', ( #6573 ), #329, .F. ) ;
#7877 = CARTESIAN_POINT ( 'NONE',  ( -6.704999999999999183, 1.935118803897821982, 0.4049999999999998046 ) ) ;
#7878 = CARTESIAN_POINT ( 'NONE',  ( -5.994999999999998330, 3.200000000000001954, -0.2049999999999999878 ) ) ;
#7879 = DIRECTION ( 'NONE',  ( -1.000000000000000000, -0.000000000000000000, 0.000000000000000000 ) ) ;
#7880 = ADVANCED_FACE ( 'NONE', ( #5343 ), #1477, .T. ) ;
#7881 = CARTESIAN_POINT ( 'NONE',  ( 4.165000000000000924, 1.738157253295379956, 0.3702703644666155425 ) ) ;
#7882 = EDGE_CURVE ( 'NONE', #8053, #4832, #679, .T. ) ;
#7883 = EDGE_CURVE ( 'NONE', #7365, #4502, #5210, .T. ) ;
#7884 = ORIENTED_EDGE ( 'NONE', *, *, #6501, .T. ) ;
#7885 = LINE ( 'NONE', #355, #7676 ) ;
#7886 = ORIENTED_EDGE ( 'NONE', *, *, #4301, .F. ) ;
#7887 = LINE ( 'NONE', #4756, #4333 ) ;
#7888 = PLANE ( 'NONE',  #6119 ) ;
#7889 = VERTEX_POINT ( 'NONE', #6966 ) ;
#7890 = CARTESIAN_POINT ( 'NONE',  ( 2.184999999999999609, 1.447135020849696474, 0.03897837839542869776 ) ) ;
#7891 = VECTOR ( 'NONE', #2329, 1000.000000000000000 ) ;
#7892 = VERTEX_POINT ( 'NONE', #61 ) ;
#7893 = EDGE_LOOP ( 'NONE', ( #8046, #1755, #4842, #2890 ) ) ;
#7894 = EDGE_LOOP ( 'NONE', ( #5827, #7159, #921, #505 ) ) ;
#7895 = DIRECTION ( 'NONE',  ( -1.000000000000000000, -0.000000000000000000, -0.000000000000000000 ) ) ;
#7896 = CIRCLE ( 'NONE', #5389, 0.6099999999999985434 ) ;
#7897 = VECTOR ( 'NONE', #5759, 1000.000000000000000 ) ;
#7898 = CARTESIAN_POINT ( 'NONE',  ( 2.894999999999999130, 3.200000000000001954, 0.2050000000000000711 ) ) ;
#7899 = FACE_OUTER_BOUND ( 'NONE', #800, .T. ) ;
#7900 = EDGE_LOOP ( 'NONE', ( #2618, #5010, #729, #1221 ) ) ;
#7901 = CARTESIAN_POINT ( 'NONE',  ( -2.185000000000001386, 0.000000000000000000, 1.834999999999999964 ) ) ;
#7902 = ORIENTED_EDGE ( 'NONE', *, *, #3396, .T. ) ;
#7903 = EDGE_CURVE ( 'NONE', #4004, #2661, #2122, .T. ) ;
#7904 = VECTOR ( 'NONE', #7985, 1000.000000000000000 ) ;
#7905 = CARTESIAN_POINT ( 'NONE',  ( -2.185000000000001386, 3.200000000000001954, 0.2049999999999998490 ) ) ;
#7906 = DIRECTION ( 'NONE',  ( -1.000000000000000000, -0.000000000000000000, -0.000000000000000000 ) ) ;
#7907 = CARTESIAN_POINT ( 'NONE',  ( -4.165000000000000036, 1.334386074560374835, 0.2990746116231763896 ) ) ;
#7908 = LINE ( 'NONE', #1107, #3858 ) ;
#7909 = AXIS2_PLACEMENT_3D ( 'NONE', #7598, #7687, #2058 ) ;
#7910 = AXIS2_PLACEMENT_3D ( 'NONE', #7579, #6262, #1368 ) ;
#7911 = CARTESIAN_POINT ( 'NONE',  ( 0.000000000000000000, 18.03000000000000114, -2.250000000000001332 ) ) ;
#7912 = EDGE_LOOP ( 'NONE', ( #3908, #420, #4294, #7060 ) ) ;
#7913 = CARTESIAN_POINT ( 'NONE',  ( 5.434999999999998721, -3.969999999999997087, 2.245000000000000107 ) ) ;
#7914 = VECTOR ( 'NONE', #798, 999.9999999999998863 ) ;
#7915 = LINE ( 'NONE', #3512, #5979 ) ;
#7916 = DIRECTION ( 'NONE',  ( 0.000000000000000000, 0.000000000000000000, 1.000000000000000000 ) ) ;
#7917 = CARTESIAN_POINT ( 'NONE',  ( 2.894999999999999130, -3.420504516109076132, 2.244999999999999662 ) ) ;
#7918 = DIRECTION ( 'NONE',  ( 0.000000000000000000, -1.000000000000000000, -1.092395136005546919E-16 ) ) ;
#7919 = DIRECTION ( 'NONE',  ( -1.000000000000000000, -0.000000000000000000, 0.000000000000000000 ) ) ;
#7920 = EDGE_CURVE ( 'NONE', #5415, #7756, #189, .T. ) ;
#7921 = ORIENTED_EDGE ( 'NONE', *, *, #789, .F. ) ;
#7922 = CARTESIAN_POINT ( 'NONE',  ( 9.758905572953569418, 3.200000000000001954, -0.2049999999999992939 ) ) ;
#7923 = EDGE_CURVE ( 'NONE', #946, #7802, #2082, .T. ) ;
#7924 = ORIENTED_EDGE ( 'NONE', *, *, #7203, .T. ) ;
#7925 = PLANE ( 'NONE',  #5897 ) ;
#7926 = ADVANCED_FACE ( 'NONE', ( #7129 ), #4631, .F. ) ;
#7927 = FACE_OUTER_BOUND ( 'NONE', #3819, .T. ) ;
#7928 = EDGE_LOOP ( 'NONE', ( #1149, #1071, #7955, #3046 ) ) ;
#7929 = PLANE ( 'NONE',  #7302 ) ;
#7930 = AXIS2_PLACEMENT_3D ( 'NONE', #3831, #1364, #752 ) ;
#7931 = EDGE_LOOP ( 'NONE', ( #5666, #6392, #741, #473, #3725, #5765, #2128, #6686, #4257, #4421, #4585, #1951 ) ) ;
#7932 = ORIENTED_EDGE ( 'NONE', *, *, #176, .F. ) ;
#7933 = VERTEX_POINT ( 'NONE', #3272 ) ;
#7934 = DIRECTION ( 'NONE',  ( 1.000000000000000000, 0.000000000000000000, 0.000000000000000000 ) ) ;
#7935 = EDGE_CURVE ( 'NONE', #3371, #4763, #3974, .T. ) ;
#7936 = DIRECTION ( 'NONE',  ( -0.000000000000000000, 1.000000000000000000, 1.285735975631406781E-16 ) ) ;
#7937 = AXIS2_PLACEMENT_3D ( 'NONE', #2481, #665, #6287 ) ;
#7938 = CARTESIAN_POINT ( 'NONE',  ( -7.265000000000000568, 3.200000000000001954, -0.2049999999999999878 ) ) ;
#7939 = EDGE_LOOP ( 'NONE', ( #7593, #2908, #4596, #590 ) ) ;
#7940 = ORIENTED_EDGE ( 'NONE', *, *, #3646, .F. ) ;
#7941 = DIRECTION ( 'NONE',  ( -1.000000000000000000, -0.000000000000000000, -0.000000000000000000 ) ) ;
#7942 = PLANE ( 'NONE',  #803 ) ;
#7943 = CARTESIAN_POINT ( 'NONE',  ( -5.994999999999998330, 1.935118803897821982, 0.4049999999999998046 ) ) ;
#7944 = LINE ( 'NONE', #3502, #319 ) ;
#7945 = VECTOR ( 'NONE', #3609, 1000.000000000000114 ) ;
#7946 = PLANE ( 'NONE',  #5271 ) ;
#7947 = VERTEX_POINT ( 'NONE', #3846 ) ;
#7948 = DIRECTION ( 'NONE',  ( 0.3420201433256698231, -0.9396926207859079838, -1.026515648286830928E-16 ) ) ;
#7949 = CARTESIAN_POINT ( 'NONE',  ( 2.894999999999999130, 1.775124120931223182, 0.2849929109493207768 ) ) ;
#7950 = DIRECTION ( 'NONE',  ( -1.000000000000000000, -0.000000000000000000, 0.000000000000000000 ) ) ;
#7951 = CARTESIAN_POINT ( 'NONE',  ( -4.165000000000000036, 0.000000000000000000, 6.715000000000001634 ) ) ;
#7952 = ADVANCED_FACE ( 'NONE', ( #3314 ), #7008, .T. ) ;
#7953 = MANIFOLD_SOLID_BREP ( 'LPattern1[2]', #4676 ) ;
#7954 = CARTESIAN_POINT ( 'NONE',  ( -5.994999999999998330, 1.935118803897821982, 0.2049999999999995992 ) ) ;
#7955 = ORIENTED_EDGE ( 'NONE', *, *, #2644, .F. ) ;
#7956 = CARTESIAN_POINT ( 'NONE',  ( -6.704999999999999183, 0.000000000000000000, 6.915000000000000924 ) ) ;
#7957 = VECTOR ( 'NONE', #6162, 1000.000000000000000 ) ;
#7958 = ORIENTED_EDGE ( 'NONE', *, *, #501, .F. ) ;
#7959 = VECTOR ( 'NONE', #3335, 1000.000000000000000 ) ;
#7960 = CARTESIAN_POINT ( 'NONE',  ( 2.894999999999999130, 0.000000000000000000, 2.245000000000000107 ) ) ;
#7961 = ORIENTED_EDGE ( 'NONE', *, *, #7533, .T. ) ;
#7962 = CARTESIAN_POINT ( 'NONE',  ( 4.724999999999999645, 3.200000000000001954, -0.2049999999999994049 ) ) ;
#7963 = CARTESIAN_POINT ( 'NONE',  ( -2.185000000000001386, 0.1599946829665978842, 1.755007089050679037 ) ) ;
#7964 = CARTESIAN_POINT ( 'NONE',  ( -0.9149999999999991473, 0.000000000000000000, 6.715000000000001634 ) ) ;
#7965 = DIRECTION ( 'NONE',  ( -0.9396926207859079838, -0.3420201433256698786, 0.000000000000000000 ) ) ;
#7966 = CIRCLE ( 'NONE', #8096, 0.6099999999999996536 ) ;
#7967 = EDGE_CURVE ( 'NONE', #6218, #2868, #2621, .T. ) ;
#7968 = VERTEX_POINT ( 'NONE', #6394 ) ;
#7969 = VERTEX_POINT ( 'NONE', #2663 ) ;
#7970 = EDGE_CURVE ( 'NONE', #4194, #3983, #7104, .T. ) ;
#7971 = ORIENTED_EDGE ( 'NONE', *, *, #2639, .F. ) ;
#7972 = CARTESIAN_POINT ( 'NONE',  ( 1.625000000000001332, 3.200000000000001954, 0.2049999999999999600 ) ) ;
#7973 = VECTOR ( 'NONE', #6606, 1000.000000000000227 ) ;
#7974 = EDGE_CURVE ( 'NONE', #3693, #20, #7051, .T. ) ;
#7975 = CARTESIAN_POINT ( 'NONE',  ( -2.895000000000000906, 1.935118803897821982, 0.4049999999999998046 ) ) ;
#7976 = LINE ( 'NONE', #2344, #2821 ) ;
#7977 = VECTOR ( 'NONE', #2494, 1000.000000000000000 ) ;
#7978 = DIRECTION ( 'NONE',  ( 0.000000000000000000, -1.000000000000000000, -2.571471951262813563E-16 ) ) ;
#7979 = ADVANCED_FACE ( 'NONE', ( #3036 ), #4924, .T. ) ;
#7980 = ORIENTED_EDGE ( 'NONE', *, *, #5303, .F. ) ;
#7981 = EDGE_CURVE ( 'NONE', #7802, #7551, #153, .T. ) ;
#7982 = VECTOR ( 'NONE', #1106, 1000.000000000000114 ) ;
#7983 = MANIFOLD_SOLID_BREP ( 'Cut-Extrude3', #7834 ) ;
#7984 = CARTESIAN_POINT ( 'NONE',  ( 1.625000000000001332, 0.000000000000000000, 6.715000000000002522 ) ) ;
#7985 = DIRECTION ( 'NONE',  ( -0.000000000000000000, 1.000000000000000000, 1.285735975631406781E-16 ) ) ;
#7986 = DIRECTION ( 'NONE',  ( -0.000000000000000000, 0.1736481776669237531, -0.9848077530122092416 ) ) ;
#7987 = CARTESIAN_POINT ( 'NONE',  ( -3.655000000000000249, -3.809999999999997389, 7.325000000000000178 ) ) ;
#7988 = AXIS2_PLACEMENT_3D ( 'NONE', #113, #3989, #5180 ) ;
#7989 = LINE ( 'NONE', #4892, #283 ) ;
#7990 = ORIENTED_EDGE ( 'NONE', *, *, #5688, .F. ) ;
#7991 = DIRECTION ( 'NONE',  ( 0.000000000000000000, 0.000000000000000000, -1.000000000000000000 ) ) ;
#7992 = CARTESIAN_POINT ( 'NONE',  ( -4.725000000000001421, 0.4879837830481246197, 2.001021621604571532 ) ) ;
#7993 = LINE ( 'NONE', #4174, #5132 ) ;
#7994 = DIRECTION ( 'NONE',  ( 0.000000000000000000, -0.7999734148329924466, -0.6000354452533959160 ) ) ;
#7995 = PLANE ( 'NONE',  #6343 ) ;
#7996 = FACE_OUTER_BOUND ( 'NONE', #5167, .T. ) ;
#7997 = CARTESIAN_POINT ( 'NONE',  ( -2.185000000000001386, 3.200000000000001954, 0.2049999999999998490 ) ) ;
#7998 = ORIENTED_EDGE ( 'NONE', *, *, #1994, .T. ) ;
#7999 = ADVANCED_FACE ( 'NONE', ( #5051 ), #2591, .T. ) ;
#8000 = LINE ( 'NONE', #2940, #3865 ) ;
#8001 = ORIENTED_EDGE ( 'NONE', *, *, #7009, .F. ) ;
#8002 = DIRECTION ( 'NONE',  ( -0.000000000000000000, 1.000000000000000000, -0.000000000000000000 ) ) ;
#8003 = LINE ( 'NONE', #3020, #6448 ) ;
#8004 = DIRECTION ( 'NONE',  ( 0.000000000000000000, 1.000000000000000000, -4.011848926865882589E-17 ) ) ;
#8005 = CARTESIAN_POINT ( 'NONE',  ( -0.9149999999999991473, 1.738157253295379956, 0.3702703644666152649 ) ) ;
#8006 = VERTEX_POINT ( 'NONE', #2425 ) ;
#8007 = EDGE_LOOP ( 'NONE', ( #6140, #7468, #6887, #7067, #5620, #4409, #4755, #2173, #2212, #6649, #4255, #1006 ) ) ;
#8008 = ORIENTED_EDGE ( 'NONE', *, *, #5948, .F. ) ;
#8009 = CARTESIAN_POINT ( 'NONE',  ( 4.724999999999999645, 1.447135020849696696, 0.03897837839542870469 ) ) ;
#8010 = AXIS2_PLACEMENT_3D ( 'NONE', #5933, #7845, #3887 ) ;
#8011 = DIRECTION ( 'NONE',  ( -1.000000000000000000, -0.000000000000000000, -0.000000000000000000 ) ) ;
#8012 = DIRECTION ( 'NONE',  ( 0.000000000000000000, 1.000000000000000000, 1.285735975631406781E-16 ) ) ;
#8013 = CARTESIAN_POINT ( 'NONE',  ( 7.464999999999998970, -3.969999999999997087, 2.245000000000000107 ) ) ;
#8014 = EDGE_CURVE ( 'NONE', #1799, #187, #1304, .T. ) ;
#8015 = ORIENTED_EDGE ( 'NONE', *, *, #3840, .F. ) ;
#8016 = CIRCLE ( 'NONE', #3808, 0.1999999999999996503 ) ;
#8017 = EDGE_LOOP ( 'NONE', ( #6761, #840, #6605, #1265 ) ) ;
#8018 = EDGE_CURVE ( 'NONE', #498, #6202, #654, .T. ) ;
#8019 = FACE_OUTER_BOUND ( 'NONE', #6113, .T. ) ;
#8020 = DIRECTION ( 'NONE',  ( -1.000000000000000000, -0.000000000000000000, -0.000000000000000000 ) ) ;
#8021 = EDGE_CURVE ( 'NONE', #1162, #3338, #7427, .T. ) ;
#8022 = EDGE_CURVE ( 'NONE', #3654, #7478, #2469, .T. ) ;
#8023 = PRESENTATION_STYLE_ASSIGNMENT (( #5470 ) ) ;
#8024 = VECTOR ( 'NONE', #4665, 1000.000000000000000 ) ;
#8025 = ORIENTED_EDGE ( 'NONE', *, *, #1884, .F. ) ;
#8026 = CARTESIAN_POINT ( 'NONE',  ( -2.895000000000000906, 1.775124120931223182, 0.2849929109493204993 ) ) ;
#8027 = CARTESIAN_POINT ( 'NONE',  ( 1.625000000000001332, 1.334386074560374835, 0.2990746116231766671 ) ) ;
#8028 = SURFACE_STYLE_USAGE ( .BOTH. , #2519 ) ;
#8029 = VECTOR ( 'NONE', #5876, 1000.000000000000000 ) ;
#8030 = AXIS2_PLACEMENT_3D ( 'NONE', #250, #3253, #7027 ) ;
#8031 = CARTESIAN_POINT ( 'NONE',  ( 4.165000000000000924, 3.200000000000001954, -0.2049999999999995437 ) ) ;
#8032 = DIRECTION ( 'NONE',  ( 0.000000000000000000, -1.000000000000000000, -2.571471951262813563E-16 ) ) ;
#8033 = LINE ( 'NONE', #2525, #3884 ) ;
#8034 = CARTESIAN_POINT ( 'NONE',  ( 9.245000000000000995, 3.200000000000001954, 0.2050000000000003209 ) ) ;
#8035 = VECTOR ( 'NONE', #1999, 1000.000000000000114 ) ;
#8036 = CIRCLE ( 'NONE', #5660, 0.6099999999999985434 ) ;
#8037 = ORIENTED_EDGE ( 'NONE', *, *, #7239, .F. ) ;
#8038 = CARTESIAN_POINT ( 'NONE',  ( 0.3549999999999994271, -3.420504516109076132, 1.834999999999999742 ) ) ;
#8039 = ORIENTED_EDGE ( 'NONE', *, *, #1390, .F. ) ;
#8040 = DIRECTION ( 'NONE',  ( 1.000000000000000000, 0.000000000000000000, 0.000000000000000000 ) ) ;
#8041 = DIRECTION ( 'NONE',  ( 0.000000000000000000, 0.000000000000000000, -1.000000000000000000 ) ) ;
#8042 = VECTOR ( 'NONE', #4468, 1000.000000000000000 ) ;
#8043 = CARTESIAN_POINT ( 'NONE',  ( 7.264999999999999680, 0.000000000000000000, 1.635000000000000897 ) ) ;
#8044 = FACE_OUTER_BOUND ( 'NONE', #1331, .T. ) ;
#8045 = EDGE_CURVE ( 'NONE', #6283, #197, #5929, .T. ) ;
#8046 = ORIENTED_EDGE ( 'NONE', *, *, #6639, .F. ) ;
#8047 = VERTEX_POINT ( 'NONE', #1882 ) ;
#8048 = ORIENTED_EDGE ( 'NONE', *, *, #4347, .F. ) ;
#8049 = CARTESIAN_POINT ( 'NONE',  ( 0.1549999999999997491, -3.969999999999997087, 2.244999999999999662 ) ) ;
#8050 = DIRECTION ( 'NONE',  ( 0.000000000000000000, 0.1736481776669237254, -0.9848077530122092416 ) ) ;
#8051 = DIRECTION ( 'NONE',  ( 0.000000000000000000, 1.285735975631406781E-16, -1.000000000000000000 ) ) ;
#8052 = AXIS2_PLACEMENT_3D ( 'NONE', #8082, #550, #6834 ) ;
#8053 = VERTEX_POINT ( 'NONE', #3812 ) ;
#8054 = DIRECTION ( 'NONE',  ( -0.000000000000000000, 0.6000354452533958050, -0.7999734148329924466 ) ) ;
#8055 = ADVANCED_FACE ( 'NONE', ( #6231 ), #3201, .F. ) ;
#8056 = VERTEX_POINT ( 'NONE', #6314 ) ;
#8057 = EDGE_LOOP ( 'NONE', ( #770, #5685, #238, #2282 ) ) ;
#8058 =( NAMED_UNIT ( * ) PLANE_ANGLE_UNIT ( ) SI_UNIT ( $, .RADIAN. ) );
#8059 = EDGE_LOOP ( 'NONE', ( #5406, #2988, #6600, #3024, #5083, #5002 ) ) ;
#8060 = AXIS2_PLACEMENT_3D ( 'NONE', #4897, #2433, #6121 ) ;
#8061 = VECTOR ( 'NONE', #4527, 1000.000000000000000 ) ;
#8062 = CARTESIAN_POINT ( 'NONE',  ( -5.994999999999998330, 3.200000000000001954, 0.2049999999999996270 ) ) ;
#8063 = DIRECTION ( 'NONE',  ( 0.000000000000000000, 0.000000000000000000, -1.000000000000000000 ) ) ;
#8064 = EDGE_CURVE ( 'NONE', #6841, #4004, #3448, .T. ) ;
#8065 = ORIENTED_EDGE ( 'NONE', *, *, #7217, .T. ) ;
#8066 =( NAMED_UNIT ( * ) SI_UNIT ( $, .STERADIAN. ) SOLID_ANGLE_UNIT ( ) );
#8067 = ADVANCED_FACE ( 'NONE', ( #67 ), #8138, .T. ) ;
#8068 = ORIENTED_EDGE ( 'NONE', *, *, #1723, .T. ) ;
#8069 = AXIS2_PLACEMENT_3D ( 'NONE', #698, #2758, #1393 ) ;
#8070 = VERTEX_POINT ( 'NONE', #6773 ) ;
#8071 = EDGE_CURVE ( 'NONE', #6408, #7969, #152, .T. ) ;
#8072 = DIRECTION ( 'NONE',  ( 0.000000000000000000, 0.000000000000000000, 1.000000000000000000 ) ) ;
#8073 = PLANE ( 'NONE',  #2182 ) ;
#8074 = CARTESIAN_POINT ( 'NONE',  ( -7.265000000000000568, 3.200000000000001954, 0.2049999999999996270 ) ) ;
#8075 = LINE ( 'NONE', #8031, #6220 ) ;
#8076 = DIRECTION ( 'NONE',  ( 0.000000000000000000, 0.000000000000000000, 1.000000000000000000 ) ) ;
#8077 = ADVANCED_FACE ( 'NONE', ( #2752 ), #853, .T. ) ;
#8078 = AXIS2_PLACEMENT_3D ( 'NONE', #7509, #5499, #7382 ) ;
#8079 = DIRECTION ( 'NONE',  ( -1.000000000000000000, -0.000000000000000000, -0.000000000000000000 ) ) ;
#8080 = CARTESIAN_POINT ( 'NONE',  ( 7.974999999999999645, 0.4879837830481246197, 2.001021621604571976 ) ) ;
#8081 = ORIENTED_EDGE ( 'NONE', *, *, #982, .F. ) ;
#8082 = CARTESIAN_POINT ( 'NONE',  ( -3.454999999999999627, 3.200000000000001954, 0.2049999999999997380 ) ) ;
#8083 = EDGE_CURVE ( 'NONE', #3832, #3077, #7592, .T. ) ;
#8084 = ORIENTED_EDGE ( 'NONE', *, *, #4390, .F. ) ;
#8085 = DIRECTION ( 'NONE',  ( -0.9396926207859078728, 0.3420201433256702117, 0.000000000000000000 ) ) ;
#8086 = FACE_OUTER_BOUND ( 'NONE', #5001, .T. ) ;
#8087 = CARTESIAN_POINT ( 'NONE',  ( -7.265000000000000568, -3.969999999999997087, 1.834999999999999298 ) ) ;
#8088 = DIRECTION ( 'NONE',  ( -1.000000000000000000, -0.000000000000000000, -0.000000000000000000 ) ) ;
#8089 = VECTOR ( 'NONE', #6875, 1000.000000000000000 ) ;
#8090 = ORIENTED_EDGE ( 'NONE', *, *, #1111, .T. ) ;
#8091 = VERTEX_POINT ( 'NONE', #7726 ) ;
#8092 = ORIENTED_EDGE ( 'NONE', *, *, #2296, .F. ) ;
#8093 = FACE_OUTER_BOUND ( 'NONE', #4721, .T. ) ;
#8094 = AXIS2_PLACEMENT_3D ( 'NONE', #2603, #4982, #7479 ) ;
#8095 = VECTOR ( 'NONE', #1153, 1000.000000000000000 ) ;
#8096 = AXIS2_PLACEMENT_3D ( 'NONE', #4747, #1621, #5400 ) ;
#8097 = CARTESIAN_POINT ( 'NONE',  ( -7.974999999999999645, 1.447135020849696474, 0.03897837839542823285 ) ) ;
#8098 = CARTESIAN_POINT ( 'NONE',  ( 9.245000000000000995, 0.000000000000000000, 7.325000000000001066 ) ) ;
#8099 = DIRECTION ( 'NONE',  ( -1.000000000000000000, -0.000000000000000000, -0.000000000000000000 ) ) ;
#8100 = ORIENTED_EDGE ( 'NONE', *, *, #14, .T. ) ;
#8101 = VERTEX_POINT ( 'NONE', #2710 ) ;
#8102 = VECTOR ( 'NONE', #4921, 1000.000000000000000 ) ;
#8103 = VERTEX_POINT ( 'NONE', #5129 ) ;
#8104 = EDGE_CURVE ( 'NONE', #5879, #4957, #7137, .T. ) ;
#8105 = CARTESIAN_POINT ( 'NONE',  ( 4.165000000000000924, 1.935118803897821982, 0.4050000000000003042 ) ) ;
#8106 = CARTESIAN_POINT ( 'NONE',  ( -2.185000000000001386, -3.969999999999997087, 2.244999999999999662 ) ) ;
#8107 = VECTOR ( 'NONE', #1826, 999.9999999999998863 ) ;
#8108 = EDGE_LOOP ( 'NONE', ( #1571, #6274, #2267, #3476 ) ) ;
#8109 = ORIENTED_EDGE ( 'NONE', *, *, #2651, .T. ) ;
#8110 = DIRECTION ( 'NONE',  ( -1.000000000000000000, -0.000000000000000000, 0.000000000000000000 ) ) ;
#8111 = DIRECTION ( 'NONE',  ( -0.000000000000000000, 4.011848926865882589E-17, 1.000000000000000000 ) ) ;
#8112 = CARTESIAN_POINT ( 'NONE',  ( 4.165000000000000924, 0.1969615506024410823, 6.749729635533387118 ) ) ;
#8113 = CIRCLE ( 'NONE', #1020, 0.2000000000000002054 ) ;
#8114 = CARTESIAN_POINT ( 'NONE',  ( -10.00999999999999979, 3.451094427046427437, 2.249999999999999112 ) ) ;
#8115 = ORIENTED_EDGE ( 'NONE', *, *, #1583, .T. ) ;
#8116 = CARTESIAN_POINT ( 'NONE',  ( -2.185000000000001386, 1.935118803897821982, 0.2049999999999995437 ) ) ;
#8117 = CIRCLE ( 'NONE', #373, 0.2000000000000002054 ) ;
#8118 = ADVANCED_FACE ( 'NONE', ( #1511 ), #4561, .T. ) ;
#8119 = ORIENTED_EDGE ( 'NONE', *, *, #993, .F. ) ;
#8120 = CARTESIAN_POINT ( 'NONE',  ( -5.435000000000001386, -3.420504516109077908, 2.244999999999999662 ) ) ;
#8121 = VERTEX_POINT ( 'NONE', #196 ) ;
#8122 = CARTESIAN_POINT ( 'NONE',  ( -3.454999999999999627, 1.935118803897821982, 0.4049999999999999156 ) ) ;
#8123 = EDGE_CURVE ( 'NONE', #1237, #7611, #3402, .T. ) ;
#8124 = CARTESIAN_POINT ( 'NONE',  ( 8.734999999999999432, -3.809999999999997389, 6.915000000000001812 ) ) ;
#8125 = DIRECTION ( 'NONE',  ( 0.000000000000000000, 0.000000000000000000, 1.000000000000000000 ) ) ;
#8126 = ORIENTED_EDGE ( 'NONE', *, *, #581, .F. ) ;
#8127 = DIRECTION ( 'NONE',  ( -1.000000000000000000, -0.000000000000000000, -0.000000000000000000 ) ) ;
#8128 = EDGE_CURVE ( 'NONE', #4752, #2719, #2090, .T. ) ;
#8129 = EDGE_CURVE ( 'NONE', #3977, #7947, #3361, .T. ) ;
#8130 = ORIENTED_EDGE ( 'NONE', *, *, #5982, .F. ) ;
#8131 = VERTEX_POINT ( 'NONE', #3238 ) ;
#8132 = ORIENTED_EDGE ( 'NONE', *, *, #1184, .T. ) ;
#8133 = DIRECTION ( 'NONE',  ( -1.000000000000000000, -0.000000000000000000, -0.000000000000000000 ) ) ;
#8134 = DIRECTION ( 'NONE',  ( 0.000000000000000000, -0.9848077530122092416, -0.1736481776669237254 ) ) ;
#8135 = CARTESIAN_POINT ( 'NONE',  ( -0.9149999999999991473, 0.6007327293374460364, 6.820925388376824827 ) ) ;
#8136 = CARTESIAN_POINT ( 'NONE',  ( 1.625000000000001332, 0.000000000000000000, 6.715000000000002522 ) ) ;
#8137 = ORIENTED_EDGE ( 'NONE', *, *, #5887, .T. ) ;
#8138 = PLANE ( 'NONE',  #5791 ) ;
#8139 = ORIENTED_EDGE ( 'NONE', *, *, #4471, .T. ) ;
#8140 = DIRECTION ( 'NONE',  ( 0.000000000000000000, -1.000000000000000000, -1.092395136005546919E-16 ) ) ;
#8141 = LINE ( 'NONE', #3160, #1403 ) ;
#8142 = LINE ( 'NONE', #619, #6480 ) ;
#8143 = PLANE ( 'NONE',  #3295 ) ;
#8144 = EDGE_CURVE ( 'NONE', #5726, #3410, #7681, .T. ) ;
#8145 = VECTOR ( 'NONE', #8002, 1000.000000000000000 ) ;
#8146 = ORIENTED_EDGE ( 'NONE', *, *, #2085, .F. ) ;
#8147 = ORIENTED_EDGE ( 'NONE', *, *, #1333, .T. ) ;
#8148 = DIRECTION ( 'NONE',  ( 0.000000000000000000, 1.000000000000000000, -6.368294698886953826E-17 ) ) ;
#8149 = SURFACE_STYLE_USAGE ( .BOTH. , #583 ) ;
#8150 = CARTESIAN_POINT ( 'NONE',  ( 9.245000000000000995, 0.000000000000000000, 6.915000000000001812 ) ) ;
#8151 = DIRECTION ( 'NONE',  ( 1.000000000000000000, 0.000000000000000000, -0.000000000000000000 ) ) ;
ENDSEC;
END-ISO-10303-21;
